{
"type": "FeatureCollection",
"name": "APP_30metros",
"crs": { "type": "name", "properties": { "name": "urn:ogc:def:crs:EPSG::31982" } },
"features": [
{ "type": "Feature", "properties": { "id": 1, "APP 30m": "app", "AREA hec": 130.49273409213649, "AREA m²": 1304927.340921365 }, "geometry": { "type": "MultiPolygon", "coordinates": [ [ [ [ 359298.538073420815635, 6877596.277346023358405 ], [ 359291.983044951863121, 6877592.531615470536053 ], [ 359286.839433132787235, 6877590.204245642758906 ], [ 359271.310591087269131, 6877584.873449119739234 ], [ 359265.179975783277769, 6877583.466099751181901 ], [ 359249.882907499675639, 6877581.611909655854106 ], [ 359240.512618280539755, 6877581.952143471688032 ], [ 359229.851025234383997, 6877584.038107329048216 ], [ 359220.727205277304165, 6877587.432592710480094 ], [ 359207.747874612396117, 6877594.849353089928627 ], [ 359205.675099553191103, 6877596.148676184006035 ], [ 359193.159316411998589, 6877604.724305373616517 ], [ 359185.017257730243728, 6877613.039379535242915 ], [ 359173.549475336563773, 6877630.554848161526024 ], [ 359165.622145841713063, 6877642.106099711731076 ], [ 359161.996356972667854, 6877649.301654119044542 ], [ 359158.534230074554216, 6877659.34182212408632 ], [ 359154.591581292101182, 6877658.798008498735726 ], [ 359147.036428293155041, 6877658.716376451775432 ], [ 359139.700491348397918, 6877660.52497529424727 ], [ 359120.463269112922717, 6877667.941735673695803 ], [ 359109.140612937626429, 6877675.661663900129497 ], [ 359106.591101557016373, 6877678.442949042655528 ], [ 359101.131374862627126, 6877686.897108940407634 ], [ 359097.654768434527796, 6877695.009190605953336 ], [ 359095.561028748983517, 6877702.376555975526571 ], [ 359094.170386177720502, 6877711.647506451234221 ], [ 359094.003313176159281, 6877719.238263574428856 ], [ 359095.393955747422297, 6877732.44936800096184 ], [ 359096.814439091307577, 6877738.932022823952138 ], [ 359128.683331348816864, 6877833.032170143909752 ], [ 359133.629291372606531, 6877842.096378540620208 ], [ 359141.355574889457785, 6877848.946702433750033 ], [ 359149.815317197877448, 6877854.161612076684833 ], [ 359157.788312723336276, 6877857.60035091266036 ], [ 359166.412159364088438, 6877858.611712148413062 ], [ 359174.964431906293612, 6877857.110973398201168 ], [ 359182.728700944513548, 6877853.223852518945932 ], [ 359189.054548636719119, 6877847.275976140983403 ], [ 359193.412054627959151, 6877839.765601717866957 ], [ 359195.961566008569207, 6877833.391823265701532 ], [ 359197.941337496624328, 6877825.400997304357588 ], [ 359197.674510705866851, 6877817.172899216413498 ], [ 359195.704433729930315, 6877805.700098004192114 ], [ 359195.287216400553007, 6877803.686754389666021 ], [ 359193.201252543658484, 6877795.11112520005554 ], [ 359191.882056783942971, 6877791.001459561288357 ], [ 359188.568595485470723, 6877782.768010273575783 ], [ 359186.528121434792411, 6877775.966430105268955 ], [ 359186.448271097266115, 6877775.70460819453001 ], [ 359175.248975603783038, 6877739.574707080610096 ], [ 359181.960711694962811, 6877738.603771849535406 ], [ 359194.476494836097118, 6877734.895391659811139 ], [ 359201.597345228947233, 6877731.729903288185596 ], [ 359205.769272942678072, 6877729.180391907691956 ], [ 359214.368895096238703, 6877721.253128552809358 ], [ 359241.605419273721054, 6877683.887318523600698 ], [ 359252.104752971383277, 6877671.946899808943272 ], [ 359259.199677550233901, 6877664.529478657990694 ], [ 359262.645102354348637, 6877662.409217240288854 ], [ 359265.305641629209276, 6877663.175130061805248 ], [ 359271.272026425867807, 6877668.252904357388616 ], [ 359271.391512939881068, 6877668.354058612138033 ], [ 359280.198915891058277, 6877675.770818991586566 ], [ 359281.391393823025282, 6877676.724221174605191 ], [ 359288.112832917307969, 6877681.823243935592473 ], [ 359291.878863437508699, 6877684.259372995235026 ], [ 359299.527397579338867, 6877688.431300709024072 ], [ 359307.843373879150022, 6877691.478144819848239 ], [ 359315.723681782837957, 6877693.100561153143644 ], [ 359326.169729237095453, 6877693.392953725531697 ], [ 359338.685512378287967, 6877691.538763630203903 ], [ 359351.02898023603484, 6877686.757936839945614 ], [ 359364.471858424658421, 6877677.718760127201676 ], [ 359370.445182672061492, 6877672.422161226160824 ], [ 359374.810041169577744, 6877665.737658793106675 ], [ 359381.995027787634172, 6877650.672364271245897 ], [ 359384.91691735148197, 6877637.758188525214791 ], [ 359384.91691735148197, 6877618.984513813629746 ], [ 359384.914387733850162, 6877618.594936275854707 ], [ 359384.536659394507296, 6877589.509854147210717 ], [ 359392.460377844865434, 6877571.798012904822826 ], [ 359404.209179057041183, 6877555.187638777308166 ], [ 359404.678218702145386, 6877554.504703044891357 ], [ 359413.949169177038129, 6877540.598277332261205 ], [ 359415.944685826194473, 6877537.122330401092768 ], [ 359425.679183824919164, 6877517.189786880277097 ], [ 359428.458995365945157, 6877507.9896395271644 ], [ 359430.313185460923705, 6877494.083213814534247 ], [ 359430.105663877329789, 6877484.824954516254365 ], [ 359427.084378133877181, 6877476.07108320761472 ], [ 359421.537217923090793, 6877468.655731291510165 ], [ 359413.992756304098293, 6877463.285486481152475 ], [ 359404.721805829089135, 6877458.650011244229972 ], [ 359401.195882950909436, 6877457.160074518062174 ], [ 359399.778965350997169, 6877456.665277895517647 ], [ 359403.956102037860546, 6877455.217993119731545 ], [ 359410.650041772867553, 6877450.581105761229992 ], [ 359416.212612057861406, 6877445.48208300024271 ], [ 359417.786872984666843, 6877443.928399762138724 ], [ 359425.203633364581037, 6877436.048091857694089 ], [ 359430.304797650198452, 6877428.672383110038936 ], [ 359432.997994595323689, 6877420.118457296863198 ], [ 359435.315732214075979, 6877405.28493653703481 ], [ 359435.616948556038551, 6877398.782281544059515 ], [ 359434.689853508549277, 6877383.948760784231126 ], [ 359434.340093868959229, 6877380.888139749877155 ], [ 359431.250526381016243, 6877362.350734822452068 ], [ 359429.492696551140398, 6877345.211893981322646 ], [ 359429.402589391858783, 6877344.433619816787541 ], [ 359427.730900019872934, 6877331.47802718449384 ], [ 359427.314862983417697, 6877318.996916091069579 ], [ 359426.534030824026559, 6877313.12518098577857 ], [ 359424.67984072904801, 6877305.244873082265258 ], [ 359418.760745683102868, 6877293.198274342343211 ], [ 359412.734627874393482, 6877285.781513961963356 ], [ 359406.84868320991518, 6877280.259001147933304 ], [ 359399.703499762399588, 6877276.505490008741617 ], [ 359389.505454240017571, 6877272.797109819017351 ], [ 359379.253162348002661, 6877270.990912524051964 ], [ 359368.91450249630725, 6877270.990912524051964 ], [ 359355.545162366935983, 6877268.618932824581861 ], [ 359354.762665726884734, 6877267.422173256985843 ], [ 359354.319343055773061, 6877266.76335478015244 ], [ 359354.18028033839073, 6877266.562486411072314 ], [ 359355.03800223802682, 6877261.630585487931967 ], [ 359355.298161633661948, 6877253.177404463291168 ], [ 359354.554554545960855, 6877246.484940674155951 ], [ 359354.554554545960855, 6877241.193281961604953 ], [ 359354.22264513198752, 6877236.743068373762071 ], [ 359352.832002560724504, 6877227.472117898985744 ], [ 359352.069449263683055, 6877223.893015573732555 ], [ 359349.911741772550158, 6877216.125268605537713 ], [ 359348.486970282625407, 6877210.069989773444831 ], [ 359347.023827087017708, 6877200.120616042986512 ], [ 359354.746159240836278, 6877197.546505324542522 ], [ 359361.523991743568331, 6877195.609981752932072 ], [ 359366.997783966595307, 6877194.966006197035313 ], [ 359368.76626569457585, 6877194.704315332695842 ], [ 359381.745596359483898, 6877192.386577714234591 ], [ 359385.958710187056568, 6877191.3142493898049 ], [ 359395.693208185723051, 6877188.06941672321409 ], [ 359403.643521016871091, 6877184.020921917632222 ], [ 359410.133186349296011, 6877179.385446679778397 ], [ 359415.860377508390229, 6877174.036849707365036 ], [ 359420.007034860318527, 6877167.387530873529613 ], [ 359422.324772479070816, 6877162.288508112542331 ], [ 359423.474277096975129, 6877159.361252763308585 ], [ 359425.792014715727419, 6877152.408039906993508 ], [ 359427.43257827416528, 6877147.486349231563509 ], [ 359428.555014636425767, 6877146.962545596063137 ], [ 359457.592693861282896, 6877146.962545596063137 ], [ 359461.719745000649709, 6877146.677313791587949 ], [ 359478.407455855514854, 6877144.359576172195375 ], [ 359486.049874263815582, 6877142.239727555774152 ], [ 359492.869733373692725, 6877138.191290942952037 ], [ 359501.677136324869934, 6877131.238078086636961 ], [ 359507.732928440906107, 6877124.797676554881036 ], [ 359511.648664505803026, 6877116.871870532631874 ], [ 359515.820592219533864, 6877103.89253986813128 ], [ 359517.241619546548463, 6877093.669852882623672 ], [ 359515.114036107785068, 6877083.570544165559113 ], [ 359510.478560870338697, 6877071.981856071390212 ], [ 359504.363033833215013, 6877062.449299627915025 ], [ 359495.149265289888717, 6877055.863271042704582 ], [ 359477.998006911249831, 6877047.98296313919127 ], [ 359475.286318681610283, 6877046.893686255440116 ], [ 359464.087753197003622, 6877043.017259741201997 ], [ 359440.35407753783511, 6877033.165545317344368 ], [ 359437.094381226052064, 6877032.027576792985201 ], [ 359427.359883227385581, 6877029.24629165045917 ], [ 359424.745000429917127, 6877028.880064385011792 ], [ 359424.559026560804341, 6877023.114874442107975 ], [ 359424.777046945004258, 6877011.12375330273062 ], [ 359422.790729636559263, 6877000.279727946035564 ], [ 359428.18586900329683, 6876997.389474714174867 ], [ 359433.224758619850036, 6876993.991713999770582 ], [ 359438.787328904843889, 6876989.356238761916757 ], [ 359445.495163941057399, 6876981.425731140188873 ], [ 359447.117580274178181, 6876978.644445997662842 ], [ 359447.751759917824529, 6876977.500708218663931 ], [ 359450.069497536518611, 6876973.097006743773818 ], [ 359452.15635020728223, 6876968.072863549925387 ], [ 359453.315219016687479, 6876964.364483359269798 ], [ 359454.098239945888054, 6876961.299717620946467 ], [ 359455.257108755235095, 6876955.505373574793339 ], [ 359455.839688484615181, 6876949.621889520436525 ], [ 359455.839688484615181, 6876942.20512914005667 ], [ 359455.173760906676762, 6876935.919256476685405 ], [ 359454.478439621045254, 6876932.674423811025918 ], [ 359449.865624926402234, 6876921.964431789703667 ], [ 359447.316113545792177, 6876918.256051599048078 ], [ 359442.443504929775372, 6876912.756780621595681 ], [ 359438.503350977960508, 6876909.280174193903804 ], [ 359434.674491608398966, 6876906.410642765462399 ], [ 359430.270790132810362, 6876903.629357622936368 ], [ 359426.665088718757033, 6876901.683030389249325 ], [ 359421.566065957536921, 6876899.365292770788074 ], [ 359413.562969795137178, 6876897.002339798957109 ], [ 359403.480154279561248, 6876895.503542898222804 ], [ 359396.276742062298581, 6876891.613897345028818 ], [ 359390.482398015505169, 6876889.759707250632346 ], [ 359381.339126204955392, 6876888.332431667484343 ], [ 359376.471877205593046, 6876888.332431667484343 ], [ 359373.486765638866927, 6876888.481315961107612 ], [ 359368.851290401420556, 6876888.944863484241068 ], [ 359358.419994100579061, 6876891.963163461536169 ], [ 359355.586369738855865, 6876893.379975643008947 ], [ 359352.548216703289654, 6876894.53736727591604 ], [ 359347.736815355310682, 6876896.202852357178926 ], [ 359343.995656562037766, 6876897.271754869259894 ], [ 359339.000405009428505, 6876898.574863970279694 ], [ 359336.039358676178381, 6876899.513506814837456 ], [ 359333.638698533002753, 6876900.413754368200898 ], [ 359333.114278254157398, 6876900.189002820290625 ], [ 359329.421761303732637, 6876898.307909279130399 ], [ 359326.119543464388698, 6876896.106430720537901 ], [ 359322.895220649545081, 6876893.189186268486083 ], [ 359322.805113183159847, 6876893.107991131022573 ], [ 359320.449982957739849, 6876890.99441272392869 ], [ 359316.870233558991458, 6876886.247353738173842 ], [ 359313.710697538452223, 6876882.685127125121653 ], [ 359312.447688059532084, 6876881.470694934017956 ], [ 359310.891645818017423, 6876879.395971945486963 ], [ 359306.976166027016006, 6876873.572950717993081 ], [ 359304.522590258449782, 6876869.756277299486101 ], [ 359302.378758928971365, 6876865.91216595005244 ], [ 359302.271433245041408, 6876865.661739354021847 ], [ 359302.265628122433554, 6876865.496293360367417 ], [ 359303.726086315873545, 6876865.934430818073452 ], [ 359307.510477261035703, 6876867.081215952523053 ], [ 359313.994548551563639, 6876868.288516452535987 ], [ 359317.123494336847216, 6876868.520290214568377 ], [ 359323.582285593845882, 6876868.300742390565574 ], [ 359326.015910093497951, 6876867.95308174751699 ], [ 359330.721519196638837, 6876866.888996279798448 ], [ 359334.429899386595935, 6876865.730127470567822 ], [ 359334.716258155473042, 6876865.639063686132431 ], [ 359342.596566059219185, 6876863.08955230563879 ], [ 359344.191780574154109, 6876862.523259696550667 ], [ 359347.327384398609865, 6876861.309477570466697 ], [ 359349.182701172772795, 6876860.660116699524224 ], [ 359354.495342865702696, 6876858.195005632005632 ], [ 359364.925162150000688, 6876852.053000943735242 ], [ 359374.773172100191005, 6876842.677697922103107 ], [ 359377.438570361759048, 6876838.621657089330256 ], [ 359380.974885925010312, 6876831.1802615262568 ], [ 359382.36552849621512, 6876826.776560050435364 ], [ 359383.574560582230333, 6876821.055564795620739 ], [ 359384.038108106004074, 6876816.883637081831694 ], [ 359383.639016336295754, 6876807.687207244336605 ], [ 359383.175468812522013, 6876805.369469625875354 ], [ 359380.427285234676674, 6876797.514255990274251 ], [ 359378.457208258798346, 6876793.689988919533789 ], [ 359374.64615110156592, 6876787.999234010465443 ], [ 359372.676074125629384, 6876785.681496391072869 ], [ 359365.416302998259198, 6876779.484992323443294 ], [ 359365.216478667163756, 6876779.363360121846199 ], [ 359367.971482323191594, 6876775.415912608616054 ], [ 359369.478011775354389, 6876772.808457788079977 ], [ 359373.44031623081537, 6876759.723873249255121 ], [ 359374.367411278362852, 6876745.295956572517753 ], [ 359374.422909180750139, 6876742.760095733217895 ], [ 359374.307022299792152, 6876737.081638567149639 ], [ 359374.296614955237601, 6876736.694311100058258 ], [ 359374.064841193379834, 6876729.741098244674504 ], [ 359373.732644913543481, 6876726.178827623836696 ], [ 359373.26909738976974, 6876723.165768719278276 ], [ 359372.657853405398782, 6876720.198619483970106 ], [ 359371.035437072278, 6876713.940727912820876 ], [ 359369.569881027156953, 6876709.652013717219234 ], [ 359367.136256527504884, 6876703.9735565520823 ], [ 359365.898772816755809, 6876701.42557159345597 ], [ 359365.062165348848794, 6876699.891791234724224 ], [ 359358.351337321451865, 6876684.954786916263402 ], [ 359357.058218379155733, 6876682.408282992430031 ], [ 359353.060843470448162, 6876675.385867612436414 ], [ 359350.08626512135379, 6876669.649180795997381 ], [ 359348.415138006792404, 6876666.817689840681851 ], [ 359345.17030534055084, 6876661.950440841726959 ], [ 359343.947346553963143, 6876660.24802169855684 ], [ 359340.007192602090072, 6876655.148998936638236 ], [ 359338.413679849123582, 6876653.253913068212569 ], [ 359335.244772444246337, 6876649.786485400050879 ], [ 359350.483219768851995, 6876651.310330132953823 ], [ 359362.243461597478017, 6876650.147140266373754 ], [ 359372.093846477102488, 6876647.134081361815333 ], [ 359373.378456184873357, 6876646.709234474226832 ], [ 359378.493832350242883, 6876644.888507364317775 ], [ 359384.474633564183023, 6876643.549522018060088 ], [ 359385.469478771206923, 6876643.308903011493385 ], [ 359397.058166864851955, 6876640.295844106934965 ], [ 359397.900442126847338, 6876640.063707653433084 ], [ 359412.618076005775947, 6876635.775893059559166 ], [ 359413.81272548227571, 6876635.400625525042415 ], [ 359423.778997242858168, 6876632.039905978366733 ], [ 359426.826396145334002, 6876630.822903795167804 ], [ 359433.316061477758922, 6876627.809844890609384 ], [ 359441.345206141413655, 6876622.349558865651488 ], [ 359445.980681378860027, 6876617.945857389830053 ], [ 359451.732330517552327, 6876610.418869075365365 ], [ 359454.165955017262604, 6876605.899280719459057 ], [ 359457.169242291362025, 6876597.559770080260932 ], [ 359458.443997981667053, 6876591.185991628095508 ], [ 359458.700525006628595, 6876580.89151540864259 ], [ 359458.180394526920281, 6876577.392455818131566 ], [ 359463.950251654081512, 6876574.222204648889601 ], [ 359481.154667522874661, 6876567.937956936657429 ], [ 359484.531874996551778, 6876566.463409746997058 ], [ 359492.886932473629713, 6876562.186416038312018 ], [ 359508.477446859935299, 6876556.141114541329443 ], [ 359512.933906740683597, 6876553.974146144464612 ], [ 359522.900178501266055, 6876548.063915217295289 ], [ 359524.674182350572664, 6876546.925810094922781 ], [ 359532.206829611444846, 6876541.710900452919304 ], [ 359533.548748652334325, 6876540.725701224990189 ], [ 359538.763658294454217, 6876536.669660392217338 ], [ 359543.721843398117926, 6876531.791853215545416 ], [ 359546.193756571563426, 6876528.718663864769042 ], [ 359551.396143040910829, 6876524.329150280915201 ], [ 359551.573756066558417, 6876524.178103848360479 ], [ 359558.177025290031452, 6876518.51815879996866 ], [ 359562.195498729066458, 6876515.479800833389163 ], [ 359564.119700127805118, 6876513.895080968737602 ], [ 359580.80741098272847, 6876498.945673328824341 ], [ 359584.90837751107756, 6876494.441633440554142 ], [ 359591.086673993093427, 6876486.089491900056601 ], [ 359597.032239859865513, 6876478.200183345936239 ], [ 359598.30932497739559, 6876476.367403902113438 ], [ 359600.395288834231906, 6876473.122571235522628 ], [ 359602.631029448471963, 6876468.955503839068115 ], [ 359608.431701270746998, 6876455.737579523585737 ], [ 359611.920291972986888, 6876450.883888111449778 ], [ 359612.565983198932372, 6876449.948651839978993 ], [ 359618.991924031288363, 6876440.253372688777745 ], [ 359621.703654037497472, 6876436.348481480963528 ], [ 359622.297909331100527, 6876435.459334932267666 ], [ 359627.306061896728352, 6876427.668875385075808 ], [ 359633.233179912960622, 6876418.945946983993053 ], [ 359633.437435572501272, 6876418.641355840489268 ], [ 359638.207555890374351, 6876411.433174027130008 ], [ 359641.953257473011035, 6876406.384619719348848 ], [ 359647.858409145846963, 6876400.193734901025891 ], [ 359650.040058269863948, 6876397.633284387178719 ], [ 359664.874128633877262, 6876378.103537074290216 ], [ 359676.393939049565233, 6876366.684777627699077 ], [ 359686.127542106376495, 6876357.383779151365161 ], [ 359693.720792440348305, 6876350.766803859733045 ], [ 359695.224647445313167, 6876349.362722214311361 ], [ 359701.018991492164787, 6876343.568378168158233 ], [ 359702.039463497698307, 6876342.496268953196704 ], [ 359710.962753329775296, 6876332.645884073339403 ], [ 359711.235342175583355, 6876332.340819391421974 ], [ 359717.261459984292742, 6876325.503493416123092 ], [ 359719.451579277112614, 6876322.699452549219131 ], [ 359721.769316895864904, 6876319.338733001612127 ], [ 359723.712765595584642, 6876316.102371758781374 ], [ 359727.073485142725985, 6876309.612706426531076 ], [ 359727.266468594956677, 6876309.233486860990524 ], [ 359728.622914377017878, 6876306.520595296286047 ], [ 359729.22939132573083, 6876306.180968204513192 ], [ 359731.126010465726722, 6876305.633056009188294 ], [ 359739.275157484982628, 6876301.882794913835824 ], [ 359743.331198317755479, 6876299.217396652325988 ], [ 359746.983261437679175, 6876296.392305634915829 ], [ 359750.49311360908905, 6876293.216725098900497 ], [ 359755.917597864172421, 6876289.396665764041245 ], [ 359765.534100383287296, 6876284.054164364933968 ], [ 359772.667660923791118, 6876282.345082151703537 ], [ 359776.211670079734176, 6876281.26058213878423 ], [ 359779.920050269691274, 6876279.869939567521214 ], [ 359780.019153909699526, 6876279.832576029002666 ], [ 359794.389127145928796, 6876274.3858926249668 ], [ 359802.177914501575287, 6876270.011321319267154 ], [ 359808.33327787386952, 6876263.53725116699934 ], [ 359818.067775872477796, 6876249.630825454369187 ], [ 359822.102954916423187, 6876241.446136670187116 ], [ 359823.490818256686907, 6876232.426955123431981 ], [ 359823.490818256686907, 6876216.6758305253461 ], [ 359823.756575394363608, 6876212.423716322518885 ], [ 359825.09380321536446, 6876206.183319824747741 ], [ 359831.051433346816339, 6876195.757467094808817 ], [ 359831.904630689474288, 6876194.989589486271143 ], [ 359842.810759974177927, 6876187.345106342807412 ], [ 359844.797016265743878, 6876185.825578069314361 ], [ 359851.054907836311031, 6876180.610668427310884 ], [ 359853.444704710505903, 6876178.388097155839205 ], [ 359856.573650495789479, 6876175.143264489248395 ], [ 359859.887211237451993, 6876171.038862997666001 ], [ 359865.565668403403834, 6876162.579120689071715 ], [ 359869.565104244975373, 6876153.878726841881871 ], [ 359870.619348964188248, 6876144.361326554790139 ], [ 359870.271688321256079, 6876137.408113699406385 ], [ 359868.540029533731285, 6876130.146369034424424 ], [ 359874.095108091365546, 6876128.500419831834733 ], [ 359878.586926759860944, 6876126.766526545397937 ], [ 359884.844818330428097, 6876123.75346764177084 ], [ 359886.287912264524493, 6876123.00989480689168 ], [ 359895.558862739417236, 6876117.910872044973075 ], [ 359896.027934638375882, 6876117.636931766755879 ], [ 359896.219535412965342, 6876118.020133315585554 ], [ 359901.474225826968905, 6876125.44561854749918 ], [ 359908.71289544965839, 6876130.954816708341241 ], [ 359917.269992023066152, 6876134.041190067306161 ], [ 359929.555080214806367, 6876136.454332390800118 ], [ 359943.006237646040972, 6876139.761994053609669 ], [ 359949.715387993725017, 6876140.626400326378644 ], [ 359964.993833571439609, 6876140.857891926541924 ], [ 359979.113411833299324, 6876141.089360422454774 ], [ 359979.605149040813558, 6876141.093390784226358 ], [ 359997.451728705083951, 6876141.093390784226358 ], [ 359998.468094075738918, 6876141.076169198378921 ], [ 360012.142746026278473, 6876140.612621674314141 ], [ 360016.232587549253367, 6876140.19209370110184 ], [ 360041.244483204791322, 6876135.871857179328799 ], [ 360058.301960381737445, 6876133.496765420772135 ], [ 360068.192103188543115, 6876132.636753002181649 ], [ 360070.733449936786201, 6876132.305888001807034 ], [ 360081.395042982941959, 6876130.451697907410562 ], [ 360084.596550037851557, 6876129.71227319445461 ], [ 360093.403952989028767, 6876127.162761813960969 ], [ 360098.800908385659568, 6876125.015070573426783 ], [ 360106.288790306774899, 6876121.157676856033504 ], [ 360112.616818030539434, 6876117.993662994354963 ], [ 360114.231498283217661, 6876117.123635828495026 ], [ 360116.39942416199483, 6876115.868520845659077 ], [ 360117.157353033020627, 6876115.589283893816173 ], [ 360118.858126130478922, 6876115.125436685048044 ], [ 360124.620765665895306, 6876114.439408169128001 ], [ 360130.685328122810461, 6876114.439408169128001 ], [ 360137.138957254472189, 6876114.654529140330851 ], [ 360141.621577850135509, 6876114.466624854132533 ], [ 360142.717079461901449, 6876118.666047698818147 ], [ 360142.928669701213948, 6876119.435133079998195 ], [ 360144.756418866396416, 6876125.74917565099895 ], [ 360146.327838913246524, 6876140.088383578695357 ], [ 360148.40895615471527, 6876148.2427725084126 ], [ 360151.653788820956834, 6876156.123080412857234 ], [ 360154.029464684950653, 6876160.720375998876989 ], [ 360159.592034969886299, 6876169.527778949588537 ], [ 360163.277446346182842, 6876174.244668586179614 ], [ 360168.376469107402954, 6876179.575465109199286 ], [ 360171.712299789709505, 6876182.577335772104561 ], [ 360176.811322550929617, 6876186.517489723861217 ], [ 360186.589051226677839, 6876191.530093501321971 ], [ 360197.515822143992409, 6876192.685884141363204 ], [ 360206.323225095169619, 6876191.990562856197357 ], [ 360216.098223418637644, 6876189.519283778965473 ], [ 360224.502414384391159, 6876183.949060559272766 ], [ 360231.447094380389899, 6876177.425270259380341 ], [ 360239.973123794188723, 6876170.391295993700624 ], [ 360244.138684717356227, 6876166.200286170467734 ], [ 360249.237707478518132, 6876159.942394599318504 ], [ 360253.300478117889725, 6876153.386859103105962 ], [ 360254.020015230227727, 6876151.035994092933834 ], [ 360255.851001837756485, 6876150.16211412101984 ], [ 360256.539605466357898, 6876149.822576458565891 ], [ 360262.913383917883039, 6876146.577743792906404 ], [ 360264.564772064215504, 6876145.670646170154214 ], [ 360269.663794825435616, 6876142.657587265595794 ], [ 360272.401915461872704, 6876140.829791418276727 ], [ 360276.573843175603542, 6876137.700845632702112 ], [ 360281.151144016068429, 6876133.455983869731426 ], [ 360283.584768515720498, 6876130.674698727205396 ], [ 360284.586929789220449, 6876129.325073577463627 ], [ 360285.84979532205034, 6876128.226929635740817 ], [ 360291.382989391568117, 6876121.837593395262957 ], [ 360294.914394650899339, 6876114.158463815227151 ], [ 360296.710641305427998, 6876108.132346006110311 ], [ 360296.900446698942687, 6876107.334811844862998 ], [ 360298.876007416518405, 6876106.347031486220658 ], [ 360301.723405650060158, 6876104.723115201108158 ], [ 360304.560562721686438, 6876102.892691283486784 ], [ 360307.891389151162002, 6876101.016169351525605 ], [ 360310.066181875299662, 6876099.665560801513493 ], [ 360313.688663332897704, 6876097.195687079802155 ], [ 360318.06219637976028, 6876094.316905834712088 ], [ 360319.255752040364314, 6876093.48917892575264 ], [ 360337.24934510566527, 6876080.354389921762049 ], [ 360343.300201037782244, 6876077.01598664931953 ], [ 360347.63073506753426, 6876075.560344958677888 ], [ 360347.862367294786964, 6876075.481432503089309 ], [ 360356.240657825721428, 6876072.588927439413965 ], [ 360357.631335523386952, 6876072.253246615640819 ], [ 360360.374576854635961, 6876072.026532455347478 ], [ 360363.224175566574559, 6876072.163862514309585 ], [ 360364.668282672122587, 6876072.198640094138682 ], [ 360366.1766846193932, 6876072.198640094138682 ], [ 360370.414367749646772, 6876072.591827188618481 ], [ 360381.650958141952287, 6876071.501096105203032 ], [ 360384.606073605827987, 6876070.631944498047233 ], [ 360394.347545339725912, 6876065.694736732169986 ], [ 360401.676209975907113, 6876057.597640542313457 ], [ 360403.820117273193318, 6876054.12103411462158 ], [ 360407.278121683688369, 6876046.081407713703811 ], [ 360408.494933933543507, 6876041.503875916823745 ], [ 360409.449564163514879, 6876032.027200819924474 ], [ 360408.696299437433481, 6876019.279643916524947 ], [ 360406.653195346007124, 6876010.034288281574845 ], [ 360404.914892131928355, 6876005.63058680575341 ], [ 360402.163543981558178, 6876000.295932330191135 ], [ 360399.150485077232588, 6875995.66045709233731 ], [ 360392.793883941194508, 6875988.628837483935058 ], [ 360386.883653013443109, 6875983.877475365996361 ], [ 360381.337466415483505, 6875980.343625211156905 ], [ 360374.368394749180879, 6875976.912697620689869 ], [ 360370.273370832961518, 6875974.679048213176429 ], [ 360367.292755667062011, 6875972.917775615118444 ], [ 360362.396130392269697, 6875969.092287119477987 ], [ 360364.145090774865821, 6875966.037095627747476 ], [ 360365.98211384145543, 6875956.18901404645294 ], [ 360366.082757656055037, 6875950.150385171175003 ], [ 360366.231086392537691, 6875950.219252084381878 ], [ 360372.256599446642213, 6875952.272213115356863 ], [ 360375.849092755641323, 6875953.083421281538904 ], [ 360378.403522751119453, 6875953.545096259564161 ], [ 360380.95303413172951, 6875953.892756902612746 ], [ 360382.965713630896062, 6875954.098362642340362 ], [ 360388.064736392116174, 6875954.446023285388947 ], [ 360394.599614423525054, 6875954.176977630704641 ], [ 360398.423881494440138, 6875953.597543225623667 ], [ 360408.813888259406667, 6875949.983372363261878 ], [ 360413.681137258769013, 6875947.202087220735848 ], [ 360415.929230816429481, 6875945.403965136036277 ], [ 360423.475468567339703, 6875954.945602292194963 ], [ 360425.867798424616922, 6875957.624003211036325 ], [ 360433.339739463524893, 6875965.043324946425855 ], [ 360436.636968149978202, 6875968.818412862718105 ], [ 360443.588477233308367, 6875974.681986273266375 ], [ 360449.846368803875521, 6875978.506253344006836 ], [ 360451.941444248426706, 6875979.674198621883988 ], [ 360456.634862926381174, 6875982.049879681318998 ], [ 360459.985601247753948, 6875983.497078768908978 ], [ 360463.658154519915115, 6875984.824507662095129 ], [ 360468.410429799114354, 6875986.988910264335573 ], [ 360471.470613144047093, 6875988.184954565949738 ], [ 360475.874314619635697, 6875989.633540578186512 ], [ 360481.591843242582399, 6875990.912070538848639 ], [ 360488.197395455965307, 6875991.72327870503068 ], [ 360489.948897401336581, 6875991.886415114626288 ], [ 360496.322675852861721, 6875992.292019198648632 ], [ 360505.813995748641901, 6875991.377591582015157 ], [ 360510.913018509862013, 6875990.0448924517259 ], [ 360514.530941837758292, 6875988.849185539409518 ], [ 360518.992586753796786, 6875987.052938885055482 ], [ 360527.881643736851402, 6875981.50072505325079 ], [ 360530.836759200785309, 6875978.835326791740954 ], [ 360534.906825298909098, 6875974.33865091111511 ], [ 360537.16661947715329, 6875971.267648565582931 ], [ 360538.728278040653095, 6875968.922105404548347 ], [ 360540.466581254673656, 6875966.024933381937444 ], [ 360541.087645229126792, 6875964.939140683040023 ], [ 360544.62219509773422, 6875958.449475349858403 ], [ 360544.897119225759525, 6875957.932759315706789 ], [ 360546.228560795949306, 6875955.370362331159413 ], [ 360548.954281394719146, 6875957.551650525070727 ], [ 360553.357982870307751, 6875960.390879107639194 ], [ 360553.531922893074807, 6875960.492231177166104 ], [ 360549.935729701712262, 6875964.689096507616341 ], [ 360547.0715777289588, 6875968.765005084685981 ], [ 360544.732553065696266, 6875971.974364506080747 ], [ 360542.752135477028787, 6875975.074651660397649 ], [ 360541.88298387004761, 6875976.639124553650618 ], [ 360538.230905962409452, 6875988.492340102791786 ], [ 360537.88324531953549, 6875992.316607173532248 ], [ 360537.801506633579265, 6875996.609444548375905 ], [ 360538.033280395437032, 6876001.01314602419734 ], [ 360538.453117294062395, 6876004.677117769606411 ], [ 360539.090495139185805, 6876008.269611078314483 ], [ 360539.922775821061805, 6876011.743322447873652 ], [ 360540.907814309059177, 6876014.988155114464462 ], [ 360541.279327707365155, 6876016.129325754009187 ], [ 360542.186425923020579, 6876018.737233123742044 ], [ 360543.499361694441177, 6876022.561872109770775 ], [ 360550.278696922934614, 6876033.645382895134389 ], [ 360551.604547253111377, 6876035.020338793285191 ], [ 360552.930977245036047, 6876036.982349823229015 ], [ 360559.986628977640066, 6876044.330587102100253 ], [ 360569.094521456339862, 6876048.894040518440306 ], [ 360573.498222931928467, 6876050.226739649660885 ], [ 360581.063748374639545, 6876051.491760320961475 ], [ 360585.699223612085916, 6876051.665590642020106 ], [ 360595.82186916784849, 6876050.305330103263259 ], [ 360604.901513417891692, 6876045.627903238870203 ], [ 360605.025502393895295, 6876045.534278909675777 ], [ 360608.8353026752593, 6876048.744790024124086 ], [ 360611.500700936827343, 6876050.425149797461927 ], [ 360614.375757063389756, 6876052.02443437743932 ], [ 360616.519664360675961, 6876053.067416306585073 ], [ 360618.405622656573541, 6876053.86650955490768 ], [ 360618.935884139325935, 6876055.350944614969194 ], [ 360620.558300472446717, 6876058.074286316521466 ], [ 360623.112627812835854, 6876061.717264770530164 ], [ 360625.347535639244597, 6876064.448818780481815 ], [ 360627.310864716419019, 6876067.050229808315635 ], [ 360628.478841161646415, 6876068.501763842068613 ], [ 360629.144395672657993, 6876069.278244104236364 ], [ 360630.104230021184776, 6876070.582634373567998 ], [ 360630.161780942464247, 6876071.010155502706766 ], [ 360630.200711029639933, 6876071.808222289197147 ], [ 360630.25000990711851, 6876073.533683001063764 ], [ 360630.820352229988202, 6876078.560373837128282 ], [ 360631.283899753761943, 6876080.878111456520855 ], [ 360635.514215312083252, 6876091.292165751568973 ], [ 360636.78897100238828, 6876093.26224272698164 ], [ 360640.87154717091471, 6876097.820501078851521 ], [ 360639.764991245872807, 6876097.972206326201558 ], [ 360627.030497813655529, 6876102.845684117637575 ], [ 360625.060420837718993, 6876104.178383248858154 ], [ 360617.525689689035062, 6876111.544395583681762 ], [ 360617.127714628819376, 6876111.764731426723301 ], [ 360616.1132817066391, 6876112.43528878223151 ], [ 360610.231854483601637, 6876112.383962128311396 ], [ 360607.305710739979986, 6876112.673679331317544 ], [ 360601.24918275733944, 6876113.913425086997449 ], [ 360597.633421387989074, 6876115.052247565239668 ], [ 360593.959805106220301, 6876116.191353389061987 ], [ 360591.525888098112773, 6876117.062674094922841 ], [ 360589.179178759164643, 6876118.018740862607956 ], [ 360584.4875640317332, 6876120.430993209592998 ], [ 360581.503476847603451, 6876122.314155024476349 ], [ 360580.056531535112299, 6876123.580082311294973 ], [ 360579.760840182658285, 6876123.694180605001748 ], [ 360570.741948491544463, 6876129.161365355364978 ], [ 360566.396190456405748, 6876132.98563242610544 ], [ 360561.54291005898267, 6876138.439916597679257 ], [ 360558.15086449199589, 6876144.905020873993635 ], [ 360557.165826004056726, 6876147.512475695461035 ], [ 360556.074485643999651, 6876151.046491987071931 ], [ 360555.610938120284118, 6876152.958625522442162 ], [ 360555.464110995701049, 6876153.594407445751131 ], [ 360554.942620031477418, 6876155.970088505186141 ], [ 360554.393834620539565, 6876159.417195778340101 ], [ 360554.220004299131688, 6876161.155498991720378 ], [ 360554.210619598568883, 6876167.03033640794456 ], [ 360554.38444991997676, 6876168.826583063229918 ], [ 360555.784451385843568, 6876175.423690201714635 ], [ 360556.479772671475075, 6876177.509654058143497 ], [ 360559.33109320217045, 6876183.648760443553329 ], [ 360560.758691450231709, 6876185.988435350358486 ], [ 360561.326150673849043, 6876187.1233537979424 ], [ 360561.067806039121933, 6876187.405730491504073 ], [ 360554.687108642770909, 6876198.333968667313457 ], [ 360553.702070154831745, 6876201.347027571871877 ], [ 360552.730764302134048, 6876205.140537209808826 ], [ 360552.383103659318294, 6876206.994727305136621 ], [ 360552.132432247221004, 6876208.558471751399338 ], [ 360551.900658485363238, 6876210.296774964779615 ], [ 360551.681227307359222, 6876212.642428828403354 ], [ 360551.565340426401235, 6876214.786336125805974 ], [ 360551.837776700675022, 6876220.749569269828498 ], [ 360552.185437343490776, 6876223.125250329263508 ], [ 360553.55351857614005, 6876228.691787666641176 ], [ 360554.770330825995188, 6876232.168394095264375 ], [ 360557.184923193824943, 6876237.394921934232116 ], [ 360558.535914311127272, 6876239.706617846153677 ], [ 360559.608947977598291, 6876244.503240962512791 ], [ 360560.536043025087565, 6876246.705091699957848 ], [ 360562.186430572590325, 6876250.032315043732524 ], [ 360563.287355941487476, 6876251.944448579102755 ], [ 360565.818561912106816, 6876255.655661592260003 ], [ 360568.364255963242613, 6876259.887361633591354 ], [ 360574.663249797653407, 6876265.674887021072209 ], [ 360576.865100535447709, 6876267.181416473351419 ], [ 360578.175571512023453, 6876268.028870553709567 ], [ 360581.916434044600464, 6876270.31225417740643 ], [ 360583.65516590885818, 6876271.512807130813599 ], [ 360585.426757496141363, 6876272.646453069522977 ], [ 360589.540741769422311, 6876275.080077569931746 ], [ 360591.25592789897928, 6876276.020597893744707 ], [ 360595.412228343775496, 6876278.126456785015762 ], [ 360597.028355903574266, 6876278.974261406809092 ], [ 360598.559323198569473, 6876280.051608762703836 ], [ 360599.601397644844837, 6876280.752770444378257 ], [ 360602.846230311028194, 6876282.838734300807118 ], [ 360606.197253608435858, 6876284.701705168001354 ], [ 360609.625299749430269, 6876286.330027085728943 ], [ 360609.663745274243411, 6876286.352682484313846 ], [ 360610.56524280901067, 6876287.485645602457225 ], [ 360612.177134111057967, 6876290.111468530260026 ], [ 360617.925359574554022, 6876302.981389258056879 ], [ 360619.030859320075251, 6876305.204590479843318 ], [ 360623.492504236113746, 6876313.31667214538902 ], [ 360623.882108197140042, 6876314.003480003215373 ], [ 360629.676452243991662, 6876323.91180832311511 ], [ 360633.009341912751552, 6876328.537785533815622 ], [ 360638.340138435829431, 6876334.621846782974899 ], [ 360643.923926985647995, 6876339.583522491157055 ], [ 360647.806137497012969, 6876342.248920752666891 ], [ 360653.591142115183175, 6876345.244686217047274 ], [ 360654.967218289151788, 6876346.448752868920565 ], [ 360657.48708743613679, 6876348.688636555336416 ], [ 360661.561249018006492, 6876351.733264262787998 ], [ 360664.632251362840179, 6876353.645397798158228 ], [ 360664.919660914980341, 6876353.822115983814001 ], [ 360666.542077248101123, 6876354.807154471985996 ], [ 360678.757578092277981, 6876358.975468502379954 ], [ 360683.393053329666145, 6876359.496959465555847 ], [ 360692.315099753963295, 6876359.163743030279875 ], [ 360696.770145544840489, 6876358.322234381921589 ], [ 360699.046512384840753, 6876363.915733679197729 ], [ 360701.306306563084945, 6876367.913831070996821 ], [ 360702.135525435209274, 6876369.293176955543458 ], [ 360702.675380869302899, 6876370.138950468972325 ], [ 360702.745756712625735, 6876370.296592358499765 ], [ 360703.518902968615294, 6876372.461401875130832 ], [ 360704.436570723773912, 6876375.581472242251039 ], [ 360708.351056950807106, 6876383.899159040302038 ], [ 360718.683426867297385, 6876399.208377294242382 ], [ 360719.217884823563509, 6876400.172497528605163 ], [ 360721.295337372517679, 6876406.059563118033111 ], [ 360722.920179420267232, 6876409.19718914013356 ], [ 360724.777659880579449, 6876412.855862774886191 ], [ 360730.484184664208442, 6876420.656673338264227 ], [ 360738.374953999358695, 6876426.238145352341235 ], [ 360740.750635058560874, 6876427.39701416157186 ], [ 360753.134365999838337, 6876430.424103719182312 ], [ 360755.394160178082529, 6876430.482047159224749 ], [ 360768.150700808968395, 6876427.992783173918724 ], [ 360772.670289165514987, 6876426.022706198506057 ], [ 360778.583809541538358, 6876422.595697485841811 ], [ 360780.84360371978255, 6876420.91533771250397 ], [ 360784.415979183278978, 6876417.791183044202626 ], [ 360786.733716802031267, 6876415.415501984767616 ], [ 360787.043694941210561, 6876415.042309625074267 ], [ 360790.269314941135235, 6876416.740004361607134 ], [ 360795.841707928397227, 6876418.992457690648735 ], [ 360797.32573376246728, 6876419.425298558548093 ], [ 360803.127805202209856, 6876421.701249233447015 ], [ 360812.574138677853625, 6876430.084474727511406 ], [ 360816.861953272542451, 6876432.402212345972657 ], [ 360820.254076471785083, 6876433.971157086081803 ], [ 360823.38302225706866, 6876435.187969335354865 ], [ 360824.19667011895217, 6876435.490908137522638 ], [ 360827.615333106601611, 6876436.707720387727022 ], [ 360830.838539053860586, 6876437.655286801047623 ], [ 360832.40707484818995, 6876438.022390923462808 ], [ 360835.948958769091405, 6876439.152779408730567 ], [ 360837.747143335989676, 6876439.836089543998241 ], [ 360841.815456028736662, 6876441.495532879605889 ], [ 360847.067803562735207, 6876443.095307106152177 ], [ 360849.482991673110519, 6876443.595001197420061 ], [ 360852.931682397611439, 6876444.543391146697104 ], [ 360855.632292207621504, 6876445.337688149884343 ], [ 360857.029281162074767, 6876445.712226274423301 ], [ 360860.853548232989851, 6876446.639321321621537 ], [ 360861.210776673513465, 6876446.723611836321652 ], [ 360864.745326542062685, 6876447.534820003435016 ], [ 360867.864694657037035, 6876448.039106875658035 ], [ 360870.629298561776523, 6876450.368586188182235 ], [ 360872.047193804988638, 6876451.104541338048875 ], [ 360870.161843973502982, 6876451.947874304838479 ], [ 360863.336752552422695, 6876458.007015052251518 ], [ 360844.678964721621014, 6876480.518041674047709 ], [ 360842.90452653018292, 6876482.887852552346885 ], [ 360842.064346643339377, 6876484.133636523038149 ], [ 360838.247096818988211, 6876492.137621919624507 ], [ 360836.936510511499364, 6876500.907886566594243 ], [ 360836.936510511499364, 6876502.704133220948279 ], [ 360837.205540729686618, 6876506.712803304195404 ], [ 360837.553201372502372, 6876509.291286405175924 ], [ 360838.285557886818424, 6876512.968995740637183 ], [ 360838.922935731941834, 6876515.373648520559072 ], [ 360842.395870193140581, 6876523.449239837937057 ], [ 360846.8466365011991, 6876528.730963334441185 ], [ 360849.513121797004715, 6876532.225829931907356 ], [ 360856.244788810843602, 6876537.223778647370636 ], [ 360864.096655403380282, 6876540.163680543191731 ], [ 360869.141901720082387, 6876541.281661261804402 ], [ 360882.067500021716114, 6876544.195691234432161 ], [ 360885.877417137147859, 6876544.80038003064692 ], [ 360894.568933207367081, 6876545.611588197760284 ], [ 360895.197483668918721, 6876545.663594422861934 ], [ 360899.486363740055822, 6876545.973101232200861 ], [ 360904.947913253330626, 6876546.860019529238343 ], [ 360905.412737616803497, 6876546.931768703274429 ], [ 360909.966027676127851, 6876547.598103833384812 ], [ 360911.586129678762518, 6876547.857320154085755 ], [ 360918.83978581673, 6876550.333118955604732 ], [ 360920.123519379179925, 6876550.73935129866004 ], [ 360921.242495565966237, 6876551.066008943133056 ], [ 360918.413331405259669, 6876553.668587340041995 ], [ 360917.370349476812407, 6876554.885399589315057 ], [ 360912.079995973734185, 6876563.817423227243125 ], [ 360910.921127164387144, 6876566.888425572775304 ], [ 360909.199530508019961, 6876573.933756449259818 ], [ 360908.951320506108459, 6876576.018720464780927 ], [ 360908.711259519215673, 6876577.699147373437881 ], [ 360908.96128263924038, 6876587.667877833358943 ], [ 360909.772490805771668, 6876591.839805546216667 ], [ 360913.478512912988663, 6876601.519130545668304 ], [ 360920.257150672492571, 6876609.359666396863759 ], [ 360922.459001410286874, 6876611.155913051217794 ], [ 360925.560374332708307, 6876613.373335128650069 ], [ 360929.094924201257527, 6876615.575185867026448 ], [ 360930.446769752132241, 6876616.369059229269624 ], [ 360934.850471227720845, 6876618.80268372874707 ], [ 360937.20582544489298, 6876619.972621346823871 ], [ 360942.304848206113093, 6876622.232415525242686 ], [ 360943.088069576886483, 6876622.566309622488916 ], [ 360947.88168862083694, 6876624.529960796236992 ], [ 360952.095880687003955, 6876626.261820550076663 ], [ 360956.191346922423691, 6876627.609908934682608 ], [ 360963.47841055970639, 6876629.440148173831403 ], [ 360973.320679225027561, 6876638.03260494582355 ], [ 360974.606999699957669, 6876639.09404897224158 ], [ 360985.905970591236837, 6876647.901451923884451 ], [ 360992.038439264288172, 6876651.598144757561386 ], [ 360997.528631317079999, 6876654.068731180392206 ], [ 361007.309756106347777, 6876658.734440132044256 ], [ 361008.822508905432187, 6876659.40546849835664 ], [ 361017.282251213793643, 6876662.88207492697984 ], [ 361018.093907006783411, 6876663.201917978934944 ], [ 361021.164909351617098, 6876664.360786788165569 ], [ 361025.383737592666876, 6876665.608026136644185 ], [ 361029.381834984989837, 6876666.477177743799984 ], [ 361034.933114803337958, 6876667.150634012185037 ], [ 361039.162985957518686, 6876667.266520893201232 ], [ 361043.667857467778958, 6876667.050808168947697 ], [ 361049.288371193222702, 6876666.355486882850528 ], [ 361050.971672339073848, 6876666.098549724556506 ], [ 361055.433317255112343, 6876665.287341558374465 ], [ 361060.362542701652274, 6876663.949191967956722 ], [ 361063.253044825862162, 6876662.893046961165965 ], [ 361065.737557863583788, 6876662.009664547629654 ], [ 361067.871421825606376, 6876661.157570294104517 ], [ 361070.478876646666322, 6876659.998701483942568 ], [ 361072.972251882427372, 6876658.748646263964474 ], [ 361075.347932941629551, 6876657.415947133675218 ], [ 361084.332221251563169, 6876649.693954858928919 ], [ 361086.19934081385145, 6876647.298405231907964 ], [ 361091.210790432291105, 6876647.577928317710757 ], [ 361102.686738875287119, 6876649.984175571240485 ], [ 361109.205370077979751, 6876651.666402978822589 ], [ 361111.266837765055243, 6876652.12167892511934 ], [ 361120.07424071629066, 6876653.744095258414745 ], [ 361125.098193250072654, 6876654.237685210071504 ], [ 361133.55793555843411, 6876654.353572091087699 ], [ 361144.360078392492142, 6876652.499280706048012 ], [ 361151.892725653364323, 6876649.717995563521981 ], [ 361158.142509056953713, 6876646.5366101693362 ], [ 361163.917816812929232, 6876642.686404998414218 ], [ 361168.765065122861415, 6876639.530057261697948 ], [ 361170.81308838276891, 6876638.07068124320358 ], [ 361173.322007991198916, 6876636.119299326092005 ], [ 361174.918189265066758, 6876635.006809347309172 ], [ 361178.418365057266783, 6876633.183801122009754 ], [ 361182.81472419743659, 6876631.039235687814653 ], [ 361183.078423105878755, 6876630.908998046070337 ], [ 361186.653035968949553, 6876629.12169161438942 ], [ 361190.435411158890929, 6876627.514182158745825 ], [ 361191.887777870346326, 6876626.850756265223026 ], [ 361197.334461274382193, 6876624.185358003713191 ], [ 361202.946505515195895, 6876619.599573149345815 ], [ 361205.291128013341222, 6876620.354599000886083 ], [ 361212.865920720330905, 6876620.793987742625177 ], [ 361219.5873598146718, 6876620.330440218560398 ], [ 361232.885233333276119, 6876616.169939593411982 ], [ 361238.911351141985506, 6876612.57744628470391 ], [ 361245.029419062950183, 6876607.752041140571237 ], [ 361249.549007419496775, 6876603.116565902717412 ], [ 361253.508952349366155, 6876598.073530021123588 ], [ 361256.406124372791965, 6876593.438054784201086 ], [ 361260.4292436306132, 6876583.188538052141666 ], [ 361261.84387110825628, 6876575.812266204506159 ], [ 361263.179480675433297, 6876570.851430668495595 ], [ 361263.239526091550943, 6876570.624883379787207 ], [ 361264.630168662813958, 6876565.294086856767535 ], [ 361265.601650490949396, 6876557.721429942175746 ], [ 361265.601650490949396, 6876553.562532298266888 ], [ 361268.642699759104289, 6876527.60500461794436 ], [ 361268.84648315719096, 6876524.114234471693635 ], [ 361268.84648315719096, 6876516.422615283168852 ], [ 361270.087561856373213, 6876510.674461307004094 ], [ 361271.920738621614873, 6876511.415794533677399 ], [ 361279.522778365935665, 6876512.394957334734499 ], [ 361280.681647175340913, 6876512.394957334734499 ], [ 361294.098055041977204, 6876509.22777306381613 ], [ 361297.574661470076535, 6876507.48946984950453 ], [ 361304.989451631729025, 6876502.245104474946856 ], [ 361310.495120790728834, 6876495.02221804112196 ], [ 361310.781036979169585, 6876494.498038362711668 ], [ 361322.938396233133972, 6876478.599953184835613 ], [ 361324.11903028911911, 6876476.942421661689878 ], [ 361329.544555879256222, 6876468.750941848382354 ], [ 361333.158967352588661, 6876463.931726550683379 ], [ 361336.755818245874252, 6876460.167580267414451 ], [ 361337.300208792963531, 6876459.614116544835269 ], [ 361337.001622244133614, 6876461.604693536646664 ], [ 361336.853200790006667, 6876462.741961342282593 ], [ 361335.810218861617614, 6876472.128798698075116 ], [ 361335.780665783095174, 6876472.406551416963339 ], [ 361335.085344497463666, 6876479.24387739226222 ], [ 361335.528391423576977, 6876488.234112114645541 ], [ 361337.382581518555526, 6876497.389175708405674 ], [ 361341.645657170447521, 6876507.804329193197191 ], [ 361344.890489836689085, 6876512.787465073168278 ], [ 361349.737463506928179, 6876518.512414518743753 ], [ 361355.853158098470885, 6876522.855970616452396 ], [ 361363.8493528830586, 6876527.143785210326314 ], [ 361367.297209165757522, 6876528.720787074416876 ], [ 361372.743892569793388, 6876530.806750930845737 ], [ 361376.19724181573838, 6876531.895323384553194 ], [ 361380.832717053184751, 6876533.05419219378382 ], [ 361381.237605791597161, 6876533.152432238683105 ], [ 361387.147836719348561, 6876534.54307480994612 ], [ 361390.852506451366935, 6876535.021246651187539 ], [ 361391.929359601403121, 6876539.156919529661536 ], [ 361391.898313420417253, 6876541.233042752370238 ], [ 361392.01420030137524, 6876542.971345965750515 ], [ 361393.487256096443161, 6876550.4626086326316 ], [ 361394.240520822524559, 6876552.722402810119092 ], [ 361396.187382271513343, 6876557.272201436571777 ], [ 361397.230364199960604, 6876559.242278412915766 ], [ 361402.893338787485845, 6876566.775298085063696 ], [ 361404.631642001506407, 6876568.455657858401537 ], [ 361410.623294596909545, 6876572.947660641744733 ], [ 361417.540795447013807, 6876575.815791011787951 ], [ 361420.495910910889506, 6876576.626999178901315 ], [ 361421.86627010058146, 6876576.968702306039631 ], [ 361424.640398715680931, 6876577.591465872712433 ], [ 361425.20655856304802, 6876577.721210837364197 ], [ 361425.527340587519575, 6876577.846394066698849 ], [ 361427.132997157925274, 6876578.420960664749146 ], [ 361429.798395419493318, 6876579.290112271904945 ], [ 361431.40597244433593, 6876579.765063823200762 ], [ 361434.245201027253643, 6876580.518328549340367 ], [ 361445.903153603954706, 6876581.258318834006786 ], [ 361450.248911639093421, 6876580.678884428925812 ], [ 361456.128047971520573, 6876579.280973291955888 ], [ 361461.632674816006329, 6876577.368839756585658 ], [ 361464.93469429470133, 6876575.996206007897854 ], [ 361469.570169532147702, 6876573.736411829479039 ], [ 361475.542032906552777, 6876569.889477866701782 ], [ 361478.555091810936574, 6876567.3979099271819 ], [ 361482.29534055426484, 6876563.708004356361926 ], [ 361485.25045601814054, 6876560.231397927738726 ], [ 361486.773159629083239, 6876558.282578526064754 ], [ 361491.176861104671843, 6876552.140573836863041 ], [ 361493.362394719792064, 6876548.596421560272574 ], [ 361495.216584814770613, 6876545.061871691606939 ], [ 361495.432736115937587, 6876544.641826987266541 ], [ 361503.852329852001276, 6876527.958557917736471 ], [ 361507.689729610283393, 6876522.47107626311481 ], [ 361511.223745879891794, 6876518.230256740003824 ], [ 361514.035133947152644, 6876514.235328546725214 ], [ 361516.932305970578454, 6876509.310136106796563 ], [ 361520.031070673372597, 6876501.941996581852436 ], [ 361521.537600125535391, 6876496.379426296800375 ], [ 361522.279293777653947, 6876484.294321337714791 ], [ 361521.041498847131152, 6876475.629756825044751 ], [ 361521.027659515501, 6876474.730200271122158 ], [ 361524.111378171073738, 6876475.12554881721735 ], [ 361528.783100870787166, 6876475.356861470267177 ], [ 361532.839141703560017, 6876475.240974589250982 ], [ 361545.646622614876833, 6876471.960656885057688 ], [ 361550.629758495197166, 6876469.411145504564047 ], [ 361554.866567358316388, 6876466.777570841833949 ], [ 361559.386155714804772, 6876463.416851294226944 ], [ 361566.062030337343458, 6876456.546851400285959 ], [ 361568.495654837053735, 6876453.070244972594082 ], [ 361571.063258288486395, 6876448.640285729430616 ], [ 361572.917448383464944, 6876444.70013177767396 ], [ 361575.058499123086222, 6876438.434134422801435 ], [ 361575.985594170575496, 6876434.262206709012389 ], [ 361576.699982365011238, 6876427.754292974248528 ], [ 361576.699982365011238, 6876424.973007831722498 ], [ 361575.160481306549627, 6876415.48617485165596 ], [ 361573.769838735286612, 6876411.314247137866914 ], [ 361572.7236862523132, 6876408.616926136426628 ], [ 361566.23402091988828, 6876394.015179138630629 ], [ 361565.452310403576121, 6876392.38981818407774 ], [ 361563.829894070455339, 6876389.260872399434447 ], [ 361563.344524242042098, 6876388.362550146877766 ], [ 361560.215578456758521, 6876382.799979861825705 ], [ 361559.336454363132361, 6876381.336206158623099 ], [ 361555.628074173175264, 6876375.541862111538649 ], [ 361550.324316130252555, 6876369.320988273248076 ], [ 361540.705705012485851, 6876360.745359083637595 ], [ 361536.671744816121645, 6876357.716954802162945 ], [ 361527.980228745902423, 6876352.270271398127079 ], [ 361526.199372474860866, 6876351.237621151842177 ], [ 361521.752794134779833, 6876348.859218783676624 ], [ 361516.715036662470084, 6876345.895832034759223 ], [ 361515.885912713129073, 6876345.182399799115956 ], [ 361514.849176742718555, 6876343.886479835957289 ], [ 361512.050905991054606, 6876339.57563029974699 ], [ 361510.421326975396369, 6876336.538687588647008 ], [ 361508.775095922115725, 6876333.096568114124238 ], [ 361507.635884926421568, 6876330.004423982463777 ], [ 361504.847200503456406, 6876322.451715002767742 ], [ 361501.43091099942103, 6876315.854852867312729 ], [ 361496.498341476020869, 6876310.29973073489964 ], [ 361487.496595055097714, 6876302.395758267492056 ], [ 361485.080364864959847, 6876300.076177285052836 ], [ 361481.848457279382274, 6876297.382505552843213 ], [ 361477.533369896409567, 6876294.271628602407873 ], [ 361477.98788367776433, 6876288.492810525000095 ], [ 361478.080246687983163, 6876286.140524469316006 ], [ 361478.080246687983163, 6876277.819025004282594 ], [ 361479.541542694845702, 6876269.358890227973461 ], [ 361481.47555370174814, 6876262.866138990037143 ], [ 361483.893929993151687, 6876258.180534926243126 ], [ 361486.279717630299274, 6876251.932731991633773 ], [ 361487.37884131190367, 6876247.68278708960861 ], [ 361487.799643524573185, 6876246.747671061195433 ], [ 361490.779230824031401, 6876244.661959951743484 ], [ 361496.070496156928129, 6876239.93365144636482 ], [ 361499.547102585085668, 6876235.993497493676841 ], [ 361504.207433832692914, 6876228.895558828487992 ], [ 361506.692327934666537, 6876220.776154791004956 ], [ 361507.778270428010728, 6876213.826122834347188 ], [ 361508.849554153450299, 6876208.148319088853896 ], [ 361509.24985582230147, 6876205.264993428252637 ], [ 361510.756385274464265, 6876188.461395693011582 ], [ 361510.78509823360946, 6876183.445855559781194 ], [ 361510.20566382893594, 6876176.029095179401338 ], [ 361510.037442568107508, 6876174.429463626816869 ], [ 361508.994460639660247, 6876166.549155723303556 ], [ 361505.707356917730067, 6876156.33584978338331 ], [ 361503.041958656220231, 6876151.352713903412223 ], [ 361496.197015507030301, 6876142.797591179609299 ], [ 361493.647504126420245, 6876140.595740442164242 ], [ 361488.716437246184796, 6876137.136139443144202 ], [ 361483.965075127780437, 6876134.470741181634367 ], [ 361471.424957400537096, 6876130.711271420121193 ], [ 361468.180124734295532, 6876130.479497658088803 ], [ 361462.129077859630343, 6876130.659629786387086 ], [ 361461.808386841905303, 6876130.701825972646475 ], [ 361461.162549849541392, 6876130.495158134959638 ], [ 361461.049780670669861, 6876130.431725472211838 ], [ 361454.331481629342306, 6876128.082525407895446 ], [ 361454.18410200875951, 6876127.992816073819995 ], [ 361454.392501338385046, 6876127.140273361466825 ], [ 361454.667951414186973, 6876125.900164701044559 ], [ 361456.101856327673886, 6876118.730640133842826 ], [ 361456.831498824467417, 6876115.49936621915549 ], [ 361457.568268762261141, 6876108.891540076583624 ], [ 361457.568268762261141, 6876106.59730469994247 ], [ 361457.822873864730354, 6876103.372306736186147 ], [ 361456.767247775220312, 6876092.789223397150636 ], [ 361452.085459784371778, 6876083.239518658258021 ], [ 361449.800527889339719, 6876080.132011281326413 ], [ 361447.340955830004532, 6876076.253455341793597 ], [ 361441.504732083587442, 6876069.52086331602186 ], [ 361433.948492017923854, 6876064.799365770071745 ], [ 361427.806487328314688, 6876062.133967508561909 ], [ 361418.681371627491899, 6876059.786932760849595 ], [ 361412.539366937824525, 6876059.207498355768621 ], [ 361412.062358104332816, 6876059.166335016489029 ], [ 361398.735366796609014, 6876058.123353088274598 ], [ 361397.697814519517124, 6876058.060216758400202 ], [ 361387.036221473361365, 6876057.596669234335423 ], [ 361378.341141370357946, 6876058.49329805187881 ], [ 361365.606497782224324, 6876061.730919303372502 ], [ 361359.72265396011062, 6876062.827907134778798 ], [ 361359.182897866994608, 6876062.933668544515967 ], [ 361351.657398795650806, 6876064.48000397067517 ], [ 361348.578924236644525, 6876064.910990408621728 ], [ 361348.053989187988918, 6876064.921489109285176 ], [ 361346.867231226351578, 6876064.667183832265437 ], [ 361342.294820022187196, 6876063.597045039758086 ], [ 361336.630188357143197, 6876062.023536243475974 ], [ 361334.484356494795065, 6876061.511653261259198 ], [ 361329.848881257348694, 6876060.584558214060962 ], [ 361320.615688849939033, 6876060.189574121497571 ], [ 361310.301756446540821, 6876061.348442930728197 ], [ 361308.9117497674888, 6876061.537628336809576 ], [ 361297.946266985440161, 6876063.292105582542717 ], [ 361286.384353558416478, 6876064.646203551441431 ], [ 361279.652010773250367, 6876065.127085178159177 ], [ 361271.052102295507211, 6876065.336839043535292 ], [ 361261.398946611501742, 6876065.444096329621971 ], [ 361253.516574941400904, 6876065.228140940889716 ], [ 361252.694965428905562, 6876065.216888126917183 ], [ 361244.930544406175613, 6876065.216888126917183 ], [ 361243.598525996669196, 6876065.246473932638764 ], [ 361233.243063697067555, 6876065.706716701388359 ], [ 361224.510033171623945, 6876066.051441590301692 ], [ 361222.838687015231699, 6876066.164220822043717 ], [ 361207.284831671218853, 6876067.650986406952143 ], [ 361197.480262642435264, 6876068.451359388418496 ], [ 361186.321881798096001, 6876068.356796838343143 ], [ 361178.519244270108175, 6876067.682494830340147 ], [ 361171.434808983118273, 6876066.868191923946142 ], [ 361166.853568405495025, 6876065.516350441612303 ], [ 361166.547767353535164, 6876065.427875101566315 ], [ 361164.349957313213963, 6876064.804615537635982 ], [ 361162.869047521904577, 6876063.661457102745771 ], [ 361160.831565123458859, 6876061.934026373550296 ], [ 361159.480152542062569, 6876060.067789952270687 ], [ 361157.215665666386485, 6876055.603515825234354 ], [ 361156.450894249603152, 6876053.590959466062486 ], [ 361155.859994284342974, 6876050.678666779771447 ], [ 361155.837616917793639, 6876049.447911617346108 ], [ 361156.656184422550723, 6876043.717939083464444 ], [ 361156.738253852527123, 6876043.097257696092129 ], [ 361157.432015933853108, 6876037.392991694621742 ], [ 361166.629807074728888, 6876016.327082952484488 ], [ 361170.444524643418845, 6876008.777121097780764 ], [ 361176.906524691032246, 6876000.609871037304401 ], [ 361177.280646593309939, 6876000.126999893225729 ], [ 361187.478692115691956, 6875986.684121704660356 ], [ 361188.473231068346649, 6875985.292454955168068 ], [ 361197.416464826557785, 6875971.992261161096394 ], [ 361203.229123630328104, 6875963.558207210153341 ], [ 361203.999059742433019, 6875962.383076489903033 ], [ 361207.243892408674583, 6875957.168166847899556 ], [ 361208.709815977781545, 6875954.523826753720641 ], [ 361211.606988001207355, 6875948.613595825619996 ], [ 361213.750689440465067, 6875942.776147839613259 ], [ 361215.952540178259369, 6875934.084631769917905 ], [ 361216.694282355194446, 6875929.970788550563157 ], [ 361217.389603640767746, 6875923.597010099329054 ], [ 361217.498291291121859, 6875918.321169055067003 ], [ 361216.974909758311696, 6875910.575122369453311 ], [ 361216.869039909739513, 6875901.787924935109913 ], [ 361216.862717269279528, 6875901.435261148959398 ], [ 361216.746830388321541, 6875896.568012150004506 ], [ 361216.336273040389642, 6875892.285314599052072 ], [ 361214.887687028676737, 6875883.70968540944159 ], [ 361212.386628069158178, 6875875.796009773388505 ], [ 361207.813008449855261, 6875868.870436758734286 ], [ 361204.799949545471463, 6875865.451773771084845 ], [ 361202.996333333663642, 6875863.859725005924702 ], [ 361202.199824423063546, 6875854.011978475376964 ], [ 361201.40859634015942, 6875840.278519609943032 ], [ 361201.23221888882108, 6875838.328256122767925 ], [ 361200.073350079474039, 6875828.941418766975403 ], [ 361199.539186769514345, 6875825.906443604268134 ], [ 361198.319683989859186, 6875820.592895778827369 ], [ 361197.752807247976307, 6875815.248057927004993 ], [ 361197.441868935304228, 6875810.894921549595892 ], [ 361196.585639259079471, 6875805.61083569098264 ], [ 361195.194996687816456, 6875800.164152286946774 ], [ 361194.650714053248521, 6875798.289183407090604 ], [ 361190.892620692844503, 6875786.758669687435031 ], [ 361190.859409691300243, 6875785.596284634433687 ], [ 361191.202322327822912, 6875783.264478705823421 ], [ 361192.257939753006212, 6875780.319861677475274 ], [ 361198.240525761095341, 6875764.977423366159201 ], [ 361202.486124983348418, 6875758.269376594573259 ], [ 361202.787004273268394, 6875757.783818515948951 ], [ 361210.21733156911796, 6875745.533819461241364 ], [ 361213.186768884013873, 6875743.411294631659985 ], [ 361217.358696597744711, 6875739.992631644010544 ], [ 361219.058290669461712, 6875738.488944754935801 ], [ 361220.563441113044973, 6875737.052210240624845 ], [ 361224.295425209740642, 6875734.119937021285295 ], [ 361224.991187802632339, 6875733.556271506473422 ], [ 361228.765664803271648, 6875730.403961044736207 ], [ 361231.40556159283733, 6875728.727269840426743 ], [ 361232.374402423505671, 6875728.085253825411201 ], [ 361235.561291649297345, 6875725.883403087966144 ], [ 361237.648871496610809, 6875724.302139769308269 ], [ 361240.180372156959493, 6875722.204610650427639 ], [ 361255.596362445212435, 6875712.536955723538995 ], [ 361258.628986021736637, 6875710.361072912812233 ], [ 361261.821152777061798, 6875707.755222500301898 ], [ 361264.872002841031644, 6875706.199887173250318 ], [ 361265.684143781021703, 6875705.770059291273355 ], [ 361271.594374708773103, 6875702.525226625613868 ], [ 361271.881922364060301, 6875702.36529893334955 ], [ 361280.10989091056399, 6875697.729823695495725 ], [ 361284.246243372792378, 6875694.921295672655106 ], [ 361289.692926776828244, 6875690.517594197764993 ], [ 361293.792124873958528, 6875686.49669146258384 ], [ 361298.028758859145455, 6875681.458532128483057 ], [ 361301.917410373513121, 6875676.8836479941383 ], [ 361305.500484642921947, 6875671.626707426272333 ], [ 361313.264905665710103, 6875657.140847308561206 ], [ 361316.026166914671194, 6875649.839515283703804 ], [ 361317.611872589332052, 6875643.100266166031361 ], [ 361319.92056951118866, 6875635.873041019774973 ], [ 361320.760660492058378, 6875632.627655994147062 ], [ 361321.276994147454388, 6875630.04598771687597 ], [ 361322.821817288931925, 6875628.184277776628733 ], [ 361329.579969262704253, 6875620.539810789749026 ], [ 361330.285643664130475, 6875619.711806428618729 ], [ 361335.616440187208354, 6875613.222141096368432 ], [ 361337.336140545667149, 6875610.910645640455186 ], [ 361342.319276425929274, 6875603.493885260075331 ], [ 361344.144972838403191, 6875600.388821439817548 ], [ 361346.83309330890188, 6875595.115969748236239 ], [ 361350.65006931417156, 6875588.436261738650501 ], [ 361353.210255003883503, 6875582.586034627631307 ], [ 361355.235321888176259, 6875576.173322827555239 ], [ 361355.947655708529055, 6875574.781033996492624 ], [ 361369.142988881038036, 6875554.388246366754174 ], [ 361369.881145621591713, 6875553.18642988242209 ], [ 361375.211942144669592, 6875544.031366288661957 ], [ 361376.119496419210918, 6875542.352052293717861 ], [ 361378.968374871765263, 6875536.654295388609171 ], [ 361382.879684753715992, 6875530.832810913212597 ], [ 361385.718539713998325, 6875525.5246178265661 ], [ 361394.885156520467717, 6875503.262834154069424 ], [ 361398.559882551257033, 6875496.372722846455872 ], [ 361403.734131324512418, 6875487.473014956340194 ], [ 361407.275681688042823, 6875481.974292024038732 ], [ 361409.685290014371276, 6875478.688462488353252 ], [ 361428.389810639084317, 6875466.848898900672793 ], [ 361437.834914580220357, 6875462.217165237292647 ], [ 361447.075229226669762, 6875458.623709541745484 ], [ 361450.868698809528723, 6875456.833844393491745 ], [ 361461.414404974784702, 6875450.923613465391099 ], [ 361465.038870381540619, 6875448.532058141194284 ], [ 361466.568337084318046, 6875447.35554529260844 ], [ 361496.127967991691548, 6875429.993382900953293 ], [ 361496.369050095847342, 6875429.850261432118714 ], [ 361506.798869380145334, 6875423.592369861900806 ], [ 361507.061887718038633, 6875423.432718861848116 ], [ 361513.667439931421541, 6875419.376678029075265 ], [ 361516.276389214093797, 6875417.578316361643374 ], [ 361524.85201840341324, 6875410.972764148376882 ], [ 361528.204824274289422, 6875407.963149940595031 ], [ 361533.535620797367301, 6875402.40057965554297 ], [ 361540.576191056636162, 6875390.378267232328653 ], [ 361543.394349202688318, 6875381.118604752235115 ], [ 361546.773224668926559, 6875372.969552157446742 ], [ 361547.888169894693419, 6875369.78524633590132 ], [ 361549.858246870571747, 6875362.947920360602438 ], [ 361550.794081624189857, 6875358.404918917454779 ], [ 361552.068837314494886, 6875348.322760275565088 ], [ 361552.300248128885869, 6875345.136433286592364 ], [ 361552.416135009843856, 6875339.110315478406847 ], [ 361552.411019827821292, 6875337.733783343806863 ], [ 361552.179246065963525, 6875329.042267273180187 ], [ 361551.085796086932532, 6875321.778013945557177 ], [ 361549.695153515669517, 6875316.79487806558609 ], [ 361549.591386686079204, 6875316.431884502060711 ], [ 361546.810101543611381, 6875306.929160265251994 ], [ 361546.65237867453834, 6875306.407873069867492 ], [ 361545.157184898736887, 6875301.623252986930311 ], [ 361548.79091036535101, 6875300.546599011868238 ], [ 361551.852403119206429, 6875299.455885278992355 ], [ 361556.835538999526761, 6875297.369921421632171 ], [ 361557.923505841230508, 6875296.88892671559006 ], [ 361568.78270229534246, 6875291.828330310061574 ], [ 361573.651800396793988, 6875290.012734407559037 ], [ 361577.696584399789572, 6875288.778732508420944 ], [ 361579.711090967350174, 6875288.448485529981554 ], [ 361581.814388010127004, 6875288.541965398937464 ], [ 361588.330390763410833, 6875288.120261943899095 ], [ 361594.93594297679374, 6875286.961393133737147 ], [ 361604.923543624172453, 6875283.293621497228742 ], [ 361611.644982718513347, 6875279.353467545472085 ], [ 361612.998663976788521, 6875278.510810639709234 ], [ 361617.522042076627258, 6875275.525381093844771 ], [ 361623.705314835882746, 6875272.291053804568946 ], [ 361626.631933977711014, 6875270.541534385643899 ], [ 361647.491572546306998, 6875256.40333491191268 ], [ 361648.40583732095547, 6875255.758463866077363 ], [ 361670.381993628456257, 6875239.635769751854241 ], [ 361680.020582144265063, 6875235.554565606638789 ], [ 361686.094977423024829, 6875232.098514614626765 ], [ 361695.529443442064803, 6875225.161407247185707 ], [ 361703.276690433209296, 6875221.540411371737719 ], [ 361708.121545745467301, 6875219.375688784755766 ], [ 361718.641954523511231, 6875215.010838334448636 ], [ 361720.561776887974702, 6875214.133935158140957 ], [ 361732.520814849354792, 6875208.154416176490486 ], [ 361738.200170214986429, 6875205.720406734384596 ], [ 361739.048757436161395, 6875205.341059682890773 ], [ 361746.245022556046024, 6875201.989374557510018 ], [ 361757.459318862122018, 6875197.984268735162914 ], [ 361766.736437642539386, 6875195.002337697893381 ], [ 361766.942369478347246, 6875194.935324290767312 ], [ 361776.792754357971717, 6875191.690491624176502 ], [ 361777.46628707414493, 6875191.459727144800127 ], [ 361784.018156542442739, 6875189.127705808728933 ], [ 361793.465204061940312, 6875185.978689969517291 ], [ 361794.893886897538323, 6875185.461911511607468 ], [ 361801.916897489514668, 6875182.718547998927534 ], [ 361819.248982524906751, 6875176.505159024149179 ], [ 361836.851661539461929, 6875171.157509703189135 ], [ 361842.094230727176182, 6875169.005406813696027 ], [ 361854.440637340827379, 6875162.512899887748063 ], [ 361860.101846215780824, 6875160.108824886381626 ], [ 361876.797248609887902, 6875155.278708470053971 ], [ 361877.705217611161061, 6875155.00037794187665 ], [ 361893.919640010572039, 6875149.747818573378026 ], [ 361908.858017188147642, 6875145.18648202996701 ], [ 361909.724634347076062, 6875144.907421433366835 ], [ 361923.676617757242639, 6875140.179889865219593 ], [ 361937.512597068387549, 6875135.567896761000156 ], [ 361940.779858230263926, 6875134.261275675147772 ], [ 361946.541574810398743, 6875131.55501485709101 ], [ 361956.354567939823028, 6875128.515592207200825 ], [ 361963.903683071199339, 6875126.903983358293772 ], [ 361971.340631523809861, 6875126.067326657474041 ], [ 361985.398277387721464, 6875124.836000012233853 ], [ 361995.730857870948967, 6875124.935351748019457 ], [ 362011.493715547083411, 6875125.36427304521203 ], [ 362030.605599688540678, 6875127.174872594885528 ], [ 362044.212224780407269, 6875130.241154305636883 ], [ 362051.682543435250409, 6875132.462059852667153 ], [ 362066.611301174329128, 6875137.05552377179265 ], [ 362067.998879139369819, 6875137.446234644390643 ], [ 362077.965150899952278, 6875139.995746024884284 ], [ 362084.448246993415523, 6875140.916559149511158 ], [ 362091.749120492429938, 6875141.148332911543548 ], [ 362092.335195441381074, 6875141.161208086647093 ], [ 362101.837919678131584, 6875141.277094967663288 ], [ 362104.780396401241887, 6875141.16846860293299 ], [ 362110.321813297807239, 6875140.690760249271989 ], [ 362115.279448800138198, 6875140.655682632699609 ], [ 362118.380135703831911, 6875140.472945579327643 ], [ 362120.466099560726434, 6875140.241171817295253 ], [ 362126.333429187070578, 6875138.985516616143286 ], [ 362129.578261853253935, 6875137.942534687928855 ], [ 362133.464814287144691, 6875136.38645539060235 ], [ 362137.057307596202008, 6875134.648152176290751 ], [ 362141.990479752537794, 6875131.643374633975327 ], [ 362146.162407466268633, 6875128.514428848400712 ], [ 362153.47225209698081, 6875120.62069361563772 ], [ 362155.905876596632879, 6875116.796426544897258 ], [ 362158.685907291714102, 6875111.223865026608109 ], [ 362160.076549862977117, 6875107.515484836883843 ], [ 362161.552311600185931, 6875102.06834280397743 ], [ 362163.406501695222687, 6875091.290862876921892 ], [ 362163.792004663962871, 6875087.915795377455652 ], [ 362164.023778425820637, 6875083.859754544682801 ], [ 362164.038682524813339, 6875080.721306346356869 ], [ 362163.691021881997585, 6875073.420432847924531 ], [ 362163.081471299810801, 6875068.667072898708284 ], [ 362161.690828728547785, 6875062.061520685441792 ], [ 362161.619946984574199, 6875061.73392138350755 ], [ 362160.335569975606631, 6875055.954224842600524 ], [ 362159.79034610738745, 6875051.228951318189502 ], [ 362160.262142699793912, 6875049.512135940603912 ], [ 362162.386501141940244, 6875042.30049807112664 ], [ 362163.571189634327311, 6875035.330958460457623 ], [ 362163.572323467116803, 6875035.308423534035683 ], [ 362164.931458405044395, 6875033.503857818432152 ], [ 362167.907616856333334, 6875028.655818283557892 ], [ 362169.570155387220439, 6875025.262882506474853 ], [ 362176.157294382806867, 6875016.293161320500076 ], [ 362176.35804464307148, 6875016.016509432345629 ], [ 362178.559895380865782, 6875012.945507087744772 ], [ 362178.591016372723971, 6875012.90201969910413 ], [ 362180.763640544959344, 6875009.860345857217908 ], [ 362183.744111813954078, 6875005.831190253607929 ], [ 362184.252851694123819, 6875005.122104712761939 ], [ 362185.813645460701082, 6875002.878463673405349 ], [ 362191.195929878449533, 6874997.101478398777544 ], [ 362191.479227036703378, 6874996.890512429177761 ], [ 362192.696251635556109, 6874996.024552619084716 ], [ 362196.379114560957532, 6874994.044518788345158 ], [ 362202.528387388505507, 6874990.768737935461104 ], [ 362204.969801730941981, 6874989.315745571628213 ], [ 362215.57345133664785, 6874982.304589276202023 ], [ 362215.668241043051239, 6874982.241655452176929 ], [ 362217.028317171963863, 6874981.3349380325526 ], [ 362220.959093171346467, 6874979.9574866136536 ], [ 362221.185571579728276, 6874979.889115774072707 ], [ 362225.094737343199085, 6874979.341101882047951 ], [ 362228.495998156373389, 6874978.862057372927666 ], [ 362232.858935072727036, 6874978.465426743961871 ], [ 362236.192450307076797, 6874977.972341848537326 ], [ 362244.072758210764732, 6874976.349925516173244 ], [ 362244.714643813727889, 6874976.210430503822863 ], [ 362251.551969788968563, 6874974.645957610569894 ], [ 362252.356837139290292, 6874974.450061036273837 ], [ 362257.745577102876268, 6874973.059418465010822 ], [ 362259.213950857869349, 6874972.640347732231021 ], [ 362264.452769599913154, 6874970.999909540638328 ], [ 362267.948171300347894, 6874970.037407622672617 ], [ 362271.56787718157284, 6874968.787156376056373 ], [ 362274.059445121674798, 6874967.74417444691062 ], [ 362278.221963561256416, 6874965.606070892885327 ], [ 362281.698569989355747, 6874963.462163595482707 ], [ 362288.95647372759413, 6874957.182945610955358 ], [ 362290.121878948702943, 6874955.222266278229654 ], [ 362293.258700931910425, 6874954.074965505860746 ], [ 362294.243739419907797, 6874953.437587660737336 ], [ 362298.073600795120001, 6874950.49655631929636 ], [ 362300.526007327425759, 6874948.277712313458323 ], [ 362301.832596906810068, 6874947.329381166957319 ], [ 362302.348026271560229, 6874947.015291397459805 ], [ 362305.988781633437611, 6874948.279752575792372 ], [ 362310.450426549476106, 6874949.380677944980562 ], [ 362322.943109863088466, 6874949.781395303085446 ], [ 362330.359870243060868, 6874948.448696171864867 ], [ 362337.341930261405651, 6874946.289675037376583 ], [ 362345.859616010216996, 6874942.465407966636121 ], [ 362349.623466359334998, 6874940.441894226707518 ], [ 362354.583825460926164, 6874937.300333462655544 ], [ 362357.433892307046335, 6874936.069622779265046 ], [ 362360.739657852449454, 6874934.665804534219205 ], [ 362364.01078439084813, 6874933.506041488610208 ], [ 362369.224868389952462, 6874932.543918845243752 ], [ 362376.974434380768798, 6874932.273585148155689 ], [ 362377.562493699544575, 6874932.24729285389185 ], [ 362383.936272151069716, 6874931.899632211774588 ], [ 362384.694694029632956, 6874931.848619329743087 ], [ 362396.283382123277988, 6874930.921524281613529 ], [ 362404.660397838975769, 6874929.017434109002352 ], [ 362407.673456743301358, 6874927.858565298840404 ], [ 362409.873777092900127, 6874927.012288241647184 ], [ 362413.700196143239737, 6874925.559217716567218 ], [ 362415.162016733200289, 6874925.08511374052614 ], [ 362416.785461617284454, 6874924.81453959364444 ], [ 362417.316169804602396, 6874924.721182027831674 ], [ 362422.009588482556865, 6874923.852030420675874 ], [ 362428.121094586094841, 6874922.030966587364674 ], [ 362431.307983811828308, 6874920.698267457075417 ], [ 362436.559244260541163, 6874917.858431853353977 ], [ 362440.151737569598481, 6874915.424807352945209 ], [ 362443.165147174382582, 6874913.091021289117634 ], [ 362447.568848649971187, 6874909.208810778334737 ], [ 362448.505949532613158, 6874908.346655760891736 ], [ 362454.300293579406571, 6874902.784085475839674 ], [ 362456.156175565149169, 6874900.835103088989854 ], [ 362460.038386076514143, 6874896.373458173125982 ], [ 362464.673429062182549, 6874889.191506962291896 ], [ 362466.933223240426742, 6874884.266314522363245 ], [ 362467.47964539489476, 6874882.999303752556443 ], [ 362468.52085642615566, 6874880.423676464706659 ], [ 362469.153116076136939, 6874878.906253304332495 ], [ 362469.159219502296764, 6874878.899312153458595 ], [ 362471.242117381305434, 6874876.999124614521861 ], [ 362477.087781529000495, 6874869.690119785256684 ], [ 362480.158783873834182, 6874864.301379821263254 ], [ 362480.607897589507047, 6874863.484035521745682 ], [ 362483.736843374790624, 6874857.573804594576359 ], [ 362485.59786997793708, 6874853.27772931009531 ], [ 362488.263268239505123, 6874845.51330828666687 ], [ 362489.36845375894336, 6874841.334987733513117 ], [ 362490.527322568290401, 6874835.192983044311404 ], [ 362490.745957765728235, 6874833.873387955129147 ], [ 362491.67305281321751, 6874827.38372262287885 ], [ 362491.750871661643032, 6874826.79782098159194 ], [ 362492.337303772103041, 6874822.022588082589209 ], [ 362493.300360339519102, 6874818.170361812226474 ], [ 362494.328501425043214, 6874815.9295414974913 ], [ 362494.84685854788404, 6874815.42447558324784 ], [ 362498.986987774027511, 6874810.405455484986305 ], [ 362504.086010535247624, 6874802.641034462489188 ], [ 362507.119345644721761, 6874796.654640394262969 ], [ 362509.668857025331818, 6874789.817314418964088 ], [ 362510.61120307847159, 6874786.818868022412062 ], [ 362512.581280054408126, 6874779.170333880931139 ], [ 362513.297864159103483, 6874775.408348837867379 ], [ 362514.456732968450524, 6874766.137398363091052 ], [ 362514.652767200779635, 6874763.87803293671459 ], [ 362515.007472393801436, 6874756.606576480902731 ], [ 362517.313974549470004, 6874745.074065701104701 ], [ 362519.12625982100144, 6874738.969525840133429 ], [ 362520.065338642743882, 6874734.674217874184251 ], [ 362521.108320571132936, 6874727.37334437482059 ], [ 362521.241503156605177, 6874726.304285325109959 ], [ 362521.496556148456875, 6874723.906787201762199 ], [ 362523.288201773248147, 6874718.307894624769688 ], [ 362526.18742096144706, 6874709.610237059183419 ], [ 362528.75485393818235, 6874702.204180396161973 ], [ 362529.914497021469288, 6874699.553567633964121 ], [ 362535.136379331583157, 6874690.947131974622607 ], [ 362537.754629895673133, 6874685.435598771087825 ], [ 362539.568117092130706, 6874680.335166031494737 ], [ 362543.118981623963919, 6874670.598924572579563 ], [ 362543.507597007090226, 6874669.463286033831537 ], [ 362546.288882149616256, 6874660.771769964136183 ], [ 362546.303931134170853, 6874660.724607869051397 ], [ 362547.871873796277214, 6874655.796788074076176 ], [ 362549.029105440713465, 6874653.667481848038733 ], [ 362551.099059489555657, 6874650.2942233979702 ], [ 362551.761478866508696, 6874649.390924247913063 ], [ 362552.556519678153563, 6874648.766588025726378 ], [ 362554.140701811935287, 6874648.113112895749509 ], [ 362563.707795401802287, 6874647.009217482060194 ], [ 362571.964092657726724, 6874646.810270559974015 ], [ 362573.957483247446362, 6874646.695772500708699 ], [ 362581.606017389276531, 6874646.000451215542853 ], [ 362582.015696309972554, 6874645.960371978580952 ], [ 362592.957397864956874, 6874644.814098482020199 ], [ 362601.089798617234919, 6874644.633378465659916 ], [ 362609.528934416885022, 6874645.045043626800179 ], [ 362614.98968717380194, 6874644.812934863381088 ], [ 362633.14368008490419, 6874642.371169734746218 ], [ 362641.682604363013525, 6874642.183501069433987 ], [ 362644.427833852998447, 6874642.183501069433987 ], [ 362657.047237538266927, 6874642.716715309768915 ], [ 362661.940828989259899, 6874643.993304383940995 ], [ 362667.271625510882586, 6874645.38394695520401 ], [ 362672.310990123020019, 6874646.248277929611504 ], [ 362679.148316098260693, 6874646.827712334692478 ], [ 362679.826756835158449, 6874646.877467044629157 ], [ 362692.698837288073264, 6874647.67485255934298 ], [ 362695.488989882636815, 6874647.88947968184948 ], [ 362697.789884850790258, 6874647.977845116518438 ], [ 362703.816002659499645, 6874647.977845116518438 ], [ 362707.222400393278804, 6874647.783825295977294 ], [ 362715.334482058824506, 6874646.856730248779058 ], [ 362718.929272899404168, 6874646.222369128838181 ], [ 362724.723616946255788, 6874644.831726557575166 ], [ 362726.503856535942759, 6874644.346106163226068 ], [ 362732.182313701836392, 6874642.607802948914468 ], [ 362734.406931477831677, 6874641.829992200247943 ], [ 362741.882736316707451, 6874638.881787474267185 ], [ 362747.373578633647412, 6874637.051506702788174 ], [ 362750.12494751974009, 6874635.981269079260528 ], [ 362755.571630923775956, 6874633.547644579783082 ], [ 362758.839502029120922, 6874631.839316619560122 ], [ 362764.981506718788296, 6874628.130936429835856 ], [ 362767.818858783401083, 6874626.187553111463785 ], [ 362772.917881544562988, 6874622.247399158775806 ], [ 362773.737117778800894, 6874621.591145648621023 ], [ 362779.23485283984337, 6874617.026988239958882 ], [ 362784.356095408904366, 6874613.23726873844862 ], [ 362789.113544971856754, 6874608.848039160482585 ], [ 362794.651168078940827, 6874602.502846017479897 ], [ 362800.420492963981815, 6874595.925815648399293 ], [ 362802.178230319812428, 6874593.721050404943526 ], [ 362807.624913723790087, 6874586.188403144478798 ], [ 362810.385263500793371, 6874581.539400055073202 ], [ 362814.051128059916664, 6874573.863996134139597 ], [ 362821.88623221043963, 6874557.732899352908134 ], [ 362829.996208365540951, 6874541.049519834108651 ], [ 362830.127307908027433, 6874540.776328970678151 ], [ 362835.958954164991155, 6874528.465075762011111 ], [ 362838.834700089355465, 6874523.30856582801789 ], [ 362839.610836521023884, 6874521.820487959310412 ], [ 362843.782764234754723, 6874513.244858770631254 ], [ 362844.999514277616981, 6874510.373179095797241 ], [ 362848.244346943858545, 6874501.449889263138175 ], [ 362848.511043180420529, 6874500.684430352412164 ], [ 362852.798857775051147, 6874487.820986568927765 ], [ 362854.212493594037369, 6874481.079344349913299 ], [ 362854.828666082466953, 6874474.373937857337296 ], [ 362855.846897148294374, 6874471.658655015751719 ], [ 362857.101787349092774, 6874467.360714442096651 ], [ 362858.01621594565222, 6874463.0575210461393 ], [ 362860.174248194263782, 6874453.924420279450715 ], [ 362861.829369543644134, 6874451.049735831096768 ], [ 362865.138543465349358, 6874446.183303592726588 ], [ 362865.900430261914153, 6874445.004489546641707 ], [ 362869.029376047255937, 6874439.905466785654426 ], [ 362871.869055197981652, 6874433.853870531544089 ], [ 362874.070905935775954, 6874427.36420519836247 ], [ 362874.73846800281899, 6874425.10993024148047 ], [ 362876.212995601294097, 6874419.303977822884917 ], [ 362879.207348638563417, 6874411.13756044767797 ], [ 362889.117735571693629, 6874388.29327870439738 ], [ 362889.252591355412733, 6874387.97748689353466 ], [ 362890.756315259379335, 6874384.399661052972078 ], [ 362893.000615443859715, 6874379.483574934303761 ], [ 362893.564276054326911, 6874378.166524738073349 ], [ 362896.577334958710708, 6874370.633877477608621 ], [ 362897.468540227157064, 6874368.076787935569882 ], [ 362900.335204606584739, 6874358.4778056954965 ], [ 362901.302022237272467, 6874356.759018796496093 ], [ 362901.579488035407849, 6874356.254475006833673 ], [ 362904.071055975509807, 6874351.618999768979847 ], [ 362905.66202661592979, 6874348.145124364644289 ], [ 362906.705008544377051, 6874345.421782662160695 ], [ 362907.883566193107981, 6874341.598533745855093 ], [ 362909.158321883413009, 6874336.209793782792985 ], [ 362909.847957184014376, 6874331.940439010970294 ], [ 362910.316605289757717, 6874326.62909381184727 ], [ 362911.193173986277543, 6874319.822795699350536 ], [ 362911.292274091625586, 6874319.14230830874294 ], [ 362913.743610699544661, 6874314.446374325081706 ], [ 362914.470912138989661, 6874312.953825785778463 ], [ 362916.382035012240522, 6874308.739554834552109 ], [ 362920.568208271812182, 6874300.738135058432817 ], [ 362921.67868196888594, 6874298.36954437661916 ], [ 362923.72374435357051, 6874293.461394653655589 ], [ 362926.432102140330244, 6874287.73889674898237 ], [ 362935.948295015434269, 6874271.590205809101462 ], [ 362943.150455541966949, 6874263.013948866166174 ], [ 362946.962050075584557, 6874257.232302246615291 ], [ 362950.264826182276011, 6874250.684693473391235 ], [ 362951.886033136339393, 6874246.821027147583663 ], [ 362953.971996993175708, 6874240.679022458381951 ], [ 362954.144648188434076, 6874240.154877378605306 ], [ 362958.573586724698544, 6874226.281094011850655 ], [ 362965.048572719970252, 6874210.633211188018322 ], [ 362965.246350969013292, 6874210.143070055171847 ], [ 362970.693034373049159, 6874196.294587783515453 ], [ 362970.726705276174471, 6874196.2085893265903 ], [ 362980.444753134448547, 6874171.274855108000338 ], [ 362982.25792549259495, 6874167.512522464618087 ], [ 362982.752941184153315, 6874166.431058348156512 ], [ 362985.418339445721358, 6874160.289053658954799 ], [ 362986.424132057873067, 6874157.633841540664434 ], [ 362989.668964724056423, 6874147.667569779790938 ], [ 362989.901484646892641, 6874146.920439753681421 ], [ 362992.709746895998251, 6874137.464046466164291 ], [ 362994.126611248473637, 6874132.816731390543282 ], [ 362995.409564845263958, 6874125.192168379202485 ], [ 362995.583395166671835, 6874120.55669314134866 ], [ 362994.956566539825872, 6874113.23133546859026 ], [ 362994.120933673577383, 6874109.276006569154561 ], [ 362993.406568629376125, 6874105.704181347042322 ], [ 362993.203805659199134, 6874104.411567412316799 ], [ 362995.891012779960874, 6874100.472784372977912 ], [ 362996.804768188972957, 6874099.048784807324409 ], [ 362998.021856540523004, 6874097.028936053626239 ], [ 362999.422763331560418, 6874095.483107870444655 ], [ 362999.790160084783565, 6874095.070121298544109 ], [ 363002.380843276740052, 6874092.103371190838516 ], [ 363003.75876871321816, 6874090.815801520831883 ], [ 363006.331937335664406, 6874088.833766231313348 ], [ 363009.146374022297096, 6874086.877971245907247 ], [ 363013.412569420528598, 6874083.281403173692524 ], [ 363021.893124877824448, 6874074.661058340221643 ], [ 363025.752050066716038, 6874072.032997220754623 ], [ 363027.477752145437989, 6874070.943080117926002 ], [ 363030.993169729365036, 6874069.509608870372176 ], [ 363033.082104516681284, 6874068.563145386055112 ], [ 363037.949353515985422, 6874066.129520886577666 ], [ 363047.192619672801811, 6874058.957304670475423 ], [ 363050.611282660451252, 6874055.017150717787445 ], [ 363053.347334243182559, 6874051.327059055678546 ], [ 363056.881884111731779, 6874045.706545329652727 ], [ 363058.737586591392756, 6874042.280345645733178 ], [ 363060.417946364963427, 6874038.62990889698267 ], [ 363061.134485022281297, 6874036.938841553404927 ], [ 363062.641014474502299, 6874033.056631041690707 ], [ 363063.175801948062144, 6874031.562503540888429 ], [ 363064.450557638367172, 6874027.680293029174209 ], [ 363065.213020673021674, 6874024.920199282467365 ], [ 363066.545719803776592, 6874019.009968355298042 ], [ 363066.664213852316607, 6874018.46053639985621 ], [ 363068.286630185437389, 6874010.58022849727422 ], [ 363068.660486624052282, 6874008.336841399781406 ], [ 363069.177512480819132, 6874004.294639246538281 ], [ 363069.770147295668721, 6874001.22034614533186 ], [ 363070.962309356196783, 6873996.451697902753949 ], [ 363071.797106837679166, 6873991.086633779108524 ], [ 363072.016375475621317, 6873987.651425117626786 ], [ 363073.928180254762992, 6873982.829111570492387 ], [ 363076.743627599906176, 6873976.483182634226978 ], [ 363081.020014423527755, 6873968.920313342474401 ], [ 363097.994840708561242, 6873948.16194144077599 ], [ 363101.463676562125329, 6873944.456594051793218 ], [ 363129.355911259073764, 6873919.675416301004589 ], [ 363135.626266760926228, 6873915.209266863763332 ], [ 363139.060166775074322, 6873914.37280404008925 ], [ 363146.505151132529136, 6873911.463256762363017 ], [ 363156.443627898290288, 6873905.953883772715926 ], [ 363162.343882614397444, 6873903.095947893336415 ], [ 363170.474637767940294, 6873899.716932765208185 ], [ 363171.37581586727174, 6873899.324986848048866 ], [ 363180.299105699406937, 6873895.268946015276015 ], [ 363181.46834424091503, 6873894.706656914204359 ], [ 363196.301865000801627, 6873887.174009653739631 ], [ 363196.747308575664647, 6873886.943102223798633 ], [ 363214.70977512083482, 6873877.440377986989915 ], [ 363216.545746677264106, 6873876.384511801414192 ], [ 363228.506955264194403, 6873868.931758758611977 ], [ 363239.630866785882972, 6873865.312073263339698 ], [ 363248.114199191448279, 6873860.95799872931093 ], [ 363257.732810309156775, 6873853.888898991979659 ], [ 363259.406007693847641, 6873852.565043711103499 ], [ 363267.170428716635797, 6873845.959491497837007 ], [ 363271.184357454825658, 6873841.816510922275484 ], [ 363278.948778477555607, 6873832.082012923434377 ], [ 363278.968225945194717, 6873832.057604991830885 ], [ 363297.046579371322878, 6873809.343776328489184 ], [ 363301.096487441682257, 6873802.598930390551686 ], [ 363304.882666332530789, 6873793.869684613309801 ], [ 363309.075779620034155, 6873785.693113703280687 ], [ 363309.680403443519026, 6873784.443732217885554 ], [ 363311.766367300355341, 6873779.866200421005487 ], [ 363313.361540746118408, 6873775.495667664334178 ], [ 363316.07231551076984, 6873765.789345119148493 ], [ 363317.834304356714711, 6873762.010178882628679 ], [ 363319.572607570735272, 6873757.027043002657592 ], [ 363320.909613603726029, 6873751.62982190772891 ], [ 363321.662878329807427, 6873746.646686026826501 ], [ 363321.999866853584535, 6873742.162742432206869 ], [ 363321.999866853642743, 6873725.881610871292651 ], [ 363322.201614329998847, 6873721.871879777871072 ], [ 363324.402458295575343, 6873715.750782498158514 ], [ 363324.605608197569381, 6873715.166948231868446 ], [ 363325.73477363557322, 6873711.810817624442279 ], [ 363326.029863230534829, 6873711.300085633061826 ], [ 363327.009657208400313, 6873710.102559660561383 ], [ 363333.03038503206335, 6873704.910772623494267 ], [ 363333.442785611143336, 6873704.54852095246315 ], [ 363342.366573357954621, 6873696.564079283736646 ], [ 363351.877847142110113, 6873689.454642313532531 ], [ 363359.849623956077266, 6873684.38169343303889 ], [ 363361.033721755840816, 6873683.588034523651004 ], [ 363371.690414380107541, 6873676.072261829860508 ], [ 363381.700395093532279, 6873669.435209400951862 ], [ 363396.034244428214151, 6873660.406012969091535 ], [ 363412.756741558609065, 6873650.032121372409165 ], [ 363418.124082521477249, 6873647.324701595120132 ], [ 363419.214008150971495, 6873646.746500176377594 ], [ 363426.788190642837435, 6873642.526598501950502 ], [ 363435.82808691856917, 6873637.965684067457914 ], [ 363436.464231976890005, 6873637.635134510695934 ], [ 363451.413639617676381, 6873629.638939726166427 ], [ 363452.511679644114338, 6873629.021624349057674 ], [ 363466.649879118369427, 6873620.677768921479583 ], [ 363467.800946609990206, 6873619.962919551879168 ], [ 363476.144802037451882, 6873614.516236147843301 ], [ 363481.027430086047389, 6873610.539746109396219 ], [ 363489.139250995067414, 6873602.375590873882174 ], [ 363492.546696440142114, 6873599.467904093675315 ], [ 363492.782466746575665, 6873599.264589817263186 ], [ 363495.973581068858039, 6873596.483761621639132 ], [ 363497.528598337841686, 6873596.018314275890589 ], [ 363502.917037073115353, 6873594.968025370500982 ], [ 363503.779938650957774, 6873594.786630440503359 ], [ 363513.282662887766492, 6873592.642723143100739 ], [ 363519.675872634805273, 6873590.417403494007885 ], [ 363527.150576455169357, 6873586.824910184368491 ], [ 363529.985513650113717, 6873585.269001089967787 ], [ 363537.634047791943885, 6873580.51763897202909 ], [ 363537.687292264192365, 6873580.484485669992864 ], [ 363554.027342476241756, 6873570.286440147086978 ], [ 363554.284665550920181, 6873570.124022204428911 ], [ 363564.313764795428142, 6873563.72246949467808 ], [ 363572.858630109985825, 6873559.056868188083172 ], [ 363575.82226979121333, 6873557.206911291927099 ], [ 363582.775482647411991, 6873552.281718851998448 ], [ 363585.568491461279336, 6873550.041510682553053 ], [ 363591.073118305765092, 6873545.058374802581966 ], [ 363596.595524214440957, 6873538.366900022141635 ], [ 363598.913261833193246, 6873534.542632951401174 ], [ 363601.451129591441713, 6873529.24587336089462 ], [ 363602.215530827292241, 6873527.143769962713122 ], [ 363604.82000780350063, 6873520.632577521726489 ], [ 363605.072784863121342, 6873519.97857282217592 ], [ 363605.460810745309573, 6873518.938663458451629 ], [ 363609.792167534469627, 6873517.017234506085515 ], [ 363617.752789886260871, 6873513.897531152702868 ], [ 363619.094291002722457, 6873513.333906409330666 ], [ 363622.284163280797657, 6873511.901718855835497 ], [ 363628.21517676912481, 6873510.446255423128605 ], [ 363632.210008268244565, 6873509.713869648054242 ], [ 363641.566963983757887, 6873509.335810831747949 ], [ 363641.834770950197708, 6873509.321549817919731 ], [ 363643.308962091105059, 6873510.124327171593904 ], [ 363645.224168813379947, 6873511.307248970493674 ], [ 363651.347758574353065, 6873516.032538707368076 ], [ 363652.030060896940995, 6873516.543737942352891 ], [ 363660.315972883836366, 6873522.569855750538409 ], [ 363660.802739595295861, 6873522.916508479043841 ], [ 363667.118574606371112, 6873527.320209954865277 ], [ 363674.067821655829903, 6873530.920932654291391 ], [ 363678.299934925802518, 6873532.452554600313306 ], [ 363683.951124521670863, 6873535.382801056839526 ], [ 363691.409780760470312, 6873540.790326829999685 ], [ 363692.867129583319183, 6873541.78290131688118 ], [ 363693.653949913394172, 6873542.285592083819211 ], [ 363695.191772467340343, 6873543.983188409358263 ], [ 363698.160002867574804, 6873547.412006285972893 ], [ 363698.241350466152653, 6873547.629730740562081 ], [ 363701.689970662700944, 6873554.223266988061368 ], [ 363704.703029567026533, 6873558.569025022909045 ], [ 363705.516022629686631, 6873559.685796156525612 ], [ 363713.607213817536831, 6873570.278868829831481 ], [ 363722.701356403937098, 6873584.353137117810547 ], [ 363727.771456738817506, 6873590.317748917266726 ], [ 363741.277099245635327, 6873602.537139757536352 ], [ 363750.104121917451266, 6873612.264879028312862 ], [ 363759.735303245368414, 6873626.814110395498574 ], [ 363765.072197990375571, 6873632.898468351922929 ], [ 363784.158241934608668, 6873649.485149400308728 ], [ 363793.016396110469941, 6873657.725292819552124 ], [ 363803.220689094800036, 6873668.580923654139042 ], [ 363806.417251736624166, 6873671.522339290007949 ], [ 363823.29739190073451, 6873684.933957502245903 ], [ 363836.372769632434938, 6873695.394259687513113 ], [ 363845.538322896405589, 6873705.638113334774971 ], [ 363856.045628648251295, 6873720.016531731933355 ], [ 363860.329809461312834, 6873729.477431027218699 ], [ 363861.55776929249987, 6873731.892581587657332 ], [ 363869.438077196246013, 6873745.799007300287485 ], [ 363869.653196240717079, 6873746.172352665103972 ], [ 363892.232915552915074, 6873784.717530076391995 ], [ 363897.228378401137888, 6873794.27406769990921 ], [ 363900.034748943173327, 6873798.66558900475502 ], [ 363908.863880680350121, 6873810.145633092150092 ], [ 363917.248454615531955, 6873817.604665291495621 ], [ 363925.250564263376873, 6873822.389431885443628 ], [ 363937.889267538208514, 6873835.123882912099361 ], [ 363940.079782784800045, 6873837.122917993925512 ], [ 363958.042249329970218, 6873851.956438753753901 ], [ 363960.571893532178365, 6873853.831151348538697 ], [ 363978.396744410449173, 6873865.644370327703655 ], [ 363979.448182525811717, 6873866.310229633934796 ], [ 363986.129729573207442, 6873870.349852379411459 ], [ 364002.486277367919683, 6873884.428906177170575 ], [ 364013.907715346722398, 6873894.350559371523559 ], [ 364020.039512472925708, 6873898.47207935526967 ], [ 364028.198662162176333, 6873902.599649197421968 ], [ 364035.758449750137515, 6873907.71109648887068 ], [ 364059.302499708952382, 6873926.767257360741496 ], [ 364062.950391475169454, 6873929.297228104434907 ], [ 364079.448735507554375, 6873939.015430754050612 ], [ 364095.491836659610271, 6873949.183593455702066 ], [ 364095.908388554526027, 6873949.442855028435588 ], [ 364112.572593135468196, 6873959.626535605639219 ], [ 364120.422890718502458, 6873964.443763667717576 ], [ 364128.812683946802281, 6873971.977455546148121 ], [ 364133.315926720388234, 6873976.762150993570685 ], [ 364134.817509029875509, 6873983.8410390233621 ], [ 364136.074657456018031, 6873988.149616020731628 ], [ 364138.855942598485854, 6873995.566376400180161 ], [ 364139.122573764238041, 6873996.251723216846585 ], [ 364144.916917811089661, 6874010.621696453541517 ], [ 364146.100329693988897, 6874013.198273818939924 ], [ 364152.821768788271584, 6874026.177604483440518 ], [ 364161.137497436720878, 6874036.135444719344378 ], [ 364169.249579102324788, 6874042.393336290493608 ], [ 364171.850759962922893, 6874044.189618126489222 ], [ 364183.902995580341667, 6874051.606378505937755 ], [ 364189.408413774392102, 6874054.263057353906333 ], [ 364196.629583339497913, 6874056.87885585706681 ], [ 364211.842781586863566, 6874063.383049311116338 ], [ 364213.13364196306793, 6874063.899893204681575 ], [ 364224.084708408277947, 6874067.992716018110514 ], [ 364243.039567160943989, 6874075.890573831275105 ], [ 364247.556413541722577, 6874077.364975254051387 ], [ 364260.072196682915092, 6874080.378034158609807 ], [ 364262.796485098777339, 6874080.901946170255542 ], [ 364271.603888049954548, 6874082.176701860502362 ], [ 364272.741014131519478, 6874082.319168603047729 ], [ 364283.612652153591625, 6874083.470794536173344 ], [ 364293.0587254758575, 6874082.971779089421034 ], [ 364306.038056140765548, 6874080.190493946895003 ], [ 364308.611371604027227, 6874079.518500754609704 ], [ 364317.262495748058427, 6874076.844516928307712 ], [ 364327.135312288010027, 6874076.687965835444629 ], [ 364329.913093947281595, 6874076.514801985584199 ], [ 364342.660650850331876, 6874075.124159414321184 ], [ 364348.3719398707035, 6874073.930343094281852 ], [ 364359.844741083448753, 6874070.337849785573781 ], [ 364361.767613361414988, 6874069.663215058855712 ], [ 364372.351641682907939, 6874065.541014554910362 ], [ 364379.106562419503462, 6874063.144107196480036 ], [ 364388.103765417123213, 6874058.06347594410181 ], [ 364392.623353773669805, 6874054.355095753446221 ], [ 364399.552088870899752, 6874046.201847935095429 ], [ 364403.178855336213019, 6874036.135598134249449 ], [ 364403.04231711133616, 6874025.436804868280888 ], [ 364401.548986281442922, 6874017.756817743182182 ], [ 364400.78437792242039, 6874012.591810274869204 ], [ 364400.396991446265019, 6874005.618853704072535 ], [ 364399.030954250309151, 6873998.186844573356211 ], [ 364397.912327210302465, 6873994.671159590594471 ], [ 364397.661895707598887, 6873993.419002077542245 ], [ 364397.661895707598887, 6873990.17775078304112 ], [ 364398.915246513963211, 6873977.122013214975595 ], [ 364399.042155859351624, 6873975.044393688440323 ], [ 364399.158042740309611, 6873970.64069221355021 ], [ 364399.149310790118761, 6873968.78074583504349 ], [ 364398.820764516887721, 6873959.581450184807181 ], [ 364398.820764516887721, 6873956.988047965802252 ], [ 364398.783334683219437, 6873955.48991945758462 ], [ 364398.435674040403683, 6873948.536706601269543 ], [ 364397.318822303088382, 6873941.793201271444559 ], [ 364395.970992253976874, 6873937.075796100310981 ], [ 364394.547917271032929, 6873931.89173723384738 ], [ 364393.335145369346719, 6873926.667489041574299 ], [ 364392.931808886642102, 6873924.467471863143146 ], [ 364393.04030484094983, 6873923.29571555647999 ], [ 364396.338792902010027, 6873916.41191438678652 ], [ 364397.218159563664813, 6873914.389065920375288 ], [ 364400.788144904770888, 6873905.274209730327129 ], [ 364401.130270808527712, 6873904.878626653924584 ], [ 364402.785405877162702, 6873902.783210443332791 ], [ 364406.957333590893541, 6873896.988866397179663 ], [ 364408.658597612811718, 6873894.343892768956721 ], [ 364410.512787707790267, 6873891.099060102365911 ], [ 364413.002178011927754, 6873885.470032894052565 ], [ 364414.392820583132561, 6873881.182218299247324 ], [ 364415.743353660393041, 6873874.525965849868953 ], [ 364416.206901184166782, 6873869.195169326849282 ], [ 364415.561653094133362, 6873859.894996145740151 ], [ 364414.286897403828334, 6873854.33242586068809 ], [ 364411.403663135075476, 6873846.708310937508941 ], [ 364408.506491111649666, 6873841.377514414489269 ], [ 364408.146429530519526, 6873840.733980680815876 ], [ 364405.944578792725224, 6873836.909713610075414 ], [ 364405.22679288132349, 6873835.726968644186854 ], [ 364404.155996481364127, 6873834.050939496606588 ], [ 364401.651719114452135, 6873827.626923642121255 ], [ 364401.160355666070245, 6873823.371266199275851 ], [ 364399.885599975765217, 6873817.924582795239985 ], [ 364399.496380097058136, 6873816.434927231632173 ], [ 364397.989850644895341, 6873811.220017589628696 ], [ 364395.55259867204586, 6873805.267713273875415 ], [ 364392.887200410477817, 6873800.342520833946764 ], [ 364386.782291680807248, 6873792.513291652314365 ], [ 364380.795061447599437, 6873787.021245874464512 ], [ 364374.485407412226778, 6873779.110634844750166 ], [ 364369.032128290564287, 6873773.817416996695101 ], [ 364367.641485719301272, 6873772.77443506848067 ], [ 364366.845356056292076, 6873772.197477457113564 ], [ 364363.68559182487661, 6873769.985642494633794 ], [ 364361.331212861929089, 6873768.245449348352849 ], [ 364358.93435369519284, 6873766.645945822820067 ], [ 364356.61661607644055, 6873765.255303251557052 ], [ 364350.147428856231272, 6873762.351146150380373 ], [ 364343.17731373058632, 6873761.046536287292838 ], [ 364336.224100874387659, 6873760.582988763228059 ], [ 364334.228530557302292, 6873760.516543499194086 ], [ 364328.714808426855598, 6873760.516543499194086 ], [ 364322.733630540315062, 6873760.034190444275737 ], [ 364322.241242809512187, 6873759.998556867241859 ], [ 364313.202066096477211, 6873759.419122462160885 ], [ 364307.528885812789667, 6873759.593482003547251 ], [ 364296.535057158849668, 6873760.980091022327542 ], [ 364294.866128851950634, 6873760.980091022327542 ], [ 364292.265143600583542, 6873760.691092661581933 ], [ 364287.590329298516735, 6873759.522389085032046 ], [ 364281.624699337058701, 6873757.474486262537539 ], [ 364278.66716122237267, 6873756.32154767587781 ], [ 364280.239423799619544, 6873756.024092593230307 ], [ 364285.981580374878831, 6873754.329756014980376 ], [ 364292.239471945445985, 6873751.780244634486735 ], [ 364295.628402515081689, 6873750.144739955663681 ], [ 364304.193857559876051, 6873745.326671493239701 ], [ 364311.850267799047288, 6873741.548183322884142 ], [ 364321.728778900229372, 6873737.157733944244683 ], [ 364329.749324802134652, 6873731.919277605600655 ], [ 364334.964234444312751, 6873727.167915487661958 ], [ 364341.758974274329375, 6873718.069878980517387 ], [ 364344.843116790754721, 6873711.702617011964321 ], [ 364349.763128676044289, 6873703.281827438622713 ], [ 364353.091420394252054, 6873698.387280793860555 ], [ 364355.860942830971908, 6873695.873406582511961 ], [ 364364.652076176018454, 6873690.526222382672131 ], [ 364365.208307957916986, 6873690.179515386000276 ], [ 364386.53149405028671, 6873676.562806874513626 ], [ 364389.001990485645365, 6873674.803262213245034 ], [ 364395.017505344061647, 6873670.042782829143107 ], [ 364395.350946366554126, 6873671.065335297957063 ], [ 364395.501903193129692, 6873673.264991913922131 ], [ 364395.860436360235326, 6873676.265883249230683 ], [ 364397.019305169582367, 6873683.045265783555806 ], [ 364398.830111687420867, 6873689.364378744736314 ], [ 364402.248774675070308, 6873697.708234172314405 ], [ 364404.807856319937855, 6873702.61000048276037 ], [ 364410.141980231797788, 6873710.869289118796587 ], [ 364412.388822565961163, 6873714.400041358545423 ], [ 364415.301874880853575, 6873719.148715680465102 ], [ 364417.281290122133214, 6873723.84184536524117 ], [ 364419.045399070309941, 6873730.118791157379746 ], [ 364420.838892030180432, 6873738.136759683489799 ], [ 364423.185383176605683, 6873744.808260258287191 ], [ 364425.879615131590981, 6873750.296510537154973 ], [ 364428.748846991395112, 6873757.264645054005086 ], [ 364430.398612488177605, 6873760.650316478684545 ], [ 364432.832236987829674, 6873764.938131073489785 ], [ 364433.61296981346095, 6873766.236230256967247 ], [ 364436.046594313113019, 6873770.060497327707708 ], [ 364436.597221108793747, 6873770.894750031642616 ], [ 364438.103750561014749, 6873773.096600769087672 ], [ 364444.122116970131174, 6873779.582147581502795 ], [ 364449.337026612251066, 6873783.754075295291841 ], [ 364452.508534009510186, 6873785.97163646761328 ], [ 364455.753366675751749, 6873787.941713443957269 ], [ 364461.070418815710582, 6873790.491890694946051 ], [ 364466.169441576930694, 6873792.346080789342523 ], [ 364475.222692315350287, 6873794.128306845203042 ], [ 364481.017036362143699, 6873794.360080607235432 ], [ 364491.896295348356944, 6873792.779357490129769 ], [ 364496.995318109577056, 6873791.041054275818169 ], [ 364503.610255526262335, 6873787.834395186975598 ], [ 364509.246758320659865, 6873783.115296143107116 ], [ 364512.491590986901429, 6873779.638689715415239 ], [ 364515.394491061510053, 6873775.769616663455963 ], [ 364517.806107982178219, 6873774.410341671667993 ], [ 364518.414493950840551, 6873774.057976493611932 ], [ 364527.569557544833515, 6873768.611293089576066 ], [ 364536.711514109105337, 6873760.169612214900553 ], [ 364538.681591085041873, 6873757.388327072374523 ], [ 364540.950859729375225, 6873753.628577643074095 ], [ 364543.170816537050996, 6873749.255935446359217 ], [ 364556.403194161946885, 6873733.702954282052815 ], [ 364556.928503253380768, 6873733.068054870702326 ], [ 364563.128451383439824, 6873725.361577289178967 ], [ 364564.330871514626779, 6873723.760368588380516 ], [ 364567.293749276956078, 6873719.527686070650816 ], [ 364570.175165548338555, 6873715.685797709040344 ], [ 364571.537918346119113, 6873714.441545153968036 ], [ 364577.081134579377249, 6873710.888201414607465 ], [ 364590.949444948288146, 6873703.954046230763197 ], [ 364593.75576482428005, 6873702.356584761291742 ], [ 364603.490262822946534, 6873696.098693190142512 ], [ 364604.643749047478195, 6873695.318751177750528 ], [ 364611.819053644838277, 6873690.220508437603712 ], [ 364615.45721439603949, 6873688.305686989799142 ], [ 364617.688137616903987, 6873687.783556022681296 ], [ 364628.187189192394726, 6873688.880471858195961 ], [ 364637.633832613530103, 6873688.367613721638918 ], [ 364646.451049289258663, 6873684.938505166210234 ], [ 364662.83252596843522, 6873675.35688673146069 ], [ 364664.02600315696327, 6873675.456343163736165 ], [ 364667.598162136273459, 6873676.563209326006472 ], [ 364671.533696024445817, 6873684.665779096074402 ], [ 364677.516206711938139, 6873692.980265232734382 ], [ 364685.947195457585622, 6873698.797441748902202 ], [ 364693.968656774552073, 6873702.49965466465801 ], [ 364697.195656190800946, 6873704.292432118207216 ], [ 364702.763448187441099, 6873708.642269615083933 ], [ 364711.175433566444553, 6873713.265472930856049 ], [ 364720.617016433738172, 6873714.995218540541828 ], [ 364730.121635651972611, 6873713.654427568428218 ], [ 364738.716276877035853, 6873709.38036052044481 ], [ 364744.923419323342387, 6873703.205153977498412 ], [ 364742.811762674187776, 6873708.112525063566864 ], [ 364741.716882858541794, 6873711.078428278677166 ], [ 364740.673900930094533, 6873714.439147825352848 ], [ 364739.327295369992498, 6873723.034109127707779 ], [ 364739.269351929542609, 6873728.886396615765989 ], [ 364739.267881593550555, 6873729.183411761187017 ], [ 364739.267881593550555, 6873732.602074748836458 ], [ 364739.639496563002467, 6873737.309388258494437 ], [ 364740.624535050941631, 6873743.509336387738585 ], [ 364744.060901038348675, 6873753.43001448456198 ], [ 364750.705162644735537, 6873761.559113623574376 ], [ 364754.695717207854614, 6873764.986897671595216 ], [ 364753.926231455523521, 6873767.426416979171336 ], [ 364752.187928241444752, 6873776.639424012973905 ], [ 364751.721632489818148, 6873783.998428511433303 ], [ 364752.069293132633902, 6873789.792772558517754 ], [ 364752.423620781686623, 6873792.927973455749452 ], [ 364753.23482894821791, 6873797.795222454704344 ], [ 364754.076685888343491, 6873801.432952681556344 ], [ 364757.311129110399634, 6873812.283988007344306 ], [ 364760.333493019570597, 6873826.734665447846055 ], [ 364760.507855511270463, 6873829.350102823227644 ], [ 364759.999373652914073, 6873835.451885123737156 ], [ 364759.90731378068449, 6873837.110237501561642 ], [ 364759.769559973152354, 6873842.069374573417008 ], [ 364758.761462832102552, 6873845.975750994868577 ], [ 364757.993270503240637, 6873850.159145782701671 ], [ 364757.066175455693156, 6873858.503001210279763 ], [ 364757.353136636083946, 6873867.107981196604669 ], [ 364759.979645065031946, 6873881.763898230157793 ], [ 364760.675689217052422, 6873891.011341963894665 ], [ 364760.702469684823882, 6873891.342612070031464 ], [ 364760.964711844746489, 6873894.377128492109478 ], [ 364760.898081192572135, 6873897.075669906102121 ], [ 364755.640717202157248, 6873895.756714781746268 ], [ 364751.700563250342384, 6873895.582884460687637 ], [ 364747.291345466161147, 6873895.712977694347501 ], [ 364740.569906371820252, 6873896.40829898044467 ], [ 364732.765976328460965, 6873898.295731034129858 ], [ 364728.304331412422471, 6873900.034034247510135 ], [ 364725.918762443820015, 6873901.085028038360178 ], [ 364721.457117527723312, 6873903.286878776736557 ], [ 364716.158955044520553, 6873906.631131774745882 ], [ 364713.145896140194964, 6873909.006812833249569 ], [ 364706.971380377712194, 6873915.609667795710266 ], [ 364704.82210786617361, 6873918.746912349946797 ], [ 364704.688484574318863, 6873918.884584832005203 ], [ 364703.020427563169505, 6873920.753341910429299 ], [ 364699.985657326353248, 6873924.453267266973853 ], [ 364698.656449815433007, 6873925.71251648850739 ], [ 364694.367728545272257, 6873929.345315681770444 ], [ 364693.933712125231978, 6873929.720136190764606 ], [ 364688.602915602154098, 6873934.413554868660867 ], [ 364686.654649153351784, 6873936.291475193575025 ], [ 364681.381796070782002, 6873941.854045477695763 ], [ 364676.788813069229946, 6873948.179918919689953 ], [ 364674.586962331435643, 6873952.235959752462804 ], [ 364672.942319674300961, 6873955.805059789679945 ], [ 364671.450721783039626, 6873959.693868577480316 ], [ 364670.734440295957029, 6873961.43340933136642 ], [ 364669.91534386377316, 6873962.316748620942235 ], [ 364665.244151875958778, 6873968.976237839087844 ], [ 364663.476070900913328, 6873972.408395025879145 ], [ 364661.150970004266128, 6873976.613364732824266 ], [ 364658.794711337133776, 6873980.629714732989669 ], [ 364656.781637262261938, 6873984.75512483343482 ], [ 364654.232125881651882, 6873991.186846725642681 ], [ 364653.428056397649925, 6873993.482992534525692 ], [ 364652.434481991454959, 6873996.737805244512856 ], [ 364651.377570837270468, 6873998.910344839096069 ], [ 364649.525445994921029, 6874003.735007733106613 ], [ 364648.424520626023877, 6874007.559274804778397 ], [ 364647.499878785049077, 6874013.315261610783637 ], [ 364646.12787252839189, 6874014.856130175292492 ], [ 364645.107146057009231, 6874016.065237082540989 ], [ 364643.252955962030683, 6874018.38297470100224 ], [ 364640.239897056075279, 6874022.149298334494233 ], [ 364640.201146413222887, 6874022.1978395646438 ], [ 364637.477804711204953, 6874025.616502552293241 ], [ 364636.942619637644384, 6874026.308812747709453 ], [ 364635.356270572519861, 6874028.423944834619761 ], [ 364632.531348111340776, 6874031.784628451801836 ], [ 364630.417243454547133, 6874034.624320632778108 ], [ 364622.942539634066634, 6874046.010206684470177 ], [ 364621.313787525461521, 6874048.809807201847434 ], [ 364620.039031835156493, 6874051.301375141367316 ], [ 364617.263167803699616, 6874059.421779219992459 ], [ 364616.43009147507837, 6874063.852230604737997 ], [ 364616.166162995796185, 6874064.586950425058603 ], [ 364616.126098970125895, 6874064.715842540375888 ], [ 364616.006490925792605, 6874064.690212245099247 ], [ 364615.604102317243814, 6874064.606864396482706 ], [ 364609.809758270392194, 6874063.44799558725208 ], [ 364607.313564855139703, 6874063.057258213870227 ], [ 364603.878970520105213, 6874062.666963403113186 ], [ 364602.490657350397669, 6874062.349634679034352 ], [ 364600.840660831076093, 6874061.847461825236678 ], [ 364598.117699444701429, 6874061.156230270862579 ], [ 364593.018676683539525, 6874060.113248342648149 ], [ 364587.006789600185584, 6874059.504696311429143 ], [ 364583.877843814902008, 6874059.504696311429143 ], [ 364572.236133816302754, 6874061.855635056272149 ], [ 364570.034283078508452, 6874062.782730103470385 ], [ 364563.452489849296398, 6874066.601056369952857 ], [ 364561.482412873359863, 6874068.107585822232068 ], [ 364557.184510593069717, 6874072.119483964517713 ], [ 364554.634999212459661, 6874075.016655988059938 ], [ 364551.06582726322813, 6874080.027327251620591 ], [ 364548.632202763576061, 6874084.315141846425831 ], [ 364545.667992243019398, 6874091.652076235041022 ], [ 364544.625010314572137, 6874095.708117067813873 ], [ 364543.705806099693291, 6874101.930431920103729 ], [ 364543.589919218735304, 6874104.711717062629759 ], [ 364543.652276846463792, 6874108.261528371833265 ], [ 364543.999937489279546, 6874112.781116727739573 ], [ 364544.950670263380744, 6874118.307492514140904 ], [ 364546.109539072727785, 6874122.595307108946145 ], [ 364547.496089963184204, 6874126.585615312680602 ], [ 364549.234393177262973, 6874130.641656145453453 ], [ 364549.975928346859291, 6874132.240485051646829 ], [ 364551.714231560879853, 6874135.717091480270028 ], [ 364553.003969408746343, 6874138.03444261662662 ], [ 364556.02175111224642, 6874142.933680813759565 ], [ 364556.02175111224642, 6874144.058445513248444 ], [ 364556.211149385024328, 6874147.42415861133486 ], [ 364557.022357551613823, 6874154.609145229682326 ], [ 364557.624469961854629, 6874158.089171815663576 ], [ 364559.314391422783956, 6874165.29950338229537 ], [ 364560.311914126039483, 6874169.843773474916816 ], [ 364561.077559852681588, 6874172.666695570573211 ], [ 364562.468202423886396, 6874176.954510165378451 ], [ 364563.238478306564502, 6874179.058354596607387 ], [ 364565.324442163459025, 6874184.157377357594669 ], [ 364569.585920476762112, 6874191.440233316272497 ], [ 364574.916716999839991, 6874198.161672410555184 ], [ 364582.140185799449682, 6874204.717331135645509 ], [ 364587.547690432693344, 6874208.211411052383482 ], [ 364587.704594929178711, 6874208.355240173637867 ], [ 364589.219379892107099, 6874210.411019766703248 ], [ 364591.107975729100872, 6874212.723636362701654 ], [ 364594.352808395342436, 6874216.316129672341049 ], [ 364597.410355690924916, 6874219.254180324263871 ], [ 364601.582283404655755, 6874222.730786751955748 ], [ 364608.640030643437058, 6874227.114630051888525 ], [ 364616.752112309040967, 6874230.70712336152792 ], [ 364622.821728941518813, 6874232.654454258270562 ], [ 364626.182448488660157, 6874233.349775543436408 ], [ 364630.044466039049439, 6874233.889995590783656 ], [ 364638.659086672239937, 6874234.528115638531744 ], [ 364644.144772580883, 6874235.220483762212098 ], [ 364646.079453061858658, 6874236.284558027051389 ], [ 364648.719436599232722, 6874237.572431668639183 ], [ 364656.020310098247137, 6874240.701377453282475 ], [ 364656.815050652308855, 6874241.028586249798536 ], [ 364665.070749953389168, 6874244.290097085759044 ], [ 364671.280370372813195, 6874247.345624593086541 ], [ 364679.241122332168743, 6874249.958804147318006 ], [ 364683.284753774118144, 6874250.68240135256201 ], [ 364683.520644850912504, 6874250.858163331635296 ], [ 364686.484258756972849, 6874252.805018524639308 ], [ 364693.401575342693832, 6874256.784844505600631 ], [ 364697.337641970312688, 6874259.719003264792264 ], [ 364703.462544290232472, 6874265.14104794152081 ], [ 364706.108792378450744, 6874267.230571927502751 ], [ 364711.55547578248661, 6874271.054838998243213 ], [ 364716.107824469334446, 6874273.687942462973297 ], [ 364728.275946967594791, 6874279.366399627178907 ], [ 364732.227662450110074, 6874280.881121838465333 ], [ 364737.558458973187953, 6874282.503538171760738 ], [ 364740.502651638642419, 6874283.239155453629792 ], [ 364747.57175137574086, 6874284.629798024892807 ], [ 364757.83998795755906, 6874284.857936930842698 ], [ 364763.981992647226434, 6874283.930841882713139 ], [ 364771.792123958934098, 6874281.634955289773643 ], [ 364777.470581124827731, 6874279.085443909280002 ], [ 364781.216685458726715, 6874277.073160612024367 ], [ 364787.132777342805639, 6874273.332102509215474 ], [ 364794.61931634665234, 6874270.084928965196013 ], [ 364794.813966346264351, 6874269.999682122841477 ], [ 364808.28891034249682, 6874264.041373553685844 ], [ 364815.139045286690816, 6874262.948266913183033 ], [ 364820.422560157428961, 6874262.177754328586161 ], [ 364825.95289113704348, 6874261.401567523367703 ], [ 364836.974710397422314, 6874260.601596770808101 ], [ 364843.651653168955818, 6874261.163865636102855 ], [ 364845.455954946926795, 6874261.561423654668033 ], [ 364847.680136199574918, 6874262.572415133006871 ], [ 364851.852590688271448, 6874264.107139237225056 ], [ 364857.28374555404298, 6874265.658897770568728 ], [ 364858.961826043901965, 6874266.497938015498221 ], [ 364859.780724324053153, 6874266.891997836530209 ], [ 364865.953122714476194, 6874269.747883658856153 ], [ 364869.781332957092673, 6874272.095852607861161 ], [ 364875.522763924149331, 6874278.151882532052696 ], [ 364879.41850558295846, 6874281.604642796330154 ], [ 364884.828516294423025, 6874285.618521710857749 ], [ 364886.162868513492867, 6874286.952873930335045 ], [ 364888.051999576739036, 6874288.687006440013647 ], [ 364889.518823743623216, 6874289.922226790338755 ], [ 364890.343234428495634, 6874291.571048161014915 ], [ 364890.852055400202516, 6874292.655058057047427 ], [ 364889.966361594386399, 6874293.0054424200207 ], [ 364885.445907148183323, 6874295.250337685458362 ], [ 364876.464673875598237, 6874300.697021087631583 ], [ 364873.686190815758891, 6874302.603350482881069 ], [ 364869.80479313514661, 6874305.600379072129726 ], [ 364866.880784743872937, 6874307.596130831167102 ], [ 364865.117384704353753, 6874308.896595410071313 ], [ 364862.567873323743697, 6874310.924615826457739 ], [ 364858.070815720595419, 6874315.349485461600125 ], [ 364855.966819816443603, 6874317.908399398438632 ], [ 364852.06678023643326, 6874322.611388304270804 ], [ 364847.848524724657182, 6874329.347376063466072 ], [ 364846.015283026732504, 6874333.38050779979676 ], [ 364842.649366812780499, 6874338.855731506831944 ], [ 364839.879250280559063, 6874344.688811903819442 ], [ 364835.939096328744199, 6874355.987782795913517 ], [ 364834.828687625413295, 6874360.083576506003737 ], [ 364834.191309780231677, 6874363.328409172594547 ], [ 364833.768273989262525, 6874366.221042446792126 ], [ 364833.246783025097102, 6874371.609782409854233 ], [ 364834.164368794125039, 6874382.39303042832762 ], [ 364835.207350722514093, 6874386.217297499999404 ], [ 364837.893279215844814, 6874392.834828997962177 ], [ 364842.06727674085414, 6874398.629971762187779 ], [ 364846.254900885629468, 6874403.184013019315898 ], [ 364848.391476098448038, 6874405.723715630359948 ], [ 364850.059409170178697, 6874407.932599969208241 ], [ 364859.635086321621202, 6874416.191387169994414 ], [ 364863.459353392536286, 6874418.277351026423275 ], [ 364871.877910583803896, 6874421.345128214918077 ], [ 364876.918127327633556, 6874422.364497893489897 ], [ 364880.276501730200835, 6874423.071524083614349 ], [ 364882.924405882309657, 6874424.024769578129053 ], [ 364885.017125800950453, 6874424.984958717599511 ], [ 364889.448275106784422, 6874427.72071176674217 ], [ 364891.558364255295601, 6874429.179538832977414 ], [ 364892.200978735578246, 6874429.792943564243615 ], [ 364892.909114717389457, 6874430.680923604406416 ], [ 364894.01037646777695, 6874432.722286849282682 ], [ 364898.350244025175925, 6874438.806381441652775 ], [ 364903.101606143580284, 6874443.963347643613815 ], [ 364905.273650815419387, 6874446.093191180378199 ], [ 364909.329691648192238, 6874449.68568448908627 ], [ 364913.588152376818471, 6874452.833154248073697 ], [ 364919.092779221304227, 6874456.193873795680702 ], [ 364925.976603025163058, 6874459.284733505919576 ], [ 364930.727965143567417, 6874460.733319517225027 ], [ 364940.660026968049351, 6874462.013999344781041 ], [ 364945.063728443637956, 6874461.84016902372241 ], [ 364950.829055264708586, 6874461.047700760886073 ], [ 364954.479492014215793, 6874460.178549153730273 ], [ 364959.655791646277066, 6874458.43496083561331 ], [ 364962.147359586437233, 6874457.334035466425121 ], [ 364971.448829308850691, 6874450.891294814646244 ], [ 364974.288057891826611, 6874447.994122791104019 ], [ 364975.644698413205333, 6874446.488749687559903 ], [ 364977.37359010259388, 6874446.006268286146224 ], [ 364981.760586963966489, 6874445.009223544970155 ], [ 364983.703193858615123, 6874444.498769233934581 ], [ 364997.814908603555523, 6874440.280876634642482 ], [ 365005.104479202593211, 6874438.95550016220659 ], [ 365005.54165679262951, 6874438.872659449465573 ], [ 365013.769625339133199, 6874437.250243116170168 ], [ 365014.473798335064203, 6874437.102598331868649 ], [ 365018.645726048795041, 6874436.175503284670413 ], [ 365022.508973081072327, 6874435.040184983983636 ], [ 365033.518226770043839, 6874430.984144151210785 ], [ 365037.246860508108512, 6874429.313952514901757 ], [ 365046.170150340243708, 6874424.562590396031737 ], [ 365052.282971566834021, 6874420.25116384588182 ], [ 365056.223125518707093, 6874416.658670537173748 ], [ 365058.328077508311253, 6874414.413293149322271 ], [ 365060.286127844185103, 6874416.00874157063663 ], [ 365065.1996847683331, 6874419.265329496003687 ], [ 365067.169761744269636, 6874420.308311424218118 ], [ 365068.548968382063322, 6874420.864795051515102 ], [ 365070.092019772797357, 6874427.058276468887925 ], [ 365074.379834367427975, 6874435.518018777482212 ], [ 365076.076424407947343, 6874438.443681043572724 ], [ 365078.886473391030449, 6874442.714955498464406 ], [ 365081.826375129516236, 6874447.288135979324579 ], [ 365083.713560097967274, 6874450.307631929405034 ], [ 365087.611886380880605, 6874458.49411712307483 ], [ 365088.446680672699586, 6874460.117951265536249 ], [ 365091.459739577083383, 6874465.564634669572115 ], [ 365092.609715341997799, 6874467.472568354569376 ], [ 365096.338094139122404, 6874473.168702628463507 ], [ 365098.933027936785948, 6874477.642726416699588 ], [ 365100.824054260679986, 6874481.294363456778228 ], [ 365102.610303481633309, 6874486.815497412346303 ], [ 365103.29933831183007, 6874488.722609140910208 ], [ 365104.982346658362076, 6874492.930130006745458 ], [ 365105.688412102230359, 6874496.011142852716148 ], [ 365106.620481338817626, 6874500.360799290239811 ], [ 365108.604830645141192, 6874510.679415684193373 ], [ 365108.686286299081985, 6874511.548275992274284 ], [ 365108.686286299081985, 6874511.837513948790729 ], [ 365108.42978893086547, 6874512.199627880938351 ], [ 365105.64104106684681, 6874516.009996252134442 ], [ 365101.458503037807532, 6874521.731931480579078 ], [ 365096.735069275775459, 6874531.54198934417218 ], [ 365095.344426704570651, 6874536.641012105159461 ], [ 365094.30593704484636, 6874545.590657562948763 ], [ 365095.971590650442522, 6874554.445047019980848 ], [ 365097.594006983563304, 6874559.080522257834673 ], [ 365098.055456947768107, 6874560.311729806475341 ], [ 365100.604968328319956, 6874566.685508258640766 ], [ 365104.005620431969874, 6874572.773446949198842 ], [ 365104.161697459581774, 6874576.675372640602291 ], [ 365104.400889200624079, 6874579.441243091598153 ], [ 365104.864436724339612, 6874582.917849520221353 ], [ 365105.852640921832062, 6874587.527091568335891 ], [ 365107.822717897768598, 6874594.132643781602383 ], [ 365108.421057216241024, 6874595.92965089622885 ], [ 365109.554529017070308, 6874599.006217213347554 ], [ 365110.107901805080473, 6874601.096736634150147 ], [ 365105.71365880331723, 6874603.972968417219818 ], [ 365103.522345712699462, 6874605.552639191038907 ], [ 365097.959775427763816, 6874609.956340666860342 ], [ 365097.453832338214852, 6874610.365885766223073 ], [ 365090.732393243873958, 6874615.928456051275134 ], [ 365089.841975018149242, 6874616.695225613191724 ], [ 365084.279404733213596, 6874621.678361493162811 ], [ 365083.735913410782814, 6874622.177421783097088 ], [ 365079.795759458909743, 6874625.885801972821355 ], [ 365079.735155681089964, 6874625.942999762482941 ], [ 365073.245490348665044, 6874632.085004453547299 ], [ 365068.343095175165217, 6874638.109020023606718 ], [ 365065.909470675513148, 6874642.049173975363374 ], [ 365065.386116332490928, 6874642.92979224678129 ], [ 365063.068378713738639, 6874646.985833079554141 ], [ 365061.701326519600116, 6874649.68584724701941 ], [ 365060.310683948395308, 6874652.814793031662703 ], [ 365058.208933103014715, 6874659.632383869960904 ], [ 365057.513611817383207, 6874663.456650941632688 ], [ 365057.331224310793914, 6874673.065854773856699 ], [ 365060.196893390326295, 6874682.239621951244771 ], [ 365061.587535961531103, 6874685.020907093770802 ], [ 365068.832163032959215, 6874694.326798080466688 ], [ 365072.192882580158766, 6874697.22397010307759 ], [ 365082.294238252623472, 6874702.96217019110918 ], [ 365085.423184037907049, 6874704.005152120254934 ], [ 365087.733978502801619, 6874704.58774402923882 ], [ 365087.767978165880777, 6874712.492983436211944 ], [ 365089.680111701367423, 6874722.343368316069245 ], [ 365089.744327580789104, 6874722.664781421422958 ], [ 365090.278580669080839, 6874725.264813118614256 ], [ 365090.531577567569911, 6874728.011636586859822 ], [ 365093.194861797324847, 6874737.89346429426223 ], [ 365093.948126523406245, 6874739.515880627557635 ], [ 365099.452065762074199, 6874747.590879051946104 ], [ 365103.41412442951696, 6874751.743880306370556 ], [ 365104.733554843522143, 6874759.028429955244064 ], [ 365105.892423652869184, 6874762.389149502851069 ], [ 365108.52882533275988, 6874768.044301670975983 ], [ 365110.267128546838649, 6874770.941473693586886 ], [ 365113.090327754500322, 6874774.884868270717561 ], [ 365115.639839135110378, 6874777.897927175275981 ], [ 365119.800576269975863, 6874781.945724215358496 ], [ 365123.277182698075194, 6874784.727009357884526 ], [ 365126.227395685564261, 6874786.808899474330246 ], [ 365131.094644684868399, 6874789.821958378888667 ], [ 365132.264298346242867, 6874790.509935039095581 ], [ 365137.2474342265632, 6874793.291220181621611 ], [ 365138.1091314147925, 6874793.753908834420145 ], [ 365141.70162472379161, 6874795.608098928816617 ], [ 365144.169600904162508, 6874796.743476529605687 ], [ 365147.877981094119605, 6874798.250005981884897 ], [ 365149.989017085463274, 6874799.016865504905581 ], [ 365153.233849751704838, 6874800.059847434051335 ], [ 365154.640268187446054, 6874800.474275714717805 ], [ 365164.142992424254771, 6874803.023787095211446 ], [ 365167.063598595152143, 6874803.653331930749118 ], [ 365174.132698332308792, 6874804.812200739979744 ], [ 365177.5589946602704, 6874805.173414918594062 ], [ 365182.426243659574538, 6874805.405188680626452 ], [ 365183.853198143013287, 6874805.43914454896003 ], [ 365194.862451832043007, 6874805.43914454896003 ], [ 365198.175397616578266, 6874805.255656588822603 ], [ 365205.476271115534473, 6874804.444448421709239 ], [ 365206.091476406843867, 6874804.36965168453753 ], [ 365212.233481096511241, 6874803.558443518355489 ], [ 365212.547970710613299, 6874803.515213024802506 ], [ 365218.226427876506932, 6874802.704004857689142 ], [ 365220.012111496354919, 6874802.393601068295538 ], [ 365229.051288209389895, 6874800.539410973899066 ], [ 365238.139094666636083, 6874797.064696980640292 ], [ 365243.701664951571729, 6874793.819864314049482 ], [ 365246.057094217510894, 6874792.293883166275918 ], [ 365253.82151524029905, 6874786.731312881223857 ], [ 365258.613034488866106, 6874782.45251474250108 ], [ 365261.85786715510767, 6874778.860021433793008 ], [ 365264.212980343028903, 6874775.896246306598186 ], [ 365268.732568699517287, 6874769.406580974347889 ], [ 365272.001713330217171, 6874763.320539969019592 ], [ 365274.667111591785215, 6874756.599100873805583 ], [ 365275.087773955543526, 6874755.472960657440126 ], [ 365277.02951730316272, 6874749.938992116600275 ], [ 365280.281966920127161, 6874742.519341428764164 ], [ 365280.907448406447656, 6874740.950343089178205 ], [ 365280.970107073197141, 6874740.923636135645211 ], [ 365285.977674950438086, 6874738.675340354442596 ], [ 365289.034298264421523, 6874737.479270361363888 ], [ 365292.85504624794703, 6874736.465602529235184 ], [ 365297.230888485035393, 6874735.37164197023958 ], [ 365302.159041346749291, 6874734.32309880759567 ], [ 365302.469982351874933, 6874734.255215149372816 ], [ 365310.234403374604881, 6874732.516911935992539 ], [ 365314.553620867140125, 6874731.201757870614529 ], [ 365322.897476294601802, 6874727.956925204023719 ], [ 365332.295827313966583, 6874722.111409264616668 ], [ 365335.077112456434406, 6874719.561897884123027 ], [ 365336.43036554910941, 6874718.240535165183246 ], [ 365339.327537572535221, 6874715.227476260624826 ], [ 365342.444411180214956, 6874711.400065439753234 ], [ 365345.215401400695555, 6874707.359038034453988 ], [ 365345.559667579305824, 6874706.858287229202688 ], [ 365348.941488579381257, 6874703.941854440607131 ], [ 365351.314779305073898, 6874701.656228619627655 ], [ 365353.632516923826188, 6874699.16466067917645 ], [ 365360.401703334646299, 6874687.351978972554207 ], [ 365360.92319429886993, 6874685.613675758242607 ], [ 365361.821294701658189, 6874681.672116396948695 ], [ 365362.168955344473943, 6874679.470265659503639 ], [ 365362.536066384753212, 6874674.791388454847038 ], [ 365362.536066384753212, 6874672.531594276428223 ], [ 365362.052163687709253, 6874667.165031130425632 ], [ 365361.704503044893499, 6874665.252897595055401 ], [ 365360.345762344542891, 6874660.267491403967142 ], [ 365359.206552127492614, 6874657.168839612975717 ], [ 365362.267705492442474, 6874655.419609118252993 ], [ 365367.320683856087271, 6874652.643247379921377 ], [ 365369.600899495824706, 6874651.254848417825997 ], [ 365373.055779323913157, 6874648.934406741522253 ], [ 365376.089449593040626, 6874647.044579361565411 ], [ 365383.268226676562335, 6874642.622452679090202 ], [ 365392.915081780869514, 6874633.073340356349945 ], [ 365395.580480042379349, 6874628.843469202518463 ], [ 365398.962148608465213, 6874621.376203544437885 ], [ 365400.026014437375125, 6874614.390652913600206 ], [ 365403.038231103739236, 6874612.162110681645572 ], [ 365407.517537834879477, 6874608.346404948271811 ], [ 365410.197215786087327, 6874606.149069027975202 ], [ 365415.483277181338053, 6874600.532255554571748 ], [ 365417.133989303314593, 6874597.490843698382378 ], [ 365417.744287747831549, 6874597.48013670835644 ], [ 365420.441244297253434, 6874597.48013670835644 ], [ 365423.99612590909237, 6874597.933951382525265 ], [ 365431.47087967407424, 6874597.949414990842342 ], [ 365440.465251756249927, 6874596.8389986846596 ], [ 365450.454747117415536, 6874595.872273326851428 ], [ 365455.981484806456137, 6874595.484432085417211 ], [ 365464.028137586370576, 6874595.288172261789441 ], [ 365467.544976001256146, 6874595.383221948519349 ], [ 365471.134191912016831, 6874595.265209331177175 ], [ 365476.117327792278957, 6874594.801661807112396 ], [ 365476.758804016339127, 6874594.735027473419905 ], [ 365478.988627606304362, 6874594.479146077297628 ], [ 365480.420956583053339, 6874595.687005587853491 ], [ 365481.815057367493864, 6874596.793560593388975 ], [ 365485.929041640716605, 6874599.864562938921154 ], [ 365494.38798687007511, 6874604.284491078928113 ], [ 365499.429066190845333, 6874605.964850852265954 ], [ 365504.296336535073351, 6874607.14654550421983 ], [ 365508.716240346839186, 6874607.835361681878567 ], [ 365512.324954506475478, 6874608.408173453994095 ], [ 365515.300084781541955, 6874608.729305850341916 ], [ 365518.440877922228537, 6874608.910505454987288 ], [ 365524.27396812941879, 6874610.398139199241996 ], [ 365525.462545026268344, 6874610.6756427353248 ], [ 365531.198945632670075, 6874611.892454984597862 ], [ 365538.023951916955411, 6874612.539433030411601 ], [ 365543.818295963748824, 6874612.423546149395406 ], [ 365551.515094215341378, 6874611.259478956460953 ], [ 365558.653288587811403, 6874608.154332122765481 ], [ 365562.129895015910733, 6874606.06836826633662 ], [ 365565.041540002857801, 6874603.854504240676761 ], [ 365565.504395549301989, 6874605.285348716191947 ], [ 365566.199716834933497, 6874606.907765049487352 ], [ 365567.260430244321469, 6874609.12681770324707 ], [ 365567.7819212085451, 6874610.111856191419065 ], [ 365574.152110997762065, 6874618.30676781758666 ], [ 365582.933603405603208, 6874623.840418113395572 ], [ 365593.075196276826318, 6874626.050392896868289 ], [ 365603.362874522688799, 6874624.672143711708486 ], [ 365608.114236641093157, 6874623.165614259429276 ], [ 365612.170892381982412, 6874621.545747792348266 ], [ 365614.314799679268617, 6874620.502765864133835 ], [ 365621.46987119410187, 6874615.633639648556709 ], [ 365626.937198202591389, 6874608.924558201804757 ], [ 365630.261756713327486, 6874600.933891821652651 ], [ 365631.166856877447572, 6874592.326672051101923 ], [ 365631.050969996547792, 6874589.429500027559698 ], [ 365628.987193019012921, 6874579.632805624976754 ], [ 365628.233928292873316, 6874577.720672089606524 ], [ 365627.043794497207273, 6874575.208539623767138 ], [ 365628.700896451424342, 6874573.727993703447282 ], [ 365633.013050751935225, 6874567.111483341082931 ], [ 365634.867240846913774, 6874563.229272830300033 ], [ 365636.945450881845318, 6874557.394389391876757 ], [ 365638.81840145343449, 6874549.699005521833897 ], [ 365639.791088731959462, 6874547.639197167009115 ], [ 365640.425824395206291, 6874546.198287890292704 ], [ 365645.408960275352001, 6874534.030165391974151 ], [ 365646.438887418713421, 6874531.087848107330501 ], [ 365647.829529989976436, 6874526.336485989391804 ], [ 365648.606075424468145, 6874522.978437842801213 ], [ 365649.301396710041445, 6874518.922397010028362 ], [ 365649.176544610818382, 6874508.103549850173295 ], [ 365645.22193405253347, 6874498.03259670548141 ], [ 365643.135970195697155, 6874494.671877157874405 ], [ 365641.017115765716881, 6874491.682480852119625 ], [ 365637.426688170817215, 6874487.221646567806602 ], [ 365635.25149435462663, 6874484.377162346616387 ], [ 365632.365877164236736, 6874480.02782629057765 ], [ 365632.373822009540163, 6874480.025401022285223 ], [ 365633.684451788896695, 6874479.592109081335366 ], [ 365638.72553110960871, 6874477.79586242698133 ], [ 365645.096806619898416, 6874474.630097521468997 ], [ 365648.457526167097967, 6874472.428246783092618 ], [ 365650.224146544933319, 6874471.177447316236794 ], [ 365653.411035770666786, 6874468.743822816759348 ], [ 365661.470958190504462, 6874459.393108687363565 ], [ 365662.398053237993736, 6874457.712748914025724 ], [ 365664.65719490981428, 6874451.466381227597594 ], [ 365665.146388204710092, 6874451.386185605078936 ], [ 365669.565719564037863, 6874450.312377713620663 ], [ 365674.201194801484235, 6874448.805848261341453 ], [ 365677.8277542386204, 6874447.625112340785563 ], [ 365679.158779922232497, 6874447.329328855499625 ], [ 365689.317031197599135, 6874445.354113330133259 ], [ 365691.258292049053125, 6874445.239921514876187 ], [ 365699.569704024877865, 6874443.550020201131701 ], [ 365707.075993934762664, 6874439.601482842117548 ], [ 365713.177197908691596, 6874433.709908727556467 ], [ 365714.799614241812378, 6874431.623944871127605 ], [ 365719.624186832166743, 6874422.557573571801186 ], [ 365721.108096818614285, 6874412.395211623050272 ], [ 365720.992209937656298, 6874408.107397028245032 ], [ 365718.864014776947442, 6874397.792588593438268 ], [ 365713.301985227852128, 6874388.848969918675721 ], [ 365711.216021371015813, 6874386.531232300214469 ], [ 365707.048791429609992, 6874382.699436126276851 ], [ 365703.688071882468648, 6874380.149924744851887 ], [ 365702.229486129828729, 6874379.315179002471268 ], [ 365702.229486129828729, 6874378.555549063719809 ], [ 365701.785838773939759, 6874373.415313818491995 ], [ 365701.554065012023784, 6874372.082614688202739 ], [ 365700.605192322807852, 6874368.18890889827162 ], [ 365699.909871037234552, 6874365.987058159895241 ], [ 365695.358875909645576, 6874357.096559517085552 ], [ 365694.862231158302166, 6874356.430009982548654 ], [ 365694.372906107339077, 6874355.418738210573792 ], [ 365693.494609409244731, 6874353.599409336224198 ], [ 365692.911727751605213, 6874351.934033171273768 ], [ 365692.561002527305391, 6874350.501905172131956 ], [ 365692.516081341193058, 6874350.320913623087108 ], [ 365691.696177583711687, 6874347.060820112004876 ], [ 365691.872232529509347, 6874345.988690830767155 ], [ 365692.437190322030801, 6874341.845667019486427 ], [ 365694.099857061577495, 6874333.636249992065132 ], [ 365694.491356998507399, 6874331.186445760540664 ], [ 365695.182225814962294, 6874325.314060821197927 ], [ 365695.638627291307785, 6874323.53916619066149 ], [ 365699.487570216530003, 6874309.841457543894649 ], [ 365700.792864795017522, 6874305.200410153716803 ], [ 365703.49265998241026, 6874302.090646067634225 ], [ 365706.397756029735319, 6874299.641251360997558 ], [ 365708.252071257622447, 6874298.388335666619241 ], [ 365710.67539647052763, 6874297.049129627645016 ], [ 365712.146989586181007, 6874296.35012289788574 ], [ 365715.961879793263506, 6874295.286956775002182 ], [ 365717.805521043366753, 6874294.877258718945086 ], [ 365751.406333459599409, 6874295.831541880965233 ], [ 365753.882814045646228, 6874296.141101954504848 ], [ 365758.053689185529947, 6874297.142111987806857 ], [ 365763.627923276450019, 6874297.936537059955299 ], [ 365768.495172275754157, 6874298.168310821987689 ], [ 365781.014790597255342, 6874296.076139922253788 ], [ 365792.371704929100815, 6874291.556551565416157 ], [ 365803.393665297189727, 6874283.95441718865186 ], [ 365805.943176677799784, 6874281.173132046125829 ], [ 365809.22764894797001, 6874276.866539547219872 ], [ 365811.777160328580067, 6874272.810498714447021 ], [ 365813.727771609672345, 6874268.873113003559411 ], [ 365855.440531227679458, 6874243.392913142219186 ], [ 365860.073654818930663, 6874239.906097689643502 ], [ 365871.198795388860162, 6874229.708052167668939 ], [ 365877.654240941046737, 6874221.219051383435726 ], [ 365889.706476558407303, 6874197.578127671964467 ], [ 365892.795804191380739, 6874187.265450031496584 ], [ 365894.186446762643754, 6874174.74966689106077 ], [ 365894.094839763827622, 6874167.38332496676594 ], [ 365891.313554621359799, 6874146.98723392188549 ], [ 365889.328992534603458, 6874139.618135907687247 ], [ 365886.163928022724576, 6874131.931550663895905 ], [ 365880.098978139692917, 6874116.597526431083679 ], [ 365875.008755638787989, 6874108.141910285688937 ], [ 365865.703148985398002, 6874097.252370585687459 ], [ 365861.98609775933437, 6874091.114913909696043 ], [ 365859.180603595799766, 6874087.401657410897315 ], [ 365865.073431632772554, 6874084.886512218043208 ], [ 365871.27529573434731, 6874079.999559296295047 ], [ 365877.417300424014684, 6874073.683724285103381 ], [ 365883.064070268999785, 6874065.522649172693491 ], [ 365884.665540019166656, 6874062.113068413920701 ], [ 365885.24906113097677, 6874061.818475231528282 ], [ 365887.914278106007259, 6874060.297092909924686 ], [ 365893.882452474208549, 6874056.472825839184225 ], [ 365899.811550236248877, 6874051.485334030352533 ], [ 365902.361061616858933, 6874048.704048887826502 ], [ 365904.902112445735838, 6874045.523175680078566 ], [ 365908.436662314343266, 6874040.424152918159962 ], [ 365909.976918338390533, 6874037.954272051341832 ], [ 365911.346606916515157, 6874035.500246683135629 ], [ 365914.744208398682531, 6874029.453667772002518 ], [ 365918.308926715399139, 6874018.856779995374382 ], [ 365919.004248001030646, 6874013.815700675360858 ], [ 365919.144828976830468, 6874012.619557982310653 ], [ 365919.166176489554346, 6874012.399983565323055 ], [ 365919.309088616573717, 6874012.237130211666226 ], [ 365920.186382228392176, 6874011.190284925512969 ], [ 365924.14724617486354, 6874006.239204991608858 ], [ 365926.702928840415552, 6874003.336989084258676 ], [ 365929.88342267810367, 6874000.002600383013487 ], [ 365931.096073193300981, 6873998.651697046123445 ], [ 365931.675255713285878, 6873997.965823009610176 ], [ 365935.78141150646843, 6873994.491383492015302 ], [ 365941.201121690508444, 6873988.473524243570864 ], [ 365944.909501880523749, 6873983.026840839534998 ], [ 365945.392412247485481, 6873982.294789839535952 ], [ 365948.057810508995317, 6873978.122862125746906 ], [ 365950.517265668546315, 6873973.393677971325815 ], [ 365952.139682001667097, 6873969.453524019569159 ], [ 365954.359968951845076, 6873959.567472420632839 ], [ 365954.591742713702843, 6873955.047884063795209 ], [ 365954.004251542210113, 6873947.723132031969726 ], [ 365955.64038223674288, 6873947.245117944665253 ], [ 365964.447785187861882, 6873944.058228719048202 ], [ 365973.390286976238713, 6873938.940944012254477 ], [ 365978.141649094643071, 6873935.00079006049782 ], [ 365985.258903526817448, 6873926.400371537543833 ], [ 365986.850365899095777, 6873923.515845987945795 ], [ 365988.308854087896179, 6873921.085032340139151 ], [ 365991.495514162583277, 6873913.658167134970427 ], [ 365992.584066316136159, 6873905.650159678421915 ], [ 365992.584066316136159, 6873902.700908651575446 ], [ 365996.446068191551603, 6873899.596162046305835 ], [ 365997.961056766158435, 6873898.292822270654142 ], [ 366000.858228789584246, 6873895.627424008212984 ], [ 366004.093015825725161, 6873892.138822318054736 ], [ 366005.23882160987705, 6873890.687468324787915 ], [ 366008.192227489838842, 6873887.40061339456588 ], [ 366012.770636330125853, 6873880.64428289141506 ], [ 366015.358646740147378, 6873872.903996624052525 ], [ 366015.865446094132494, 6873870.214061590842903 ], [ 366016.098273025592789, 6873869.38858428876847 ], [ 366020.318204179231543, 6873866.746888949535787 ], [ 366028.314398963819258, 6873860.604884260334074 ], [ 366029.157674852933269, 6873859.932710572145879 ], [ 366035.183792661642656, 6873854.949574692174792 ], [ 366035.662859566393308, 6873854.544918396510184 ], [ 366041.573090494202916, 6873849.445895634591579 ], [ 366044.39837235660525, 6873846.662108925171196 ], [ 366049.033847594051622, 6873841.44719928316772 ], [ 366050.350118075846694, 6873839.859709150157869 ], [ 366059.793502651154995, 6873827.638858523219824 ], [ 366067.012075615813956, 6873819.107817746698856 ], [ 366069.699496547342278, 6873815.388496610336006 ], [ 366072.647657177993096, 6873810.570770702324808 ], [ 366073.197104163642507, 6873811.326604573056102 ], [ 366078.527900686720386, 6873816.773287977091968 ], [ 366084.683584313315805, 6873821.603883719071746 ], [ 366091.879065900109708, 6873824.678317141719162 ], [ 366097.673409946961328, 6873826.300733475014567 ], [ 366098.60656565381214, 6873826.545905551873147 ], [ 366105.212117867195047, 6873828.168321885168552 ], [ 366108.803542709851172, 6873828.821737383492291 ], [ 366122.36230777943274, 6873830.444153716787696 ], [ 366124.564395167864859, 6873830.625701756216586 ], [ 366127.064179098466411, 6873830.739328298717737 ], [ 366131.765821882989258, 6873830.96867672726512 ], [ 366132.639376246952452, 6873830.998540842905641 ], [ 366138.141129682771862, 6873831.106418360956013 ], [ 366145.14978221693309, 6873831.434948948211968 ], [ 366145.823000028962269, 6873831.458934435620904 ], [ 366150.574362147366628, 6873831.574821316637099 ], [ 366159.620671461685561, 6873830.408448332920671 ], [ 366165.646789270394947, 6873828.670145118609071 ], [ 366169.149548685585614, 6873827.419788284227252 ], [ 366174.016797684889752, 6873825.33382442779839 ], [ 366180.841060059319716, 6873821.264403900131583 ], [ 366184.201779606519267, 6873818.599005638621747 ], [ 366189.880315130809322, 6873812.658791878260672 ], [ 366191.386844582972117, 6873810.572828020900488 ], [ 366193.819641908281483, 6873805.95691764075309 ], [ 366196.659014563250821, 6873805.54284246172756 ], [ 366204.854392421722878, 6873803.11735154595226 ], [ 366212.033230118162464, 6873798.479300905019045 ], [ 366215.625723427219782, 6873795.35035511944443 ], [ 366219.233711322245654, 6873791.321823516860604 ], [ 366222.925051262660418, 6873790.713946645148098 ], [ 366231.528836450597737, 6873786.128822948783636 ], [ 366234.465709702693857, 6873783.882978697307408 ], [ 366239.252569877891801, 6873787.414527677930892 ], [ 366243.540384472522419, 6873789.732265296392143 ], [ 366249.340905783465132, 6873792.122034935280681 ], [ 366253.281059735338204, 6873793.280903744511306 ], [ 366258.339651716989465, 6873794.305918877013028 ], [ 366262.395692549762316, 6873794.769466401077807 ], [ 366268.942633821454365, 6873794.798649809323251 ], [ 366277.750036772631574, 6873793.871554762125015 ], [ 366282.768203395418823, 6873792.905673267319798 ], [ 366287.421465597231872, 6873791.590620906092227 ], [ 366291.264403315493837, 6873790.696914459578693 ], [ 366298.339556956838351, 6873789.281883731484413 ], [ 366300.389073254133109, 6873788.796582384034991 ], [ 366307.574059872189537, 6873786.826505407691002 ], [ 366308.463634985731915, 6873786.567756745964289 ], [ 366312.983223342220299, 6873785.177114174701273 ], [ 366315.092628332262393, 6873784.441027305088937 ], [ 366317.042156350973528, 6873783.67816851567477 ], [ 366320.48480683285743, 6873782.530618354678154 ], [ 366320.582525560108479, 6873782.485007284209132 ], [ 366324.465656784013845, 6873784.333263225853443 ], [ 366327.246941926481668, 6873785.028584511950612 ], [ 366331.745777431526221, 6873785.694075969979167 ], [ 366333.59651573933661, 6873790.242409219034016 ], [ 366338.897927535232157, 6873796.913982879370451 ], [ 366343.069855248904787, 6873800.854136831127107 ], [ 366350.126284325029701, 6873805.813253568485379 ], [ 366358.301998088136315, 6873808.559839556924999 ], [ 366363.401020849356428, 6873809.486934605054557 ], [ 366372.272821428312454, 6873809.765355431474745 ], [ 366378.183052356063854, 6873809.070034145377576 ], [ 366387.091903257241938, 6873806.58651033975184 ], [ 366390.916170328157023, 6873804.84820712544024 ], [ 366398.432997162686661, 6873799.959492362104356 ], [ 366401.561942947970238, 6873797.178207219578326 ], [ 366403.310283497150522, 6873795.492607038468122 ], [ 366405.119603288418148, 6873793.601045438088477 ], [ 366407.727367657411378, 6873791.237758979201317 ], [ 366408.913206304656342, 6873790.221325852908194 ], [ 366409.966076392738614, 6873789.458902685903013 ], [ 366412.724096806312446, 6873788.558324592188001 ], [ 366418.04917591821868, 6873786.821885750629008 ], [ 366424.597614523838274, 6873783.771688681095839 ], [ 366429.812524165958166, 6873780.526856015436351 ], [ 366438.070183365198318, 6873772.911984418518841 ], [ 366440.387920983950607, 6873769.783038632944226 ], [ 366445.364645761263091, 6873759.285117205232382 ], [ 366445.867993192165159, 6873749.790502085350454 ], [ 366447.988286878913641, 6873747.970409312285483 ], [ 366453.210675786656793, 6873744.821615999564528 ], [ 366461.041390898521058, 6873738.001517836004496 ], [ 366466.07787812553579, 6873728.920348607935011 ], [ 366467.509231939155143, 6873724.774358251132071 ], [ 366468.672468102071434, 6873721.889532567001879 ], [ 366470.843885388167109, 6873711.236419510096312 ], [ 366470.85206556430785, 6873710.802870173938572 ], [ 366471.340556091396138, 6873710.244256457313895 ], [ 366472.615311781701166, 6873708.448009802959859 ], [ 366475.598933253902942, 6873703.191854720935225 ], [ 366481.451220741204452, 6873689.922806854359806 ], [ 366483.895933164283633, 6873680.341581227257848 ], [ 366483.092993788188323, 6873670.486034986563027 ], [ 366479.129634395823814, 6873661.426880187354982 ], [ 366472.436436568270437, 6873654.14830847363919 ], [ 366457.868730619375128, 6873642.802225854247808 ], [ 366449.979329684807453, 6873638.384701540693641 ], [ 366441.132038993702736, 6873636.518524810671806 ], [ 366432.130557915719692, 6873637.373221579007804 ], [ 366423.792592675541528, 6873640.871150082908571 ], [ 366416.875574857986066, 6873646.694553956389427 ], [ 366412.007855339557864, 6873654.314427632838488 ], [ 366409.631624079367612, 6873663.038571898825467 ], [ 366409.962741009367164, 6873672.074474163353443 ], [ 366410.072945115505718, 6873672.654046908952296 ], [ 366410.131445548031479, 6873672.991937078535557 ], [ 366410.184373593714554, 6873673.330744824372232 ], [ 366410.231714896857738, 6873673.670378250069916 ], [ 366410.273456618015189, 6873674.010745243169367 ], [ 366410.309587437892333, 6873674.35175350587815 ], [ 366410.325636832450982, 6873674.531424514017999 ], [ 366410.425210337503813, 6873679.734140153042972 ], [ 366410.509875690855552, 6873680.706277063116431 ], [ 366410.419224638084415, 6873680.788120146840811 ], [ 366410.363570960354991, 6873680.839250298216939 ], [ 366409.983048862370197, 6873681.194984816946089 ], [ 366409.928291342919692, 6873681.247073570266366 ], [ 366409.554002888209652, 6873681.609361737966537 ], [ 366409.500158036185894, 6873681.662393390201032 ], [ 366409.132216642261483, 6873682.031125427223742 ], [ 366409.079300691431854, 6873682.085083988495171 ], [ 366408.717816866410431, 6873682.460149144753814 ], [ 366408.66584577067988, 6873682.515018347650766 ], [ 366408.31092874071328, 6873682.896303296089172 ], [ 366408.259918169002049, 6873682.952066597528756 ], [ 366407.911674846836831, 6873683.339456481859088 ], [ 366407.861640178540256, 6873683.396097069606185 ], [ 366407.520175571728032, 6873683.7894750777632 ], [ 366407.471131891943514, 6873683.846975875087082 ], [ 366407.136548858252354, 6873684.246223516762257 ], [ 366407.088510953413788, 6873684.304567188024521 ], [ 366406.760910711542238, 6873684.709563672542572 ], [ 366406.713893064705189, 6873684.768732625991106 ], [ 366406.393373903003521, 6873685.179356442764401 ], [ 366406.347390689712483, 6873685.239332840777934 ], [ 366406.034049482143018, 6873685.655459897592664 ], [ 366405.989114566065837, 6873685.716225657612085 ], [ 366405.683045966667123, 6873686.137730237096548 ], [ 366405.639172895404045, 6873686.199267037212849 ], [ 366405.340468738169875, 6873686.626022672280669 ], [ 366405.297670739120804, 6873686.688311961479485 ], [ 366405.006421485682949, 6873687.120189418084919 ], [ 366404.964711462205742, 6873687.183212415315211 ], [ 366404.681004733836744, 6873687.620081756263971 ], [ 366404.640395261289086, 6873687.683819460682571 ], [ 366404.364316687860992, 6873688.125548823736608 ], [ 366404.324820009642281, 6873688.189982018433511 ], [ 366404.056452680670191, 6873688.636438462883234 ], [ 366404.018080704845488, 6873688.70154772233218 ], [ 366403.757505661225878, 6873689.152596431784332 ], [ 366403.720269956684206, 6873689.218362125568092 ], [ 366403.46756561199436, 6873689.673867374658585 ], [ 366403.431477405130863, 6873689.740269675850868 ], [ 366403.186720219266135, 6873690.200093638151884 ], [ 366403.151790390373208, 6873690.267112525179982 ], [ 366402.915053851495031, 6873690.731117134913802 ], [ 366402.881292931677308, 6873690.798732403665781 ], [ 366402.652648629795294, 6873691.266777351498604 ], [ 366402.620066797826439, 6873691.334968615323305 ], [ 366402.399583573220298, 6873691.806912975385785 ], [ 366402.368190652283374, 6873691.875659675337374 ], [ 366402.155935052782297, 6873692.351360996253788 ], [ 366402.125740507617593, 6873692.420642404817045 ], [ 366401.92177632835228, 6873692.899957722984254 ], [ 366401.892789262521546, 6873692.969752954319119 ], [ 366401.697178290982265, 6873693.452537068165839 ], [ 366401.669407443783712, 6873693.522825077176094 ], [ 366401.482208433619235, 6873694.008932963013649 ], [ 366401.455662177875638, 6873694.079692559316754 ], [ 366401.276931612927001, 6873694.568977563641965 ], [ 366401.251617952133529, 6873694.640187414363027 ], [ 366401.081409815174993, 6873695.132501744665205 ], [ 366401.057336381170899, 6873695.204140379093587 ], [ 366400.94110625149915, 6873695.560231691226363 ], [ 366400.8705465234234, 6873695.67451857496053 ], [ 366400.650743753067218, 6873696.036220550537109 ], [ 366400.609193084645085, 6873696.105694903060794 ], [ 366400.347226625599433, 6873696.552421563304961 ], [ 366400.306881396740209, 6873696.622602801769972 ], [ 366400.052665271738078, 6873697.073784865438938 ], [ 366400.013537505059503, 6873697.14465207606554 ], [ 366399.767147378879599, 6873697.600155260413885 ], [ 366399.729248734016437, 6873697.671687326394022 ], [ 366399.490758120140526, 6873698.131375731900334 ], [ 366399.454099890543148, 6873698.203551337122917 ], [ 366399.223579931538552, 6873698.667287821881473 ], [ 366399.188173040980473, 6873698.740085457451642 ], [ 366398.96569221484242, 6873699.207732268609107 ], [ 366398.931547214277089, 6873699.281130243092775 ], [ 366398.862400887184776, 6873699.433185053057969 ], [ 366398.832067155104596, 6873699.459208083339036 ], [ 366398.442003884294536, 6873699.799727154895663 ], [ 366398.347065223439131, 6873699.884061806835234 ], [ 366397.962937009811867, 6873700.231262246146798 ], [ 366397.86946801294107, 6873700.317222873680294 ], [ 366397.610784185584635, 6873700.559280250221491 ], [ 366392.565435912867542, 6873703.574073537252843 ], [ 366392.714939249504823, 6873703.520195604301989 ], [ 366392.830390218237881, 6873703.480814278125763 ], [ 366390.436596861341968, 6873704.846138285472989 ], [ 366388.981321240833495, 6873705.715722491964698 ], [ 366389.072638649959117, 6873705.635079820640385 ], [ 366389.111535341420677, 6873705.601900390349329 ], [ 366382.320227075368166, 6873709.475391053594649 ], [ 366382.31362076534424, 6873709.47619466111064 ], [ 366381.907997841946781, 6873709.51842740457505 ], [ 366381.501704814902041, 6873709.55363558139652 ], [ 366381.094863444101065, 6873709.581808637827635 ], [ 366380.687595574767329, 6873709.602938139811158 ], [ 366380.280023074883502, 6873709.617017764598131 ], [ 366379.612750912085176, 6873709.628514718264341 ], [ 366377.840095278341323, 6873709.711551696993411 ], [ 366376.717620197334327, 6873709.797464768402278 ], [ 366376.20394392486196, 6873709.841223606839776 ], [ 366375.083110906067304, 6873709.946412519551814 ], [ 366374.570262455905322, 6873709.998991866596043 ], [ 366373.451402491424233, 6873710.123425556346774 ], [ 366372.939533232536633, 6873710.18480989523232 ], [ 366371.822976731928065, 6873710.328451617620885 ], [ 366371.312237932404969, 6873710.398622808046639 ], [ 366370.198314624780323, 6873710.561430142261088 ], [ 366369.688857032801025, 6873710.64036747161299 ], [ 366368.577895869908389, 6873710.822292339988053 ], [ 366368.069869936676696, 6873710.909972497262061 ], [ 366366.962198995286599, 6873711.110961176455021 ], [ 366366.455754795984831, 6873711.207358260639012 ], [ 366365.351701181440149, 6873711.427351395599544 ], [ 366364.846988225122914, 6873711.532436948269606 ], [ 366363.746877974423114, 6873711.771369573660195 ], [ 366363.244045320723671, 6873711.885112559422851 ], [ 366362.148203306365758, 6873712.142914116382599 ], [ 366361.647399444831535, 6873712.265280946157873 ], [ 366360.556149278883822, 6873712.541875303722918 ], [ 366360.057522103423253, 6873712.672829842194915 ], [ 366359.658983071742114, 6873712.781167182140052 ], [ 366356.894191961386241, 6873713.152053793892264 ], [ 366356.563806344987825, 6873712.789028532803059 ], [ 366356.438176577328704, 6873712.653351744636893 ], [ 366356.084101887710858, 6873712.277501268312335 ], [ 366355.95615552586969, 6873712.144006856717169 ], [ 366355.595664355729241, 6873711.774306246079504 ], [ 366355.465439305000473, 6873711.643033759668469 ], [ 366355.098638296709396, 6873711.279592386446893 ], [ 366354.966173137247097, 6873711.150580717250705 ], [ 366354.593171264859848, 6873710.793506555259228 ], [ 366354.458505240618251, 6873710.66679392196238 ], [ 366354.079412742634304, 6873710.316192496567965 ], [ 366353.942585749493446, 6873710.191816439852118 ], [ 366353.557514999702107, 6873709.847791686654091 ], [ 366353.418567573884502, 6873709.725789054296911 ], [ 366353.027632634446491, 6873709.388442878611386 ], [ 366352.886605940177105, 6873709.268849815241992 ], [ 366352.489922867447603, 6873708.938282358460128 ], [ 366352.346858685137704, 6873708.821134292520583 ], [ 366352.310825379157905, 6873708.791675093583763 ], [ 366351.977271567855496, 6873708.519408019259572 ], [ 366351.856849597534165, 6873708.421629895456135 ], [ 366351.665709960157983, 6873708.267249910160899 ], [ 366351.267279865336604, 6873707.950989041477442 ], [ 366351.073550071800128, 6873707.799872172996402 ], [ 366350.669814812368713, 6873707.490412473678589 ], [ 366350.473550563852768, 6873707.342602171003819 ], [ 366350.064626222010702, 6873707.040032615885139 ], [ 366349.865883948164992, 6873706.895571377128363 ], [ 366349.45188804063946, 6873706.599978920072317 ], [ 366349.250724883808289, 6873706.458908281289041 ], [ 366348.831776532577351, 6873706.170377976261079 ], [ 366348.628250331094023, 6873706.03273849748075 ], [ 366348.204469888762105, 6873705.751353230327368 ], [ 366347.998639160301536, 6873705.617184486240149 ], [ 366347.570148596772924, 6873705.343025244772434 ], [ 366347.362072521704249, 6873705.212365810759366 ], [ 366346.928995003981981, 6873704.945511396974325 ], [ 366346.718733408197295, 6873704.818398839794099 ], [ 366346.281193373375572, 6873704.558925929479301 ], [ 366346.068806711176876, 6873704.435396797023714 ], [ 366345.626930017082486, 6873704.183380028232932 ], [ 366345.412479353719391, 6873704.063469837419689 ], [ 366344.96639294445049, 6873703.818981614895165 ], [ 366344.749939938716125, 6873703.702724843285978 ], [ 366344.299772341852076, 6873703.465835605747998 ], [ 366344.081379228155129, 6873703.353265677578747 ], [ 366343.627259591070469, 6873703.124043384566903 ], [ 366343.406989161623642, 6873703.015192667022347 ], [ 366342.949048219539691, 6873702.793703310191631 ], [ 366342.726963806431741, 6873702.688603099435568 ], [ 366342.265333146380726, 6873702.474910321645439 ], [ 366342.041498603241052, 6873702.373590836301446 ], [ 366341.576310925767757, 6873702.167756067588925 ], [ 366341.350790609256364, 6873702.070246439427137 ], [ 366340.882179747743066, 6873701.872328898869455 ], [ 366340.655038499331567, 6873701.778657163493335 ], [ 366340.183139309636317, 6873701.588713802397251 ], [ 366339.954442436981481, 6873701.49890689086169 ], [ 366339.479390177992173, 6873701.316992155276239 ], [ 366339.249203435727395, 6873701.231075891293585 ], [ 366338.771135187824257, 6873701.057242276147008 ], [ 366338.53952475922415, 6873700.975241360254586 ], [ 366338.058577592892107, 6873700.809538703411818 ], [ 366337.825610070372932, 6873700.731476713903248 ], [ 366337.341922468971461, 6873700.5739527316764 ], [ 366337.107664835231844, 6873700.499852112494409 ], [ 366336.621375979157165, 6873700.350552125833929 ], [ 366336.385895587853156, 6873700.280434180982411 ], [ 366335.910657762142364, 6873700.143179852515459 ], [ 366335.052215016796254, 6873699.902901077643037 ], [ 366334.903880934172776, 6873699.858855449594557 ], [ 366334.409335266042035, 6873699.716611316427588 ], [ 366334.033011193329003, 6873699.611856894567609 ], [ 366333.536098294542171, 6873699.478116376325488 ], [ 366333.158032778243069, 6873699.37983228918165 ], [ 366332.658899114234373, 6873699.25463480874896 ], [ 366332.279203393438365, 6873699.162849972955883 ], [ 366331.777995599783026, 6873699.046232309192419 ], [ 366331.396781393035781, 6873698.960973732173443 ], [ 366330.893647160148248, 6873698.852970248088241 ], [ 366330.511026633030269, 6873698.774263014085591 ], [ 366330.006113806390204, 6873698.674905445426702 ], [ 366329.622199537989218, 6873698.602772713638842 ], [ 366329.115656746318564, 6873698.512090310454369 ], [ 366328.730561696691439, 6873698.446553304791451 ], [ 366328.222538061614614, 6873698.364572760649025 ], [ 366327.836375537910499, 6873698.305650763213634 ], [ 366327.32702040928416, 6873698.232396179810166 ], [ 366326.93990403303178, 6873698.180106528103352 ], [ 366326.429367322125472, 6873698.115599466487765 ], [ 366326.041410995298065, 6873698.069957545958459 ], [ 366325.529842975141946, 6873698.014216992072761 ], [ 366325.141160846978892, 6873697.975236231461167 ], [ 366324.628712005040143, 6873697.928278581239283 ], [ 366324.239418438286521, 6873697.895970449782908 ], [ 366323.726239476643968, 6873697.857809514738619 ], [ 366323.336449013964739, 6873697.832183519378304 ], [ 366322.822690991277341, 6873697.802830534055829 ], [ 366322.4325183214969, 6873697.783894214779139 ], [ 366321.918332511675544, 6873697.763357818126678 ], [ 366321.52789243607549, 6873697.751116745173931 ], [ 366321.013429899117909, 6873697.73940297216177 ], [ 366320.622837297793012, 6873697.733860748820007 ], [ 366320.108249593118671, 6873697.730973050929606 ], [ 366319.717619390925393, 6873697.732131307013333 ], [ 366319.504992777714506, 6873697.734585507772863 ], [ 366319.124664547678549, 6873697.706895999610424 ], [ 366319.007967064389959, 6873697.699419422075152 ], [ 366318.487044343492016, 6873697.670590758323669 ], [ 366318.370234489266295, 6873697.665144680999219 ], [ 366317.848889339249581, 6873697.645379227586091 ], [ 366317.732002441422082, 6873697.641965297050774 ], [ 366317.210392318316735, 6873697.631269023753703 ], [ 366317.093463727564085, 6873697.629888272844255 ], [ 366316.571746563946363, 6873697.628264417871833 ], [ 366316.454811643634457, 6873697.628917263820767 ], [ 366315.933145133196376, 6873697.636366315186024 ], [ 366315.816239248437341, 6873697.639052560552955 ], [ 366315.294781085161958, 6873697.655572268180549 ], [ 366315.177939592394978, 6873697.660291100852191 ], [ 366314.656847707752604, 6873697.685876459814608 ], [ 366314.540105943975504, 6873697.692626452073455 ], [ 366314.019537793006748, 6873697.727269728668034 ], [ 366313.902931065007579, 6873697.736048839055002 ], [ 366313.383043628884479, 6873697.779739596880972 ], [ 366313.266607202589512, 6873697.790545172058046 ], [ 366312.747558881063014, 6873697.843270092271268 ], [ 366312.631327970942948, 6873697.856098861433566 ], [ 366312.113274322298821, 6873697.917842142283916 ], [ 366311.997284080658574, 6873697.932690228335559 ], [ 366311.480383023852482, 6873698.003433053381741 ], [ 366311.36466853012098, 6873698.02029596362263 ], [ 366310.849075617734343, 6873698.100017035380006 ], [ 366310.733671868045349, 6873698.118889670819044 ], [ 366310.219543351908214, 6873698.207564833573997 ], [ 366310.104485248448327, 6873698.228441486135125 ], [ 366309.591976443713065, 6873698.326043953187764 ], [ 366309.477298784011509, 6873698.348918309435248 ], [ 366308.966564750822727, 6873698.455418554134667 ], [ 366308.852302217448596, 6873698.480283696204424 ], [ 366308.343497763911728, 6873698.595649429596961 ], [ 366308.229684913880192, 6873698.622497836127877 ], [ 366307.722963235573843, 6873698.746694324538112 ], [ 366307.60963448981056, 6873698.775517877191305 ], [ 366307.105149423936382, 6873698.908507419750094 ], [ 366306.992339056974743, 6873698.939297400414944 ], [ 366306.49024281243328, 6873699.081039872951806 ], [ 366306.377984942228068, 6873699.11378697026521 ], [ 366305.878429711970966, 6873699.264239405281842 ], [ 366305.766758289071731, 6873699.29893371462822 ], [ 366305.269894631579518, 6873699.458050772547722 ], [ 366305.158843429409899, 6873699.49468180257827 ], [ 366304.664822503516916, 6873699.662415071390569 ], [ 366304.554425107780844, 6873699.700971741229296 ], [ 366304.063395383534953, 6873699.877270804718137 ], [ 366303.953685182321351, 6873699.91774145513773 ], [ 366303.465795483440161, 6873700.102552894502878 ], [ 366303.356805656978395, 6873700.144925286062062 ], [ 366302.87220384523971, 6873700.338193085044622 ], [ 366302.763967355771456, 6873700.382454401813447 ], [ 366302.282799682579935, 6873700.584120228886604 ], [ 366302.175349264696706, 6873700.630257084965706 ], [ 366301.697761263116263, 6873700.840259946882725 ], [ 366301.591129413456656, 6873700.88825838919729 ], [ 366301.117265785869677, 6873701.106534656137228 ], [ 366301.011484753806144, 6873701.156380167230964 ], [ 366300.541488291695714, 6873701.382864065468311 ], [ 366300.436590068973601, 6873701.434541571885347 ], [ 366299.970603309455328, 6873701.669164425693452 ], [ 366299.866619620996062, 6873701.722658297978342 ], [ 366299.404783521720674, 6873701.965349127538502 ], [ 366299.301745815842878, 6873702.020643186755478 ], [ 366298.844199944927823, 6873702.271328647620976 ], [ 366298.742139383801259, 6873702.328406170941889 ], [ 366298.289022078388371, 6873702.587010471150279 ], [ 366298.187969528778922, 6873702.645854196511209 ], [ 366297.739417930948548, 6873702.912299064919353 ], [ 366297.639403954555746, 6873702.972891195677221 ], [ 366297.195553559460677, 6873703.247096148319542 ], [ 366297.096608404128347, 6873703.309418359771371 ], [ 366296.657593500509392, 6873703.591300440952182 ], [ 366296.559747090679593, 6873703.655333884991705 ], [ 366296.125700839911588, 6873703.944807583466172 ], [ 366296.028982767660636, 6873704.010532892309129 ], [ 366295.600035681738518, 6873704.307511170394719 ], [ 366295.504475198162254, 6873704.374908468686044 ], [ 366295.080757701362018, 6873704.679301032796502 ], [ 366294.98638370714616, 6873704.748349935747683 ], [ 366294.568023546657059, 6873705.060065010562539 ], [ 366294.47486458386993, 6873705.130744636058807 ], [ 366294.061988374625798, 6873705.449687886051834 ], [ 366293.97007261775434, 6873705.521976858377457 ], [ 366293.562805420137011, 6873705.848051672801375 ], [ 366293.472160667763092, 6873705.921928128227592 ], [ 366293.070625437132549, 6873706.255036058835685 ], [ 366292.981279103376437, 6873706.330477654933929 ], [ 366286.012981332780328, 6873714.86079172976315 ], [ 366285.938414854812436, 6873714.997178477235138 ], [ 366285.69441133266082, 6873715.452755607664585 ], [ 366285.622205347404815, 6873715.590406616218388 ], [ 366285.386085862119216, 6873716.050119488500059 ], [ 366285.316261798143387, 6873716.188993908464909 ], [ 366285.08809646719601, 6873716.652706012129784 ], [ 366285.020675045729149, 6873716.792762630619109 ], [ 366284.800531575165223, 6873717.260336362756789 ], [ 366284.735532804625109, 6873717.401533615775406 ], [ 366284.523476521542761, 6873717.872830227017403 ], [ 366284.460919691249728, 6873718.015126212500036 ], [ 366284.257013552705757, 6873718.490005779080093 ], [ 366284.196917227294762, 6873718.633358268067241 ], [ 366284.001221723272465, 6873719.111679910682142 ], [ 366283.943603737221565, 6873719.256046361289918 ], [ 366283.756176943425089, 6873719.737668133340776 ], [ 366283.701054395700339, 6873719.883005702868104 ], [ 366283.521951919654384, 6873720.367784716188908 ], [ 366283.469341168762185, 6873720.514050274156034 ], [ 366283.298616196843795, 6873721.001842567697167 ], [ 366283.248532855766825, 6873721.148992707021534 ], [ 366283.086236048839055, 6873721.63965352717787 ], [ 366283.038694980554283, 6873721.787644578143954 ], [ 366282.884874470764771, 6873722.281028412282467 ], [ 366282.839889783761464, 6873722.429816457442939 ], [ 366282.694591235194821, 6873722.925776842050254 ], [ 366282.65217627940001, 6873723.07531772647053 ], [ 366282.515442829870153, 6873723.57370741199702 ], [ 366282.495170572015923, 6873723.65017469227314 ], [ 366278.689774362253956, 6873724.984768623486161 ], [ 366278.618065578630194, 6873724.882868603803217 ], [ 366278.315646666334942, 6873724.460928114131093 ], [ 366278.158611525548622, 6873724.24578569829464 ], [ 366277.848936852940824, 6873723.82914132066071 ], [ 366277.688202500925399, 6873723.616748376749456 ], [ 366277.37136480252957, 6873723.20552487578243 ], [ 366277.206979368755128, 6873722.995945001021028 ], [ 366276.883073452976532, 6873722.590265428647399 ], [ 366276.715086160053033, 6873722.383561379276216 ], [ 366276.384209071169607, 6873721.983547280542552 ], [ 366276.21267022023676, 6873721.779780950397253 ], [ 366275.874920974194538, 6873721.385552033782005 ], [ 366275.69988192996243, 6873721.184784438461065 ], [ 366275.355361777183134, 6873720.796458882279694 ], [ 366275.176874952216167, 6873720.59875013679266 ], [ 366274.825686909840442, 6873720.216444056481123 ], [ 366274.643805749365129, 6873720.021853363141418 ], [ 366274.286055082338862, 6873719.645681352354586 ], [ 366274.100834047771059, 6873719.454266977496445 ], [ 366273.736627877457067, 6873719.084341671317816 ], [ 366273.548122430394869, 6873718.896160930395126 ], [ 366273.177569662104361, 6873718.532592945732176 ], [ 366272.985836247447878, 6873718.347702188417315 ], [ 366272.879377453355119, 6873718.24554677028209 ], [ 366272.700889510801062, 6873718.075114909559488 ], [ 366272.32637308066478, 6873717.723582331091166 ], [ 366272.144993322261143, 6873717.556231359019876 ], [ 366271.764513173489831, 6873717.211162439547479 ], [ 366271.58029477117816, 6873717.046941415406764 ], [ 366271.193962507590186, 6873716.70843736641109 ], [ 366271.006959465681575, 6873716.547394431196153 ], [ 366270.61488824011758, 6873716.215554397553205 ], [ 366270.425155378994532, 6873716.057736761868 ], [ 366270.02746012317948, 6873715.73265802115202 ], [ 366269.83505306369625, 6873715.578111950308084 ], [ 366269.431850504653994, 6873715.259889913722873 ], [ 366269.236825651430991, 6873715.10866071190685 ], [ 366268.828233710490167, 6873714.797388449311256 ], [ 366268.630648235674016, 6873714.649520452134311 ], [ 366268.216787046461832, 6873714.34528948366642 ], [ 366268.016698872786947, 6873714.20082603674382 ], [ 366267.597689497284591, 6873713.903725352138281 ], [ 366267.395157281192951, 6873713.762708806432784 ], [ 366266.971122629533056, 6873713.472825559787452 ], [ 366266.766205744002946, 6873713.3352972548455 ], [ 366266.337270196061581, 6873713.052716472186148 ], [ 366266.130028713028878, 6873712.918716724030674 ], [ 366265.696317799971439, 6873712.643521108664572 ], [ 366265.486812472867314, 6873712.513089201413095 ], [ 366265.048453662602697, 6873712.245359633117914 ], [ 366264.836745908600278, 6873712.118533801287413 ], [ 366264.393867449136451, 6873711.858348604291677 ], [ 366264.180019330931827, 6873711.735166028141975 ], [ 366263.732751074247062, 6873711.482601492665708 ], [ 366263.516825282131322, 6873711.363098284229636 ], [ 366263.065298584871925, 6873711.118228582665324 ], [ 366262.847358418046497, 6873711.002439772710204 ], [ 366262.391705286630895, 6873710.765336493961513 ], [ 366262.171814634930342, 6873710.653296028263867 ], [ 366261.712168826721609, 6873710.424028778448701 ], [ 366261.490392151696142, 6873710.315769501961768 ], [ 366261.026888586755376, 6873710.094405574724078 ], [ 366260.803290902986191, 6873709.989959222264588 ], [ 366260.33606515894644, 6873709.776563365012407 ], [ 366260.110712014720775, 6873709.675960556603968 ], [ 366259.639901163347531, 6873709.47059537936002 ], [ 366259.412858621508349, 6873709.373865607194602 ], [ 366258.938600779219996, 6873709.176591353490949 ], [ 366258.709935398132075, 6873709.083762973546982 ], [ 366258.232369481993373, 6873708.894637428224087 ], [ 366258.002148295461666, 6873708.805737653747201 ], [ 366257.521414448856376, 6873708.624816313385963 ], [ 366257.289704946917482, 6873708.539871204644442 ], [ 366256.805943818879314, 6873708.367207003757358 ], [ 366256.572813927894458, 6873708.286241464316845 ], [ 366256.086167566652875, 6873708.121885105967522 ], [ 366255.851685629342683, 6873708.044922870583832 ], [ 366255.362296788778622, 6873707.8889225628227 ], [ 366255.126531544199679, 6873707.815986191853881 ], [ 366254.634543255495373, 6873707.668387531302869 ], [ 366254.397563818958588, 6873707.599498408846557 ], [ 366253.903120934672188, 6873707.460344850085676 ], [ 366253.664996777311899, 6873707.39552316814661 ], [ 366253.168243588530459, 6873707.26485531963408 ], [ 366252.929044517222792, 6873707.204120083712041 ], [ 366252.430127249157522, 6873707.081976410001516 ], [ 366252.189923385798465, 6873707.025345422327518 ], [ 366251.688987776229624, 6873706.91176160145551 ], [ 366251.447849537304137, 6873706.859251465648413 ], [ 366250.945042744802777, 6873706.754260868765414 ], [ 366250.703040820721071, 6873706.705886977724731 ], [ 366250.198510356887709, 6873706.609520400874317 ], [ 366249.955715691146906, 6873706.565296933986247 ], [ 366249.449608978757169, 6873706.477582537569106 ], [ 366249.206092747393996, 6873706.437522461637855 ], [ 366248.698558754636906, 6873706.3584860637784 ], [ 366248.454392345156521, 6873706.322601119987667 ], [ 366247.945579281251412, 6873706.252265800721943 ], [ 366247.700834271730855, 6873706.220566511154175 ], [ 366247.190891682927031, 6873706.158952946774662 ], [ 366246.945639821118675, 6873706.131448603235185 ], [ 366246.434717149415519, 6873706.078574844636023 ], [ 366246.189030331617687, 6873706.055273509584367 ], [ 366245.677277245151345, 6873706.011155046522617 ], [ 366245.431227495137136, 6873705.992063551209867 ], [ 366244.918794114375487, 6873705.956713324412704 ], [ 366244.672453562438022, 6873705.941837265156209 ], [ 366244.159490006393753, 6873705.915265630930662 ], [ 366243.912930867925752, 6873705.904609369114041 ], [ 366243.399587483727373, 6873705.886824118904769 ], [ 366243.152882038324606, 6873705.88039077911526 ], [ 366242.639309511403553, 6873705.871397132985294 ], [ 366242.39253008144442, 6873705.869188600219786 ], [ 366242.089832798985299, 6873705.868006814271212 ], [ 366240.955861391557846, 6873705.869300504215062 ], [ 366240.56172492337646, 6873705.864635650068521 ], [ 366240.039914858876728, 6873705.862998156808317 ], [ 366239.451118288154248, 6873705.86627124901861 ], [ 366238.929358617111575, 6873705.87370989844203 ], [ 366238.340708043659106, 6873705.887223492376506 ], [ 366237.819156779209152, 6873705.903736028820276 ], [ 366237.230830295011401, 6873705.927486034110188 ], [ 366236.709645023918711, 6873705.953067470341921 ], [ 366236.121820622764062, 6873705.987046703696251 ], [ 366235.601159215031657, 6873706.021689291112125 ], [ 366235.014014739019331, 6873706.065887470729649 ], [ 366234.494034639326856, 6873706.109580731019378 ], [ 366233.907747724617366, 6873706.16398448497057 ], [ 366233.388606139807962, 6873706.216715211048722 ], [ 366232.80335416336311, 6873706.281308081932366 ], [ 366232.285208393353969, 6873706.343060296028852 ], [ 366231.701168418803718, 6873706.417822739109397 ], [ 366231.184175007801969, 6873706.488577782176435 ], [ 366230.60152373224264, 6873706.573487180285156 ], [ 366230.085839175095316, 6873706.653223637491465 ], [ 366229.50475287536392, 6873706.748254301957786 ], [ 366228.990533237287309, 6873706.836948040872812 ], [ 366228.411187716876157, 6873706.942071219906211 ], [ 366227.898588499170728, 6873707.039695419371128 ], [ 366227.3211590347928, 6873707.154879309237003 ], [ 366226.810335354704875, 6873707.2614044258371 ], [ 366226.234996643441264, 6873707.386614178307354 ], [ 366225.726103004883043, 6873707.502007994800806 ], [ 366225.15302911127219, 6873707.637205729261041 ], [ 366224.646219583344646, 6873707.761433308944106 ], [ 366224.075583886704408, 6873707.906578120775521 ], [ 366223.571011650958098, 6873708.039601914584637 ], [ 366223.002986792998854, 6873708.194649892859161 ], [ 366222.500804591923952, 6873708.336429635994136 ], [ 366221.935562424361706, 6873708.501333871856332 ], [ 366221.435922237869818, 6873708.651826652698219 ], [ 366220.873633770679589, 6873708.826537254266441 ], [ 366220.376686605508439, 6873708.985697590745986 ], [ 366219.817521954944823, 6873709.170161702670157 ], [ 366219.3234183548484, 6873709.337941379286349 ], [ 366218.767546692048199, 6873709.532103191129863 ], [ 366218.276435958629008, 6873709.708451509475708 ], [ 366217.724025458563119, 6873709.912252280861139 ], [ 366217.236056332883891, 6873710.09711583238095 ], [ 366216.68727412330918, 6873710.310493903234601 ], [ 366216.202594102884177, 6873710.503816807642579 ], [ 366215.976754681731109, 6873710.596181306056678 ], [ 366215.620550877298228, 6873710.734681461006403 ], [ 366215.343513442145195, 6873710.84518323559314 ], [ 366214.860503441072069, 6873711.042727611958981 ], [ 366214.585430007602554, 6873711.15803150832653 ], [ 366214.105929011770058, 6873711.363947647623718 ], [ 366213.832902811758686, 6873711.484018779359758 ], [ 366213.357056232460309, 6873711.698244237340987 ], [ 366213.086159878410399, 6873711.823046271689236 ], [ 366212.614111539442092, 6873712.045516297221184 ], [ 366212.345426999323536, 6873712.17501147184521 ], [ 366211.877319673250895, 6873712.40565878059715 ], [ 366211.610928245878313, 6873712.539807913824916 ], [ 366211.146903729997575, 6873712.77856264077127 ], [ 366210.882886020117439, 6873712.91732514090836 ], [ 366210.423084713926073, 6873713.164115040563047 ], [ 366210.161520608351566, 6873713.307448919862509 ], [ 366209.70608142123092, 6873713.56219943985343 ], [ 366209.44705006404547, 6873713.710061330348253 ], [ 366208.99611114047002, 6873713.972695196978748 ], [ 366208.739690909627825, 6873714.125040356069803 ], [ 366208.293388374149799, 6873714.39547828771174 ], [ 366208.039656857494265, 6873714.552260620519519 ], [ 366207.59812592837261, 6873714.830420685000718 ], [ 366207.347159900004044, 6873714.991592751815915 ], [ 366206.910534148511942, 6873715.277390797622502 ], [ 366206.662409546028357, 6873715.44290383066982 ], [ 366206.230821072473191, 6873715.736253391951323 ], [ 366205.985612973512616, 6873715.906057310290635 ], [ 366205.559192361368332, 6873716.206869628280401 ], [ 366205.316974961140659, 6873716.380913052707911 ], [ 366204.895851273438893, 6873716.68909708224237 ], [ 366204.656697862257715, 6873716.867327350191772 ], [ 366204.240998505731113, 6873717.182789851911366 ], [ 366204.004981446778402, 6873717.365153034217656 ], [ 366203.594832158298232, 6873717.687798591330647 ], [ 366203.362022865796462, 6873717.874239508993924 ], [ 366202.957547819358297, 6873718.203970438800752 ], [ 366202.72801673685899, 6873718.39443267788738 ], [ 366202.329338232113514, 6873718.731149282306433 ], [ 366202.103154811309651, 6873718.925575213506818 ], [ 366201.710393603891134, 6873719.269175504334271 ], [ 366201.487626283487771, 6873719.467506296932697 ], [ 366201.100901074358262, 6873719.817886429838836 ], [ 366200.881617259408813, 6873720.020062074065208 ], [ 366200.501045206096023, 6873720.377115902490914 ], [ 366200.285311247687787, 6873720.583075222559273 ], [ 366200.2630170690245, 6873720.604733028449118 ], [ 366200.069231823610608, 6873720.551306203939021 ], [ 366199.577567441388965, 6873720.420229992829263 ], [ 366199.287045329401735, 6873720.345410751178861 ], [ 366199.030090952466708, 6873720.281555010005832 ], [ 366198.928342840110417, 6873720.246223189868033 ], [ 366198.798833714914508, 6873720.202491448260844 ], [ 366198.310285921033937, 6873720.042172806337476 ], [ 366198.180046312860213, 6873720.000667106360197 ], [ 366197.68882274342468, 6873719.848745123483241 ], [ 366197.557890910946298, 6873719.809477657079697 ], [ 366197.064135879511014, 6873719.665996958501637 ], [ 366196.932550284836907, 6873719.628979260101914 ], [ 366196.43640852480894, 6873719.493981904350221 ], [ 366196.304207822016906, 6873719.459224849008024 ], [ 366195.805825262563303, 6873719.332750547677279 ], [ 366195.673048286524136, 6873719.300264345481992 ], [ 366195.172571471601259, 6873719.182350282557309 ], [ 366195.039257226453628, 6873719.152144475840032 ], [ 366194.536832923186012, 6873719.042825229465961 ], [ 366194.40302057081135, 6873719.014908691868186 ], [ 366193.898796352907084, 6873718.914216377772391 ], [ 366193.764525201520883, 6873718.888597310520709 ], [ 366193.258649454568513, 6873718.7965615587309 ], [ 366193.123958947253413, 6873718.773247486911714 ], [ 366192.616580069705378, 6873718.689895295538008 ], [ 366192.481509772711433, 6873718.668893068097532 ], [ 366191.972776965179946, 6873718.594248946756124 ], [ 366191.837366556166671, 6873718.575564732775092 ], [ 366191.327429041091818, 6873718.50965057592839 ], [ 366191.191718297894113, 6873718.493289864622056 ], [ 366190.680726092192344, 6873718.436125065200031 ], [ 366190.544754880655091, 6873718.422092662192881 ], [ 366190.032858014397789, 6873718.373694000765681 ], [ 366189.896666276908945, 6873718.361994028091431 ], [ 366189.384014985640533, 6873718.32237571105361 ], [ 366189.247642729547806, 6873718.313011606223881 ], [ 366188.734387851727661, 6873718.282185292802751 ], [ 366188.597875137114897, 6873718.275159806013107 ], [ 366188.084167317952961, 6873718.253134538419545 ], [ 366187.947554246464279, 6873718.248449733480811 ], [ 366187.433544328087009, 6873718.235231982544065 ], [ 366187.296871030586772, 6873718.232889235951006 ], [ 366186.78271006338764, 6873718.228482887148857 ], [ 366186.646016688609961, 6873718.228482887148857 ], [ 366186.13185572141083, 6873718.232889235951006 ], [ 366185.995182423910592, 6873718.235231982544065 ], [ 366185.481172505533323, 6873718.248449733480811 ], [ 366185.344559434044641, 6873718.253134538419545 ], [ 366184.830851614882704, 6873718.275159806013107 ], [ 366184.69433890026994, 6873718.282185292802751 ], [ 366184.181084022449795, 6873718.313011606223881 ], [ 366184.044711766357068, 6873718.32237571105361 ], [ 366183.532060475088656, 6873718.361994028091431 ], [ 366183.395868737599812, 6873718.373694000765681 ], [ 366182.88397187134251, 6873718.422092662192881 ], [ 366182.748000659805257, 6873718.436125065200031 ], [ 366182.237008454103488, 6873718.493289864622056 ], [ 366182.101297710905783, 6873718.50965057592839 ], [ 366181.591360194142908, 6873718.575564732775092 ], [ 366181.45594978518784, 6873718.594248946756124 ], [ 366180.947216981265228, 6873718.668893068097532 ], [ 366180.812146684213076, 6873718.689895295538008 ], [ 366180.304767804744188, 6873718.773247486911714 ], [ 366180.170077297429089, 6873718.7965615587309 ], [ 366179.664201548148412, 6873718.888597310520709 ], [ 366179.529930396820419, 6873718.914216377772391 ], [ 366179.025706183805596, 6873719.014908691868186 ], [ 366178.891893831372727, 6873719.042825229465961 ], [ 366178.389469525543973, 6873719.152144475840032 ], [ 366178.256155280396342, 6873719.182350282557309 ], [ 366177.755678465473466, 6873719.300264345481992 ], [ 366177.622901489434298, 6873719.332750547677279 ], [ 366177.124518926837482, 6873719.459224849939346 ], [ 366176.992318224103656, 6873719.493981905281544 ], [ 366176.496176470536739, 6873719.628979259170592 ], [ 366176.364590875804424, 6873719.665996957570314 ], [ 366175.870835841051303, 6873719.809477657079697 ], [ 366175.739904008572921, 6873719.848745123483241 ], [ 366175.248680253571365, 6873720.000667165964842 ], [ 366175.118440645397641, 6873720.042172866873443 ], [ 366174.629893216711935, 6873720.202491388656199 ], [ 366174.500384091574233, 6873720.246223129332066 ], [ 366174.014655563398264, 6873720.414891346357763 ], [ 366173.885914965358097, 6873720.460836282931268 ], [ 366173.403149083314929, 6873720.637804279103875 ], [ 366173.27521483093733, 6873720.6859489120543 ], [ 366172.795552383060567, 6873720.871165077202022 ], [ 366172.668462057714351, 6873720.921495266258717 ], [ 366172.192044583614916, 6873721.114904954098165 ], [ 366172.0658355189953, 6873721.167405913583934 ], [ 366171.720857835782226, 6873721.314391583204269 ], [ 366164.827874381502625, 6873720.060527544468641 ], [ 366164.487737910298165, 6873720.077116718515754 ], [ 366163.98714148910949, 6873720.105727098882198 ], [ 366163.647329784522299, 6873720.127998722717166 ], [ 366163.14728158689104, 6873720.164971662685275 ], [ 366162.807889575546142, 6873720.192919513210654 ], [ 366162.308529080764856, 6873720.238244695588946 ], [ 366161.969651571766008, 6873720.271860966458917 ], [ 366161.47111833607778, 6873720.325525728985667 ], [ 366161.132849995105062, 6873720.364801029674709 ], [ 366160.635283332667314, 6873720.426790374331176 ], [ 366160.297718654968776, 6873720.471713732928038 ], [ 366159.801257548911963, 6873720.542010343633592 ], [ 366159.464490833284799, 6873720.59256921056658 ], [ 366158.969273939670529, 6873720.671153453178704 ], [ 366158.6333992620348, 6873720.727333704940975 ], [ 366158.139564909157343, 6873720.814183630980551 ], [ 366157.804676096246112, 6873720.8759695738554 ], [ 366157.312362284748815, 6873720.971060912124813 ], [ 366156.978552887740079, 6873721.038435285910964 ], [ 366156.48789712251164, 6873721.14174147695303 ], [ 366156.155260391242336, 6873721.214685460552573 ], [ 366155.666399692127015, 6873721.326177655719221 ], [ 366155.335028548724949, 6873721.404670872725546 ], [ 366154.848099595343228, 6873721.524317900650203 ], [ 366154.518086608441081, 6873721.608338423073292 ], [ 366154.033225276274607, 6873721.736106894910336 ], [ 366153.704662635107525, 6873721.825631252489984 ], [ 366153.222004533628933, 6873721.961485433392227 ], [ 366152.894984022248536, 6873722.056488616392016 ], [ 366152.414663726929575, 6873722.200390629470348 ], [ 366152.089276698592585, 6873722.300846100784838 ], [ 366151.611428730015177, 6873722.452755644917488 ], [ 366151.287766081746668, 6873722.558635340072215 ], [ 366150.812523705011699, 6873722.71851004473865 ], [ 366150.490675851993728, 6873722.829784386791289 ], [ 366150.018171814677771, 6873722.997579597868025 ], [ 366149.698228665278293, 6873723.114217502996325 ], [ 366143.359581381664611, 6873726.320097306743264 ], [ 366143.135453044669703, 6873726.469164822250605 ], [ 366142.711952610581648, 6873726.756072154268622 ], [ 366142.490398539579473, 6873726.908939513377845 ], [ 366142.071851703745779, 6873727.203025982715189 ], [ 366141.852936313953251, 6873727.359648738987744 ], [ 366141.439464666589629, 6873727.660828907042742 ], [ 366141.223251606046688, 6873727.821161523461342 ], [ 366140.814975223212969, 6873728.129347931593657 ], [ 366140.60152735421434, 6873728.29334379453212 ], [ 366140.198565220169257, 6873728.608446625061333 ], [ 366139.987944601220079, 6873728.776058051735163 ], [ 366139.590413583442569, 6873729.097985919564962 ], [ 366139.382681450806558, 6873729.269164180383086 ], [ 366138.990697395871393, 6873729.597823271527886 ], [ 366138.785914146283176, 6873729.772518595680594 ], [ 366138.399590854183771, 6873730.107813489623368 ], [ 366138.197816026688088, 6873730.285975086502731 ], [ 366137.81726579752285, 6873730.627808322198689 ], [ 366137.618558056827169, 6873730.809384393505752 ], [ 366137.243891721998807, 6873731.157656411640346 ], [ 366137.048308840778191, 6873731.342594163492322 ], [ 366136.679635073116515, 6873731.697203948162496 ], [ 366136.487233915715478, 6873731.885449613444507 ], [ 366136.12466014031088, 6873732.246293839067221 ], [ 366135.935496645979583, 6873732.437792684882879 ], [ 366135.579128097335342, 6873732.804766615852714 ], [ 366135.393257263873238, 6873732.999462966807187 ], [ 366135.043197683698963, 6873733.372459777630866 ], [ 366134.860673551796935, 6873733.570297026075423 ], [ 366134.517024655011483, 6873733.94920833222568 ], [ 366134.337900292070117, 6873734.150128958746791 ], [ 366134.000761953589972, 6873734.53484464250505 ], [ 366133.825089438818395, 6873734.738790231756866 ], [ 366133.494559804210439, 6873735.129198294132948 ], [ 366133.322390213084873, 6873735.336109548807144 ], [ 366132.998565216897987, 6873735.732096676714718 ], [ 366132.82994860643521, 6873735.941913440823555 ], [ 366132.512922566733323, 6873736.343364297412336 ], [ 366132.347907960880548, 6873736.556025566533208 ], [ 366132.037772879994009, 6873736.962823650799692 ], [ 366131.876408255659044, 6873737.178267597220838 ], [ 366131.573254510818515, 6873737.590294361114502 ], [ 366131.41558678355068, 6873737.808458343148232 ], [ 366131.11950229073409, 6873738.225594295188785 ], [ 366130.965577301220037, 6873738.446414886042476 ], [ 366130.685129875841085, 6873738.855924378149211 ], [ 366130.276379491901025, 6873739.463502609170973 ], [ 366130.167577081883792, 6873739.624142847023904 ], [ 366129.884243006934412, 6873740.050250787287951 ], [ 366129.752562025096267, 6873740.251997449435294 ], [ 366129.476536999922246, 6873740.682876068167388 ], [ 366129.34831623500213, 6873740.886839379556477 ], [ 366129.079680609516799, 6873741.322363248094916 ], [ 366128.9549573661061, 6873741.528483866713941 ], [ 366128.69378926261561, 6873741.968526327051222 ], [ 366128.572599827777594, 6873742.176744284108281 ], [ 366128.318975231144577, 6873742.62117731012404 ], [ 366128.310815838340204, 6873742.635762801393867 ], [ 366128.230757202894893, 6873742.467453958466649 ], [ 366128.004240010108333, 6873742.001651895232499 ], [ 366127.894366280583199, 6873741.780584433116019 ], [ 366127.659840993292164, 6873741.318762649782002 ], [ 366127.546166985994205, 6873741.099625067785382 ], [ 366127.303703406185377, 6873740.641921016387641 ], [ 366127.186263006238732, 6873740.424778639338911 ], [ 366126.935933469969314, 6873739.971328874118626 ], [ 366126.814761685323901, 6873739.756246429868042 ], [ 366126.556640854105353, 6873739.307186188176274 ], [ 366126.431773804826662, 6873739.094227788969874 ], [ 366126.165938526159152, 6873738.649690763093531 ], [ 366126.037413434067275, 6873738.438919891603291 ], [ 366125.763942989869975, 6873737.99903866648674 ], [ 366125.631798167014495, 6873737.790518151596189 ], [ 366123.330135334574152, 6873735.252237011678517 ], [ 366123.296827823447529, 6873735.169028694741428 ], [ 366123.100741618080065, 6873734.691136047244072 ], [ 366123.059363854292314, 6873734.59271342959255 ], [ 366122.855078487133142, 6873734.118268033489585 ], [ 366122.812012223876081, 6873734.020572444424033 ], [ 366122.5995881097042, 6873733.54971460532397 ], [ 366122.554846115177497, 6873733.452775010839105 ], [ 366122.334346295450814, 6873732.985644477419555 ], [ 366122.287941834772937, 6873732.889489618130028 ], [ 366122.059431780711748, 6873732.426225077360868 ], [ 366122.011378611729015, 6873732.330883459188044 ], [ 366121.774925832694862, 6873731.871621781028807 ], [ 366121.725238202197943, 6873731.777121673338115 ], [ 366121.480913079343736, 6873731.321999559178948 ], [ 366121.429605718702078, 6873731.228368977084756 ], [ 366121.177480457117781, 6873730.777520923875272 ], [ 366121.124568577797618, 6873730.684787628240883 ], [ 366120.864718026714399, 6873730.238347491249442 ], [ 366120.810217316087801, 6873730.146538975648582 ], [ 366120.542718611424789, 6873729.704639269039035 ], [ 366120.486645227763802, 6873729.613782751373947 ], [ 366120.211577459005639, 6873729.176554131321609 ], [ 366120.153948026825674, 6873729.086676550097764 ], [ 366119.871392933593597, 6873728.654248948208988 ], [ 366119.8122245388804, 6873728.565376949496567 ], [ 366119.522265795676503, 6873728.137878418900073 ], [ 366119.461575980589259, 6873728.050038351677358 ], [ 366119.164299599127844, 6873727.627595704980195 ], [ 366119.10210635693511, 6873727.54081361182034 ], [ 366118.79760048922617, 6873727.123552112840116 ], [ 366118.733922258892562, 6873727.037853722460568 ], [ 366118.422276997647714, 6873726.62589683290571 ], [ 366118.357132658420596, 6873726.541307554580271 ], [ 366118.038440781412646, 6873726.134777911938727 ], [ 366117.971849647234194, 6873726.051322822459042 ], [ 366117.646205343713518, 6873725.650340563617647 ], [ 366117.57818715745816, 6873725.568044406361878 ], [ 366117.245686965994537, 6873725.172728415578604 ], [ 366117.176261893589981, 6873725.091615590266883 ], [ 366116.83700442686677, 6873724.702083117328584 ], [ 366116.76619305141503, 6873724.622177672572434 ], [ 366116.420279074227437, 6873724.238544408231974 ], [ 366116.348102389776614, 6873724.159870033152401 ], [ 366115.995634254068136, 6873723.782249486073852 ], [ 366115.922113659558818, 6873723.704829506576061 ], [ 366115.563196045346558, 6873723.333333824761212 ], [ 366115.48835333797615, 6873723.257191193290055 ], [ 366115.123092351597734, 6873722.891930205747485 ], [ 366115.046949720766861, 6873722.817087498493493 ], [ 366114.675453898729756, 6873722.458169748075306 ], [ 366114.598033918999135, 6873722.384649153798819 ], [ 366114.220413465925958, 6873722.032181106507778 ], [ 366114.141739090846386, 6873721.960004421882331 ], [ 366113.75810566265136, 6873721.614090299233794 ], [ 366113.678200217371341, 6873721.543278924189508 ], [ 366113.288667932385579, 6873721.204021622426808 ], [ 366113.207555107306689, 6873721.134596549905837 ], [ 366112.812239234626759, 6873720.802096454426646 ], [ 366112.729943077894859, 6873720.734078267589211 ], [ 366112.3289606939652, 6873720.408433859236538 ], [ 366112.245505604660138, 6873720.341842724941671 ], [ 366111.838975712133106, 6873720.023150654509664 ], [ 366111.754386433050968, 6873719.958006315864623 ], [ 366111.34242975700181, 6873719.646361218765378 ], [ 366111.2567313669133, 6873719.582682988606393 ], [ 366110.839469979226124, 6873719.278177200816572 ], [ 366110.752687886066269, 6873719.215983957983553 ], [ 366110.330244979937561, 6873718.918707394041121 ], [ 366110.242404912656639, 6873718.858017579652369 ], [ 366109.814906700339634, 6873718.568059051409364 ], [ 366109.726034701685421, 6873718.508890655823052 ], [ 366109.29360679112142, 6873718.2263353606686 ], [ 366109.203729209781159, 6873718.168705929070711 ], [ 366108.766500731173437, 6873717.89363825134933 ], [ 366108.67564421397401, 6873717.837564867921174 ], [ 366108.23374454799341, 6873717.570066186599433 ], [ 366108.141936031926889, 6873717.515565475448966 ], [ 366107.69549589487724, 6873717.255714923143387 ], [ 366107.602762599359266, 6873717.202803043648601 ], [ 366107.15191454347223, 6873716.950677779503167 ], [ 366107.058283961785492, 6873716.899370418861508 ], [ 366106.603161738603376, 6873716.655045237392187 ], [ 366106.508661630388815, 6873716.605357606895268 ], [ 366106.049400025978684, 6873716.368904866278172 ], [ 366105.954058408504352, 6873716.320851697586477 ], [ 366105.4907937241951, 6873716.092341573908925 ], [ 366105.394638864207081, 6873716.045937113463879 ], [ 366104.927508488646708, 6873715.825437369756401 ], [ 366104.830568894045427, 6873715.780695375055075 ], [ 366104.359711050288752, 6873715.568271257914603 ], [ 366104.262015461572446, 6873715.52520499471575 ], [ 366103.78757010505069, 6873715.320919644087553 ], [ 366103.689147487049922, 6873715.279541879892349 ], [ 366103.211254915397149, 6873715.083455703221262 ], [ 366103.174600313475821, 6873715.068783208727837 ], [ 366103.137074387574103, 6873715.050862033851445 ], [ 366102.664036784961354, 6873714.829988416284323 ], [ 366102.449806896271184, 6873714.732220200821757 ], [ 366101.972997471108101, 6873714.519611592404544 ], [ 366101.757098712783772, 6873714.425586088560522 ], [ 366101.276661762734875, 6873714.221306830644608 ], [ 366101.059159516007639, 6873714.131052512675524 ], [ 366100.575240612844937, 6873713.935164500959218 ], [ 366100.356200744630769, 6873713.84870870038867 ], [ 366099.868946209724527, 6873713.661271169781685 ], [ 366099.648435052484274, 6873713.578640069812536 ], [ 366099.157992791675497, 6873713.399709914810956 ], [ 366098.936077123507857, 6873713.320928537286818 ], [ 366098.442595469299704, 6873713.150559870526195 ], [ 366098.219342493510339, 6873713.075652073137462 ], [ 366097.722970834292937, 6873712.913896472193301 ], [ 366097.498448159312829, 6873712.842884940095246 ], [ 366096.999336814449634, 6873712.689791392534971 ], [ 366096.773612433113158, 6873712.622697630897164 ], [ 366096.271912779251579, 6873712.478312567807734 ], [ 366096.116600061068311, 6873712.435074546374381 ], [ 366095.752803429379128, 6873712.283523277379572 ], [ 366095.300117819977459, 6873712.099255388602614 ], [ 366094.929482984298375, 6873711.951894550584257 ], [ 366094.473855555988848, 6873711.775025930255651 ], [ 366094.100869221903849, 6873711.633722736500204 ], [ 366093.64242095121881, 6873711.464300341904163 ], [ 366093.267182117153425, 6873711.329092295840383 ], [ 366092.806034433073364, 6873711.167161003686488 ], [ 366092.428642695304006, 6873711.038083994761109 ], [ 366091.964918286830653, 6873710.883686888031662 ], [ 366091.585473813000135, 6873710.76077517401427 ], [ 366091.119295570941176, 6873710.613953166641295 ], [ 366090.737899073574226, 6873710.49723937176168 ], [ 366090.269390769302845, 6873710.358031447976828 ], [ 366089.886143478972372, 6873710.247546550817788 ], [ 366076.135584371455479, 6873709.571024229750037 ], [ 366075.963239712524228, 6873709.60280535183847 ], [ 366075.877695290779229, 6873709.619332945905626 ], [ 366075.440981990133878, 6873709.558654206804931 ], [ 366075.310349422914442, 6873709.541642888449132 ], [ 366074.800134004850406, 6873709.479641194455326 ], [ 366074.66922917671036, 6873709.464870326220989 ], [ 366074.158026062999852, 6873709.411618535406888 ], [ 366074.026887396525126, 6873709.399092454463243 ], [ 366073.514847585291136, 6873709.354606291279197 ], [ 366073.383513571694493, 6873709.344328671693802 ], [ 366072.870786384795792, 6873709.308621104806662 ], [ 366072.739295572799165, 6873709.30059496499598 ], [ 366072.226031798636541, 6873709.273676508106291 ], [ 366072.094422782771289, 6873709.267904204316437 ], [ 366071.580773641297128, 6873709.249782780185342 ], [ 366071.44908505078638, 6873709.246266004629433 ], [ 366070.935200491745491, 6873709.236946899443865 ], [ 366070.803470979386475, 6873709.235686685889959 ], [ 366070.289502432686277, 6873709.235172648914158 ], [ 366070.157770663092379, 6873709.236169366165996 ], [ 366069.643868500133976, 6873709.244460548274219 ], [ 366069.51217313867528, 6873709.247713904827833 ], [ 366068.998488367593382, 6873709.264807875268161 ], [ 366068.866868068871554, 6873709.270316916517913 ], [ 366068.353551907581277, 6873709.29620863776654 ], [ 366068.222045304253697, 6873709.303971745073795 ], [ 366067.70924770279089, 6873709.338653651997447 ], [ 366067.577893394045532, 6873709.348668548278511 ], [ 366067.169510131294373, 6873709.382612008601427 ], [ 366066.271411370835267, 6873709.463438908569515 ], [ 366066.235782260308042, 6873709.466666866093874 ], [ 366065.731166577897966, 6873709.512687854468822 ], [ 366065.215895435540006, 6873709.564168413169682 ], [ 366064.712149276689161, 6873709.618892501108348 ], [ 366064.197843459260184, 6873709.679259267635643 ], [ 366063.695116915041581, 6873709.742670150473714 ], [ 366063.181929710204713, 6873709.811905132606626 ], [ 366062.680372567730956, 6873709.883983916603029 ], [ 366062.168456822691951, 6873709.962066493928432 ], [ 366061.668218520702794, 6873710.04279170371592 ], [ 366061.157726752397139, 6873710.12969861458987 ], [ 366060.65895633661421, 6873710.219046198762953 ], [ 366060.150040778913535, 6873710.314751524478197 ], [ 366059.652886857860722, 6873710.412694860249758 ], [ 366059.145698985434137, 6873710.517170114442706 ], [ 366058.650309685850516, 6873710.623680020682514 ], [ 366058.145000634889584, 6873710.736894072033465 ], [ 366057.651523557840846, 6873710.851938814856112 ], [ 366057.148244017560501, 6873710.973857901990414 ], [ 366056.656826194317546, 6873711.097403202205896 ], [ 366056.155725934368093, 6873711.227991042658687 ], [ 366055.666513782634865, 6873711.360000091604888 ], [ 366055.167742274294142, 6873711.499217733740807 ], [ 366054.680881554610096, 6873711.639651197940111 ], [ 366054.184587245399598, 6873711.78745720628649 ], [ 366053.70022301771678, 6873711.93627324514091 ], [ 366053.206553941476159, 6873712.09262353181839 ], [ 366052.724830521969125, 6873712.249777804128826 ], [ 366052.233933639887255, 6873712.414625824429095 ], [ 366051.754994557762984, 6873712.580071507021785 ], [ 366051.267016200057697, 6873712.753368123434484 ], [ 366050.791004155064002, 6873712.927055921405554 ], [ 366050.306089627440087, 6873713.108749531209469 ], [ 366049.833146447141189, 6873713.29062769562006 ], [ 366049.351440362050198, 6873713.4806641144678 ], [ 366048.881706959626172, 6873713.67067845351994 ], [ 366048.40335279260762, 6873713.869001076556742 ], [ 366047.936969125003088, 6873714.067094975151122 ], [ 366047.462109321146272, 6873714.273644747212529 ], [ 366046.999214347044472, 6873714.479759184643626 ], [ 366046.52799048111774, 6873714.694474524818361 ], [ 366046.068722120020539, 6873714.908548088744283 ], [ 366045.601274538086727, 6873715.131365048699081 ], [ 366045.145769628754351, 6873715.353333956561983 ], [ 366044.682237700617407, 6873715.584186101332307 ], [ 366044.230631960497703, 6873715.813984216190875 ], [ 366043.771153630339541, 6873716.052802846767008 ], [ 366043.323581615171861, 6873716.290361702442169 ], [ 366042.868294007435907, 6873716.537075546570122 ], [ 366042.424889071146026, 6873716.782324359752238 ], [ 366041.973927576793358, 6873717.03686005063355 ], [ 366041.534821831679437, 6873717.289725752547383 ], [ 366041.088321032642853, 6873717.552007330581546 ], [ 366040.653645310085267, 6873717.812414578162134 ], [ 366040.211738168494776, 6873718.082363936118782 ], [ 366039.781621979956981, 6873718.350235140882432 ], [ 366039.344440091343131, 6873718.627771891653538 ], [ 366038.919011589663569, 6873718.903027242980897 ], [ 366038.486685310956091, 6873719.18806863296777 ], [ 366038.066071252513211, 6873719.470626117661595 ], [ 366037.638729359547142, 6873719.763087241910398 ], [ 366037.223055065958761, 6873720.052862672135234 ], [ 366036.80082487029722, 6873720.352656400762498 ], [ 366036.423980379942805, 6873720.625147563405335 ], [ 366036.343503609474283, 6873720.666142442263663 ], [ 366036.170569259964395, 6873720.756126419641078 ], [ 366035.712559692154173, 6873720.999499321915209 ], [ 366035.541206817899365, 6873721.092459515668452 ], [ 366035.087472756626084, 6873721.343714241869748 ], [ 366034.917752573790494, 6873721.439622869715095 ], [ 366034.468430170265492, 6873721.698684030212462 ], [ 366034.300393406883813, 6873721.797512424178421 ], [ 366033.855616722721606, 6873722.064302721992135 ], [ 366033.689313603856135, 6873722.166021343320608 ], [ 366033.249215636751615, 6873722.440461000427604 ], [ 366033.084695869125426, 6873722.545039446093142 ], [ 366032.649408177589066, 6873722.827046426013112 ], [ 366032.486720934917685, 6873722.934453438036144 ], [ 366032.056373444036581, 6873723.223943568766117 ], [ 366031.895567352359649, 6873723.334147045388818 ], [ 366031.470289037097245, 6873723.631033566780388 ], [ 366031.311412160168402, 6873723.744000567123294 ], [ 366030.891329754551407, 6873724.048195005394518 ], [ 366030.734429579519201, 6873724.163891766220331 ], [ 366030.319669015123509, 6873724.475302929058671 ], [ 366030.164792438270524, 6873724.593694867566228 ], [ 366029.755477315047756, 6873724.912229955196381 ], [ 366029.602670627878979, 6873725.033281686715782 ], [ 366029.198923600662965, 6873725.358845246955752 ], [ 366029.048232475877739, 6873725.482520588673651 ], [ 366028.650174030102789, 6873725.815015465952456 ], [ 366028.501643508265261, 6873725.941277452744544 ], [ 366028.109392700425815, 6873726.280604199506342 ], [ 366027.963067176227923, 6873726.40941509231925 ], [ 366027.576741097087506, 6873726.755472423508763 ], [ 366027.432664306019433, 6873726.886793723329902 ], [ 366027.05237874831073, 6873727.239477911032736 ], [ 366026.910593753971625, 6873727.37327036447823 ], [ 366026.536462071817368, 6873727.732476278208196 ], [ 366026.397011252702214, 6873727.86869989708066 ], [ 366026.029145482927561, 6873728.234319970011711 ], [ 366025.892070519796107, 6873728.372934036888182 ], [ 366025.530580379941966, 6873728.74485922511667 ], [ 366025.395922243536916, 6873728.885822311043739 ], [ 366025.040916007827036, 6873729.263941215351224 ], [ 366024.908714946417604, 6873729.407211186364293 ], [ 366024.560298556520138, 6873729.791410968638957 ], [ 366024.430594084085897, 6873729.936945003457367 ], [ 366024.08887189917732, 6873730.327110582962632 ], [ 366023.961702783417422, 6873730.474865180440247 ], [ 366023.626776648918167, 6873730.870880273170769 ], [ 366023.502180899784435, 6873731.020811272785068 ], [ 366023.174151150509715, 6873731.422557247802615 ], [ 366023.052166008623317, 6873731.574619835242629 ], [ 366022.731130604282953, 6873731.98197671584785 ], [ 366022.611792530224193, 6873732.136125440709293 ], [ 366022.297847461770289, 6873732.548971423879266 ], [ 366022.181192124786321, 6873732.705160211771727 ], [ 366021.874431141361129, 6873733.123372016474605 ], [ 366021.760493408830371, 6873733.281554184854031 ], [ 366021.461008258862421, 6873733.70500673353672 ], [ 366021.349822185991798, 6873733.865135002881289 ], [ 366021.067757403652649, 6873734.278950084000826 ], [ 366020.898276420659386, 6873734.453661354258657 ], [ 366020.672754747269209, 6873734.690153498202562 ], [ 366020.322085323103238, 6873735.064230367541313 ], [ 366020.100638408854138, 6873735.304542297497392 ], [ 366019.756413478404284, 6873735.684557684697211 ], [ 366019.539106011099648, 6873735.928619201295078 ], [ 366019.201426053594332, 6873736.314462178386748 ], [ 366018.988321511715185, 6873736.562201988883317 ], [ 366018.657285246590618, 6873736.95375975780189 ], [ 366018.448445881018415, 6873737.205105492845178 ], [ 366018.124149942130316, 6873737.60226375143975 ], [ 366017.919636757695116, 6873737.857141990214586 ], [ 366017.602175875508692, 6873738.259784727357328 ], [ 366017.402048613410443, 6873738.51812101714313 ], [ 366017.091515635314863, 6873738.926130468957126 ], [ 366016.895832755428273, 6873739.187849343754351 ], [ 366016.592318231181707, 6873739.601106536574662 ], [ 366016.401136895234231, 6873739.866131546907127 ], [ 366016.104729577607941, 6873740.284515640698373 ], [ 366015.918105632415973, 6873740.552769368514419 ], [ 366015.62889209453715, 6873740.976158163510263 ], [ 366015.446880055416841, 6873741.247562248259783 ], [ 366015.164944818825461, 6873741.675832007080317 ], [ 366014.987597854109481, 6873741.950307166203856 ], [ 366014.713023171003442, 6873742.383332945406437 ], [ 366014.540393086208496, 6873742.660799003206193 ], [ 366014.273259262263309, 6873743.098454158753157 ], [ 366014.105396485014353, 6873743.378830062225461 ], [ 366013.845781489508227, 6873743.820986851118505 ], [ 366013.682735054870136, 6873744.104190699756145 ], [ 366013.430714788439218, 6873744.550719855353236 ], [ 366013.272532324597705, 6873744.83666891977191 ], [ 366013.02818036818644, 6873745.287440068088472 ], [ 366012.874908082303591, 6873745.576050818897784 ], [ 366012.63829579052981, 6873746.030932328663766 ], [ 366012.489978455705568, 6873746.322120459750295 ], [ 366012.261174999061041, 6873746.780979354865849 ], [ 366012.117855940829031, 6873747.074659804813564 ], [ 366011.896928109868895, 6873747.537362136878073 ], [ 366011.758649193681777, 6873747.833449118770659 ], [ 366011.545661572308745, 6873748.299859625287354 ], [ 366011.412463191372808, 6873748.598266646265984 ], [ 366011.207477929419838, 6873749.068249230273068 ], [ 366011.079398992820643, 6873749.368889124132693 ], [ 366010.882476043188944, 6873749.842306328006089 ], [ 366010.759553964657243, 6873750.145091271027923 ], [ 366010.5707508068881, 6873750.621804905124009 ], [ 366010.453021493565757, 6873750.926646450534463 ], [ 366010.272393276856747, 6873751.406517273746431 ], [ 366010.159891119168606, 6873751.713326374068856 ], [ 366009.987490630534012, 6873752.196214146912098 ], [ 366009.880248491885141, 6873752.504901178181171 ], [ 366009.716126085666474, 6873752.990664857439697 ], [ 366009.61417529307073, 6873753.301139647141099 ], [ 366009.458378900832031, 6873753.789637366309762 ], [ 366009.361749235482421, 6873754.101809221319854 ], [ 366009.214324381086044, 6873754.592898242175579 ], [ 366009.123044069798198, 6873754.906675972044468 ], [ 366009.032287293171976, 6873755.228895481675863 ], [ 366008.93829050817294, 6873755.435777883045375 ], [ 366008.869022721366491, 6873755.591829822398722 ], [ 366008.661064800864551, 6873756.071565010584891 ], [ 366008.594527257257141, 6873756.228800469078124 ], [ 366008.394961880345363, 6873756.712087195366621 ], [ 366008.331174792139791, 6873756.8704584101215 ], [ 366008.140062630700413, 6873757.35714974347502 ], [ 366008.079045374353882, 6873757.516608605161309 ], [ 366007.896444454614539, 6873758.006556767970324 ], [ 366007.838215565308928, 6873758.167054837569594 ], [ 366007.664181321393698, 6873758.660111095756292 ], [ 366007.608758487273008, 6873758.821599620394409 ], [ 366007.443343824066687, 6873759.317614094354212 ], [ 366007.390743880881928, 6873759.480044018477201 ], [ 366007.233999055111781, 6873759.978866002522409 ], [ 366007.184237981156912, 6873760.142187983728945 ], [ 366007.036210581951309, 6873760.643666028045118 ], [ 366006.989303493057378, 6873760.807830454781651 ], [ 366006.850038486358244, 6873761.311812232248485 ], [ 366006.805999631527811, 6873761.476769236847758 ], [ 366006.675539334944915, 6873761.983101606369019 ], [ 366006.63438209175365, 6873762.148801079951227 ], [ 366006.512766138184816, 6873762.657330217771232 ], [ 366006.474503008939791, 6873762.823721825145185 ], [ 366006.361768325034063, 6873763.334293324500322 ], [ 366006.326410932932049, 6873763.501326521858573 ], [ 366006.222591777273919, 6873764.013785229064524 ], [ 366006.190150862850714, 6873764.181409276090562 ], [ 366006.095278771535959, 6873764.695599522441626 ], [ 366006.065764189232141, 6873764.863763500005007 ], [ 366005.979867970163468, 6873765.379529154859483 ], [ 366005.953288685705047, 6873765.548181980848312 ], [ 366005.876394444843754, 6873766.065366293303668 ], [ 366005.85275853209896, 6873766.234456735663116 ], [ 366005.784889619098976, 6873766.752902655862272 ], [ 366005.764204258040991, 6873766.922379350289702 ], [ 366005.705381293781102, 6873767.441929358057678 ], [ 366005.68765276792692, 6873767.611740822903812 ], [ 366005.637893620936666, 6873768.132237092591822 ], [ 366005.623127315659076, 6873768.302331743761897 ], [ 366005.582447099965066, 6873768.823616173118353 ], [ 366005.570647500804625, 6873768.993942340835929 ], [ 366005.539058572147042, 6873769.515856609679759 ], [ 366005.53022926353151, 6873769.686362555250525 ], [ 366005.50774122052826, 6873770.208748077973723 ], [ 366005.501884884492029, 6873770.379382005892694 ], [ 366005.488504557113629, 6873770.902080113068223 ], [ 366005.485622972599231, 6873771.072790190577507 ], [ 366005.481354425370228, 6873771.595642112195492 ], [ 366005.481448467762675, 6873771.766376483254135 ], [ 366005.486292997316923, 6873772.289223373867571 ], [ 366005.489362637978047, 6873772.459930173121393 ], [ 366005.503318773058709, 6873772.982613231986761 ], [ 366005.509363079618197, 6873773.153240605257452 ], [ 366005.532426580030005, 6873773.675601032562554 ], [ 366005.541443716327194, 6873773.846097148023546 ], [ 366005.573607577942312, 6873774.367976300418377 ], [ 366005.585594804957509, 6873774.538289366289973 ], [ 366005.626849253661931, 6873775.059528660029173 ], [ 366005.64180292992387, 6873775.229606941342354 ], [ 366005.692135439254344, 6873775.750048104673624 ], [ 366005.710051022353582, 6873775.91983993537724 ], [ 366005.769446296733804, 6873776.43932481110096 ], [ 366005.790318344486877, 6873776.608778615482152 ], [ 366005.858758346468676, 6873777.127149445936084 ], [ 366005.882580518547911, 6873777.296213747933507 ], [ 366005.938184583093971, 6873777.66739063244313 ], [ 366005.889246541482862, 6873777.729956174269319 ], [ 366004.686625320755411, 6873779.294682094827294 ], [ 366004.379391856957227, 6873779.701531125232577 ], [ 366003.203534393571317, 6873781.286467790603638 ], [ 366002.903259065700695, 6873781.69847902841866 ], [ 366001.754504945420194, 6873783.303168711252511 ], [ 366001.461274471424986, 6873783.720223171636462 ], [ 366000.339955452538561, 6873785.344202440232038 ], [ 366000.053854518395383, 6873785.766179674305022 ], [ 365998.960294436023105, 6873787.408979525789618 ], [ 365998.681405662035104, 6873787.835757676512003 ], [ 365997.615920334588736, 6873789.496903673745692 ], [ 365997.344324268575292, 6873789.928359479643404 ], [ 365996.307221406372264, 6873791.607371886260808 ], [ 365996.04299648583401, 6873792.043380742892623 ], [ 365995.034575602621771, 6873793.739774662069976 ], [ 365992.585850441013463, 6873799.372446353547275 ], [ 365987.87429483566666, 6873804.271841419860721 ], [ 365987.684636142686941, 6873804.470878838561475 ], [ 365984.724155381962191, 6873807.606400643475354 ], [ 365976.800451806280762, 6873812.945366689004004 ], [ 365976.430589971772861, 6873813.188187442719936 ], [ 365976.007231452793349, 6873813.471301211975515 ], [ 365975.493028048134875, 6873813.821518880315125 ], [ 365975.074536711734254, 6873814.111778780817986 ], [ 365974.566352712106891, 6873814.470675115473568 ], [ 365974.152849150414113, 6873814.76799750700593 ], [ 365973.650831017643213, 6873815.135469071567059 ], [ 365973.242434410494752, 6873815.439768257550895 ], [ 365972.746726829500403, 6873815.815709143877029 ], [ 365972.343554825696629, 6873816.126897465437651 ], [ 365971.854300662642345, 6873816.511199326254427 ], [ 365971.456469508237205, 6873816.829187058843672 ], [ 365970.973809769260697, 6873817.221739135682583 ], [ 365970.581434141786303, 6873817.546434617601335 ], [ 365970.105507932603359, 6873817.947123773396015 ], [ 365969.718700863886625, 6873818.278433469124138 ], [ 365969.249645349453203, 6873818.687144223600626 ], [ 365968.868518361065071, 6873819.024972611106932 ], [ 365968.406468726228923, 6873819.44158717058599 ], [ 365968.031131614814512, 6873819.785836928524077 ], [ 365967.576221025257837, 6873820.210235223174095 ], [ 365967.20678204257274, 6873820.560807065106928 ], [ 365966.759141606511548, 6873820.992866778746247 ], [ 365966.395707160234451, 6873821.349659728817642 ], [ 365965.955465890467167, 6873821.789256339892745 ], [ 365965.598140738089569, 6873822.152167558670044 ], [ 365965.165425515035167, 6873822.599174372851849 ], [ 365964.814312639995478, 6873822.968099265359342 ], [ 365964.389248174906243, 6873823.422387452796102 ], [ 365964.04444880207302, 6873823.797219658270478 ], [ 365963.627157601353247, 6873824.25865828897804 ], [ 365963.288771049992647, 6873824.639289839193225 ], [ 365962.879373379633762, 6873825.107745924964547 ], [ 365962.547497240710072, 6873825.494067043997347 ], [ 365962.146111091773491, 6873825.969405570998788 ], [ 365961.820840941101778, 6873826.36130500305444 ], [ 365961.427581995667424, 6873826.843388977460563 ], [ 365961.109011627268046, 6873827.240753717720509 ], [ 365960.723993225081358, 6873827.729444199241698 ], [ 365960.412214460840914, 6873828.132159711793065 ], [ 365960.148305753013119, 6873828.479086983948946 ], [ 365959.490998206660151, 6873829.321257817558944 ], [ 365959.209562042960897, 6873829.687627521343529 ], [ 365958.452985711279325, 6873830.688385171815753 ], [ 365958.177224697778001, 6873831.059045314788818 ], [ 365957.436148892738856, 6873832.07133493386209 ], [ 365957.166128435055725, 6873832.44619760196656 ], [ 365956.440728901303373, 6873833.469779126346111 ], [ 365956.176513025304303, 6873833.848755433224142 ], [ 365955.466961789759807, 6873834.883386122994125 ], [ 365955.208613150054589, 6873835.266386200673878 ], [ 365954.515078481286764, 6873836.311820696108043 ], [ 365954.262658358667977, 6873836.698753697797656 ], [ 365953.585304726904724, 6873837.754744075238705 ], [ 365953.338872963096946, 6873838.145518267527223 ], [ 365952.677861001284327, 6873839.211814102716744 ], [ 365948.947539976099506, 6873848.258118573576212 ], [ 365947.419001782371197, 6873854.866798411123455 ], [ 365947.278400108451024, 6873854.952520738355815 ], [ 365946.847470596490894, 6873855.220275067724288 ], [ 365946.173128239461221, 6873855.647217237390578 ], [ 365945.746788284392096, 6873855.922220576554537 ], [ 365945.079762240813579, 6873856.360505287535489 ], [ 365944.658133768418338, 6873856.642678989097476 ], [ 365943.998614802258089, 6873857.092180894687772 ], [ 365943.581818332255352, 6873857.38144430052489 ], [ 365942.929995060549118, 6873857.842034848406911 ], [ 365942.518149841809645, 6873858.138305199332535 ], [ 365941.874208680528682, 6873858.609852664172649 ], [ 365941.467432498990092, 6873858.913045228458941 ], [ 365940.831557610188611, 6873859.395414751023054 ], [ 365940.429966800380498, 6873859.705442816019058 ], [ 365939.802340038877446, 6873860.19849644228816 ], [ 365939.40604942839127, 6873860.51527136284858 ], [ 365938.786850290372968, 6873861.018868084065616 ], [ 365938.395973206614144, 6873861.342299271374941 ], [ 365937.785378777887672, 6873861.856295064091682 ], [ 365937.400027081428561, 6873862.186289960518479 ], [ 365936.798211987013929, 6873862.710537823848426 ], [ 365936.418495800928213, 6873863.047002122737467 ], [ 365935.825632154941559, 6873863.581352127715945 ], [ 365935.451660128484946, 6873863.92418955732137 ], [ 365934.867917485127691, 6873864.46848888322711 ], [ 365934.499796530406456, 6873864.81760143302381 ], [ 365933.92534183524549, 6873865.371694415807724 ], [ 365933.563177260453813, 6873865.726982214488089 ], [ 365932.998174802807625, 6873866.29071038775146 ], [ 365932.642070170491934, 6873866.652071840129793 ], [ 365932.490245147782844, 6873866.80876649171114 ], [ 365932.342045842087828, 6873866.941363726742566 ], [ 365932.255337948736269, 6873867.020306372083724 ], [ 365931.874017828318756, 6873867.373566963709891 ], [ 365931.78869072755333, 6873867.454000078141689 ], [ 365931.413548590207938, 6873867.813814401626587 ], [ 365931.329627898987383, 6873867.895713836885989 ], [ 365930.960776178864762, 6873868.261974051594734 ], [ 365930.878287091793027, 6873868.345315220765769 ], [ 365930.515836658596527, 6873868.717911242507398 ], [ 365930.434803940646816, 6873868.802669124677777 ], [ 365930.078863650909625, 6873869.181489044800401 ], [ 365929.999311629740987, 6873869.267638193443418 ], [ 365929.649988194694743, 6873869.652568443678319 ], [ 365929.571940753317904, 6873869.740082995966077 ], [ 365929.229339120734949, 6873870.131007936783135 ], [ 365929.15281969064381, 6873870.21986161917448 ], [ 365928.817042867594864, 6873870.616663708351552 ], [ 365928.742074421374127, 6873870.706829844042659 ], [ 365928.413222979288548, 6873871.10939022898674 ], [ 365928.339828024094459, 6873871.200841749086976 ], [ 365928.018000872572884, 6873871.609039352275431 ], [ 365927.946201442973688, 6873871.701748800463974 ], [ 365927.631494961155113, 6873872.115461382083595 ], [ 365927.561312612844631, 6873872.209400926716626 ], [ 365927.253821602382232, 6873872.628503859974444 ], [ 365927.185277405427769, 6873872.723645296879113 ], [ 365926.885093956196215, 6873873.148013059049845 ], [ 365926.818208488984965, 6873873.244327825494111 ], [ 365926.525422798353247, 6873873.673832908272743 ], [ 365926.460216141189449, 6873873.771292088553309 ], [ 365926.17491609492572, 6873874.205805566161871 ], [ 365926.111407824268099, 6873874.304379900917411 ], [ 365925.833679063129239, 6873874.743771343491971 ], [ 365925.771888245362788, 6873874.843431239016354 ], [ 365925.501814141636714, 6873875.287568747065961 ], [ 365925.441759327659383, 6873875.388284283690155 ], [ 365925.179421021370217, 6873875.837034421041608 ], [ 365925.121120240772143, 6873875.938775361515582 ], [ 365924.866596443753224, 6873876.392003482207656 ], [ 365924.810067199636251, 6873876.494739281944931 ], [ 365924.563434341049287, 6873876.952309289947152 ], [ 365924.508693604671862, 6873877.056009105406702 ], [ 365924.270025698060635, 6873877.517783688381314 ], [ 365924.217089903657325, 6873877.622416387312114 ], [ 365923.986458668427076, 6873878.088256780058146 ], [ 365923.935343708319124, 6873878.193790948949754 ], [ 365923.712818332540337, 6873878.663557397201657 ], [ 365923.663539552595466, 6873878.769961352460086 ], [ 365923.44918681361014, 6873879.24351289216429 ], [ 365923.401759008178487, 6873879.350754690356553 ], [ 365923.195643317652866, 6873879.827949025668204 ], [ 365923.150080725608859, 6873879.935996470041573 ], [ 365922.952263977029361, 6873880.416690297424793 ], [ 365922.908580277173314, 6873880.525510949082673 ], [ 365922.719121783738956, 6873881.009560139849782 ], [ 365922.677330090780742, 6873881.119121329858899 ], [ 365922.496286780165974, 6873881.606380445882678 ], [ 365922.456399640766904, 6873881.716649281792343 ], [ 365922.283825877471827, 6873882.206972002051771 ], [ 365922.245855266635772, 6873882.317915378138423 ], [ 365922.12229098303942, 6873882.689423114061356 ], [ 365922.021124993800186, 6873882.705244049429893 ], [ 365921.843576031853445, 6873882.734573851339519 ], [ 365921.336118259467185, 6873882.822883993387222 ], [ 365921.159099026350304, 6873882.85525778401643 ], [ 365920.653232345881406, 6873882.952267354354262 ], [ 365920.476795025286265, 6873882.987675589509308 ], [ 365919.972668634727597, 6873883.093355968594551 ], [ 365919.796865238808095, 6873883.131788209080696 ], [ 365919.294627280381974, 6873883.246108344756067 ], [ 365919.119509634329006, 6873883.287553262896836 ], [ 365918.619308515975717, 6873883.410479379817843 ], [ 365918.444928242941387, 6873883.45492475759238 ], [ 365917.946911454957444, 6873883.58642060495913 ], [ 365917.773319960746448, 6873883.633853339590132 ], [ 365917.277634089521598, 6873883.773880213499069 ], [ 365917.104882547282614, 6873883.824286323040724 ], [ 365916.61167397868121, 6873883.972802869975567 ], [ 365916.439813314005733, 6873884.026167494244874 ], [ 365915.949227230681572, 6873884.183129995130002 ], [ 365915.778308106586337, 6873884.239437403157353 ], [ 365915.290489063540008, 6873884.404799612239003 ], [ 365915.120561865507625, 6873884.464033205993474 ], [ 365914.635654059180524, 6873884.63774624094367 ], [ 365914.466768880141899, 6873884.699888557195663 ], [ 365913.984914876578841, 6873884.881901341490448 ], [ 365913.817121502419468, 6873884.946934062056243 ], [ 365913.355860918411054, 6873885.130277692340314 ], [ 365913.318031171103939, 6873885.141788565553725 ], [ 365913.214495421911124, 6873885.174281527288258 ], [ 365912.716727870923933, 6873885.33527844492346 ], [ 365912.613774472672958, 6873885.369571910239756 ], [ 365912.118890338810161, 6873885.539224258624017 ], [ 365912.016550599888433, 6873885.575307797640562 ], [ 365911.524700021778699, 6873885.753564100712538 ], [ 365911.423005064018071, 6873885.791426740586758 ], [ 365910.934337640705053, 6873885.978232785128057 ], [ 365910.83331838977756, 6873886.017863011918962 ], [ 365910.347982690669596, 6873886.213162006810308 ], [ 365910.247669866774231, 6873886.254547769203782 ], [ 365909.765813656093087, 6873886.458280252292752 ], [ 365909.666237764584366, 6873886.501408964395523 ], [ 365909.188007528078742, 6873886.713512998074293 ], [ 365909.08919885038631, 6873886.758371544070542 ], [ 365908.614739868149627, 6873886.978782693855464 ], [ 365908.516728452115785, 6873887.025357432663441 ], [ 365908.046185328334104, 6873887.254008520394564 ], [ 365907.94900097954087, 6873887.30228528752923 ], [ 365907.482516242540441, 6873887.539107057265937 ], [ 365907.38618851499632, 6873887.589071173220873 ], [ 365906.923904651368503, 6873887.833991292864084 ], [ 365906.82846283854451, 6873887.885627562180161 ], [ 365906.370520007098094, 6873888.1385717689991 ], [ 365906.275993133196607, 6873888.191864489577711 ], [ 365905.822530845412984, 6873888.452755725942552 ], [ 365905.728947656170931, 6873888.507688690908253 ], [ 365905.280103666649666, 6873888.776447700336576 ], [ 365905.187492621073034, 6873888.833004204556346 ], [ 365904.743403423868585, 6873889.109549259766936 ], [ 365904.651792685152031, 6873889.167712104506791 ], [ 365904.212593404459767, 6873889.451959061436355 ], [ 365904.122010831721127, 6873889.511710559017956 ], [ 365903.687834914715495, 6873889.80357305239886 ], [ 365903.598308054264635, 6873889.864895032718778 ], [ 365903.169287898112088, 6873890.164284055121243 ], [ 365903.08084397536004, 6873890.22715786844492 ], [ 365902.657109414460137, 6873890.53398281801492 ], [ 365902.569775325420778, 6873890.598389346152544 ], [ 365902.151455653132871, 6873890.912556612864137 ], [ 365902.065257956332061, 6873890.978476269170642 ], [ 365901.652480516233481, 6873891.299890201538801 ], [ 365901.567445424676407, 6873891.367302938364446 ], [ 365901.160335205961019, 6873891.695866217836738 ], [ 365901.076488578924909, 6873891.764751536771655 ], [ 365900.675170010013971, 6873892.100363741628826 ], [ 365900.592537345539313, 6873892.1707006925717 ], [ 365900.197132020723075, 6873892.513260129839182 ], [ 365900.115738447580952, 6873892.585027324035764 ], [ 365899.726366601127665, 6873892.934429842978716 ], [ 365899.646236871427391, 6873893.007605456747115 ], [ 365899.26301738928305, 6873893.363744365051389 ], [ 365899.184175870497711, 6873893.438306143507361 ], [ 365898.80722473654896, 6873893.801073649898171 ], [ 365898.729695404763333, 6873893.876998919993639 ], [ 365898.359127533622086, 6873894.246284442953765 ], [ 365898.282933965616394, 6873894.323550115339458 ], [ 365897.918861939746421, 6873894.699241462163627 ], [ 365897.844027306244243, 6873894.77782404050231 ], [ 365897.486561989935581, 6873895.159806805662811 ], [ 365897.413109048211481, 6873895.239682392217219 ], [ 365897.062359071685933, 6873895.627840489149094 ], [ 365896.990310159162618, 6873895.708984793163836 ], [ 365896.646381979109719, 6873896.103200420737267 ], [ 365896.575759005907457, 6873896.185588767752051 ], [ 365896.238757610670291, 6873896.585741586983204 ], [ 365896.169582053436898, 6873896.669348920695484 ], [ 365895.839609697228298, 6873897.07531750202179 ], [ 365895.771902592445258, 6873897.160118397325277 ], [ 365895.449059545644559, 6873897.571779385209084 ], [ 365895.382841483282391, 6873897.657748054713011 ], [ 365895.067226017534267, 6873898.074976148083806 ], [ 365895.002517134591471, 6873898.162086448632181 ], [ 365894.694225325481966, 6873898.584754632785916 ], [ 365894.631045300106052, 6873898.672980072908103 ], [ 365894.330170706671197, 6873899.100960079580545 ], [ 365894.268538752105087, 6873899.190273830667138 ], [ 365893.975173015031032, 6873899.623435308225453 ], [ 365893.915107873734087, 6873899.713810209184885 ], [ 365893.629340096667875, 6873900.152021595276892 ], [ 365893.570860034553334, 6873900.243430163711309 ], [ 365893.292777297901921, 6873900.68655792158097 ], [ 365893.235900098923594, 6873900.778972358442843 ], [ 365892.96558678598376, 6873901.226882015354931 ], [ 365892.910329746664502, 6873901.32027421798557 ], [ 365892.647868120926432, 6873901.772829473018646 ], [ 365892.594248045061249, 6873901.867171040736139 ], [ 365892.339717915339861, 6873902.324234281666577 ], [ 365892.287751108990051, 6873902.419496525079012 ], [ 365892.041229924885556, 6873902.880928674712777 ], [ 365891.990932191140018, 6873902.977082624100149 ], [ 365891.7524948756909, 6873903.442743439227343 ], [ 365891.703881510358769, 6873903.539759853854775 ], [ 365891.473600611265283, 6873904.009507649578154 ], [ 365891.426686397753656, 6873904.107357026077807 ], [ 365891.2046318880748, 6873904.581049065105617 ], [ 365891.159431093139574, 6873904.679701647721231 ], [ 365890.945670538174454, 6873905.15719380043447 ], [ 365890.902196907496545, 6873905.256619588471949 ], [ 365890.69679526303662, 6873905.737766765989363 ], [ 365890.655062016972806, 6873905.837935524992645 ], [ 365890.458081856602803, 6873906.322591142728925 ], [ 365890.418101686460432, 6873906.423472409136593 ], [ 365890.229602825944312, 6873906.911489286459982 ], [ 365890.191387889732141, 6873907.01305238250643 ], [ 365890.011427630903199, 6873907.504282178357244 ], [ 365889.974989549897145, 6873907.606496219523251 ], [ 365889.803622666804586, 6873908.100789424031973 ], [ 365889.768972521938849, 6873908.20362332649529 ], [ 365889.606251144316047, 6873908.700829568319023 ], [ 365889.573399472748861, 6873908.804252059198916 ], [ 365889.419373047538102, 6873909.304220245219767 ], [ 365889.388329839566723, 6873909.408199873752892 ], [ 365889.243045214097947, 6873909.910777942277491 ], [ 365889.213819910015445, 6873910.015283088199794 ], [ 365889.077321251097601, 6873910.520318261347711 ], [ 365889.049922738457099, 6873910.625317145138979 ], [ 365888.92225160531234, 6873911.132655651308596 ], [ 365888.896688216074836, 6873911.238116340711713 ], [ 365888.884735750150867, 6873911.287609146907926 ], [ 365888.460432750580367, 6873913.051121033728123 ], [ 365888.21018666139571, 6873913.968133337795734 ], [ 365888.079514542245306, 6873914.463595596142113 ], [ 365887.732836885028519, 6873915.825124023482203 ], [ 365887.610646084824111, 6873916.322745816782117 ], [ 365887.287273243302479, 6873917.6899967296049 ], [ 365887.173599404166453, 6873918.189632906578481 ], [ 365886.873625716252718, 6873919.562207437120378 ], [ 365886.768502004037146, 6873920.063712221570313 ], [ 365886.492014981340617, 6873921.441209945827723 ], [ 365886.395472061296459, 6873921.944437044672668 ], [ 365886.203089202230331, 6873922.995667061768472 ], [ 365886.052196545468178, 6873923.500665321014822 ], [ 365885.912570681946818, 6873923.982613513246179 ], [ 365885.725802227912936, 6873924.648055518977344 ], [ 365885.594256458221935, 6873925.132271534763277 ], [ 365885.418643618060742, 6873925.800744159147143 ], [ 365885.295214745914564, 6873926.28709252551198 ], [ 365885.130806646251585, 6873926.958408765494823 ], [ 365885.015529190655798, 6873927.446753464639187 ], [ 365884.862371823575813, 6873928.120725525543094 ], [ 365884.755278037453536, 6873928.610929928719997 ], [ 365884.613414247811306, 6873929.287369270808995 ], [ 365884.514534089888912, 6873929.77929624542594 ], [ 365884.384003563201986, 6873930.458013638854027 ], [ 365884.29336469451664, 6873930.951525571756065 ], [ 365884.174203945847694, 6873931.6323311496526 ], [ 365884.091831723111682, 6873932.12728997785598 ], [ 365883.984074086998589, 6873932.809993287548423 ], [ 365883.909991549619008, 6873933.306260571815073 ], [ 365883.813667170586996, 6873933.990670633502305 ], [ 365883.747895045904443, 6873934.488107527606189 ], [ 365883.663030870142393, 6873935.174032880924642 ], [ 365883.60558755765669, 6873935.672500223852694 ], [ 365883.532207325275522, 6873936.35974898468703 ], [ 365883.483108891989104, 6873936.859107356518507 ], [ 365883.421233130793553, 6873937.547487272880971 ], [ 365883.380493314529303, 6873938.047596952877939 ], [ 365883.330139333731495, 6873938.73691545240581 ], [ 365883.297769528755452, 6873939.237636567093432 ], [ 365883.258951414725743, 6873939.927700819447637 ], [ 365883.2349606778007, 6873940.428893272764981 ], [ 365883.20768928952748, 6873941.11951023619622 ], [ 365883.192084331356455, 6873941.621033834293485 ], [ 365883.176367297943216, 6873942.312010312452912 ], [ 365883.16915248404257, 6873942.813724749721587 ], [ 365883.164994202146772, 6873943.504867445677519 ], [ 365883.166171550692525, 6873944.006632379256189 ], [ 365883.172147243167274, 6873944.564603054895997 ], [ 365883.162805110390764, 6873944.596355997025967 ], [ 365883.149434110848233, 6873944.639134477823973 ], [ 365883.135346213530283, 6873944.681682213209569 ], [ 365883.120545376266818, 6873944.723987252451479 ], [ 365883.105035790824331, 6873944.766037613153458 ], [ 365883.088821828365326, 6873944.807821442373097 ], [ 365883.071908082056325, 6873944.849326906725764 ], [ 365883.054299311363138, 6873944.890542325563729 ], [ 365883.03600048617227, 6873944.931456065736711 ], [ 365883.017016795987729, 6873944.972056524828076 ], [ 365882.997353556856979, 6873945.012332332320511 ], [ 365882.977016375691164, 6873945.052272004075348 ], [ 365882.837878865771927, 6873945.314527127891779 ], [ 365882.5513923438848, 6873945.868340790271759 ], [ 365882.249924422008917, 6873946.466260770335793 ], [ 365882.055724780424498, 6873946.835843062028289 ], [ 365881.855341034592129, 6873947.202109206467867 ], [ 365881.648829745303374, 6873947.564955820329487 ], [ 365881.436249306192622, 6873947.924280302599072 ], [ 365881.217659726447891, 6873948.279981222935021 ], [ 365880.993122761428822, 6873948.631958086974919 ], [ 365880.762701863597613, 6873948.980111429467797 ], [ 365880.52646211523097, 6873949.324342915788293 ], [ 365880.284470216021873, 6873949.664555354043841 ], [ 365880.281628900789656, 6873949.668411034159362 ], [ 365879.348919718526304, 6873950.609550069086254 ], [ 365879.084668343130033, 6873950.879569388926029 ], [ 365876.863385694043245, 6873953.178114043548703 ], [ 365876.602555731893517, 6873953.45143975969404 ], [ 365874.410395641636569, 6873955.777775563299656 ], [ 365872.404296776978299, 6873958.140083472244442 ], [ 365870.685170701297466, 6873960.390439848415554 ], [ 365870.378239462792408, 6873960.799394487403333 ], [ 365868.697716958180536, 6873963.078723861835897 ], [ 365868.397800305741839, 6873963.49285027012229 ], [ 365867.81594098592177, 6873964.310869537293911 ], [ 365865.384047958592419, 6873966.514073271304369 ], [ 365865.29556095803855, 6873966.580861120484769 ], [ 365864.881603778048884, 6873966.898997605778277 ], [ 365864.762216541334055, 6873966.992413286119699 ], [ 365864.353858427843079, 6873967.317705229856074 ], [ 365864.236114901199471, 6873967.413184355944395 ], [ 365863.833479400840588, 6873967.745533335022628 ], [ 365863.717415243794676, 6873967.843046990223229 ], [ 365863.320624250394758, 6873968.18235239200294 ], [ 365863.206274613679852, 6873968.281871044076979 ], [ 365862.815448292472865, 6873968.628030117601156 ], [ 365862.702847807668149, 6873968.729523627087474 ], [ 365862.318104699312244, 6873969.082431373186409 ], [ 365862.207287468307186, 6873969.185869000852108 ], [ 365861.828743881545961, 6873969.545418735593557 ], [ 365861.719743466062937, 6873969.650769155472517 ], [ 365861.347514132736251, 6873970.01685190666467 ], [ 365861.240363544377033, 6873970.124083212576807 ], [ 365860.874561151780654, 6873970.496588154695928 ], [ 365860.769292841781862, 6873970.605667871423066 ], [ 365860.410028341808356, 6873970.984482018277049 ], [ 365860.306674191378988, 6873971.095377109013498 ], [ 365859.954056252085138, 6873971.480385870672762 ], [ 365859.852647562860511, 6873971.593062750063837 ], [ 365859.506782891228795, 6873971.984149625524879 ], [ 365859.407350375375245, 6873972.098574169911444 ], [ 365859.068343830644153, 6873972.495620594359934 ], [ 365858.970917602127884, 6873972.61175814922899 ], [ 365858.638871939678211, 6873973.014643768779933 ], [ 365858.543481504661031, 6873973.132459159940481 ], [ 365858.218497090740129, 6873973.541062195785344 ], [ 365858.125171338848304, 6873973.660519743338227 ], [ 365857.807346739456989, 6873974.074716272763908 ], [ 365857.716113935050089, 6873974.195779797621071 ], [ 365857.405545444285963, 6873974.615444319322705 ], [ 365857.31643321790034, 6873974.738077155314386 ], [ 365857.013214627630077, 6873975.163082936778665 ], [ 365856.926249967480544, 6873975.287247946485877 ], [ 365856.63047346874373, 6873975.717465771362185 ], [ 365856.545682712632697, 6873975.843125347979367 ], [ 365856.257437628577463, 6873976.278425282798707 ], [ 365856.174846456036903, 6873976.405541370622814 ], [ 365855.894220167829189, 6873976.845791461877525 ], [ 365855.813853592204396, 6873976.974325562827289 ], [ 365855.540931143448688, 6873977.419392388314009 ], [ 365855.462813504214864, 6873977.549305574037135 ], [ 365855.19767741241958, 6873977.999054569751024 ], [ 365855.121832368138712, 6873978.130307496525347 ], [ 365854.864563019713387, 6873978.584602313116193 ], [ 365854.791013540467247, 6873978.717155230231583 ], [ 365854.541688924888149, 6873979.17585813999176 ], [ 365854.470457285759039, 6873979.309670900925994 ], [ 365854.229152728279587, 6873979.772643324919045 ], [ 365854.160260502249002, 6873979.907675405964255 ], [ 365853.927049267396796, 6873980.374776781536639 ], [ 365853.860517318884376, 6873980.510987285524607 ], [ 365853.63546994124772, 6873980.982076329179108 ], [ 365853.571318419941235, 6873981.119424004107714 ], [ 365853.354503032926004, 6873981.594358100555837 ], [ 365853.292751367611345, 6873981.73280135076493 ], [ 365853.084233730682172, 6873982.211436451412737 ], [ 365853.024900623189751, 6873982.350933346897364 ], [ 365852.824743795616087, 6873982.833124700933695 ], [ 365852.767847215465736, 6873982.973632995039225 ], [ 365852.576111856265925, 6873983.459234476089478 ], [ 365852.521669034962542, 6873983.600711614824831 ], [ 365852.3384132066858, 6873984.089576169848442 ], [ 365852.286440632655285, 6873984.23197930585593 ], [ 365852.11171986424597, 6873984.723958795890212 ], [ 365852.062233277596533, 6873984.867244800552726 ], [ 365851.89610040379921, 6873985.362190461717546 ], [ 365851.849114792072214, 6873985.506315941922367 ], [ 365851.691620241152123, 6873986.004077532328665 ], [ 365851.647149834083393, 6873986.148998836055398 ], [ 365851.498341202561278, 6873986.649425924755633 ], [ 365851.456399468472227, 6873986.795099163427949 ], [ 365851.316321875783615, 6873987.298040025867522 ], [ 365851.276921516982839, 6873987.444421080872416 ], [ 365851.145617371192202, 6873987.949723454192281 ], [ 365851.108770320308395, 6873988.09676799364388 ], [ 365850.986279409145936, 6873988.60427875444293 ], [ 365850.951996825577226, 6873988.751942243427038 ], [ 365850.838356221211143, 6873989.261507790535688 ], [ 365850.806648487690836, 6873989.409745508804917 ], [ 365850.701892614073586, 6873989.921211489476264 ], [ 365850.67276933346875, 6873990.069978542625904 ], [ 365850.576929918606766, 6873990.583190048113465 ], [ 365850.550399911182467, 6873990.732441380620003 ], [ 365850.463505981606431, 6873991.247242974117398 ], [ 365850.439577282115351, 6873991.396933384239674 ], [ 365850.361655150016304, 6873991.913169182837009 ], [ 365850.340335005428642, 6873992.063253336586058 ], [ 365850.271408281347249, 6873992.580766912549734 ], [ 365850.252703148580622, 6873992.731199353933334 ], [ 365850.192792690882925, 6873993.249834102578461 ], [ 365850.176708234997932, 6873993.40056927409023 ], [ 365850.125832200865261, 6873993.920168014243245 ], [ 365850.112373293086421, 6873994.071160263381898 ], [ 365850.070547083800193, 6873994.591565699316561 ], [ 365850.059717800293583, 6873994.742769298143685 ], [ 365850.026954087545164, 6873995.263823767192662 ], [ 365850.018757707963232, 6873995.415192921645939 ], [ 365849.99506641109474, 6873995.936738668940961 ], [ 365849.989505417877808, 6873996.08822753559798 ], [ 365849.974893713952042, 6873996.610106571577489 ], [ 365849.974417806603014, 6873996.634775417856872 ], [ 365848.109881147393025, 6874000.9435312198475 ], [ 365847.816804508911446, 6874002.717668705619872 ], [ 365847.780503060435876, 6874002.731853798031807 ], [ 365847.660515209718142, 6874002.77994866296649 ], [ 365847.177229574357625, 6874002.978566746227443 ], [ 365847.058097555069253, 6874003.028744055889547 ], [ 365846.578344637004193, 6874003.23574894014746 ], [ 365846.460104587837122, 6874003.287993472069502 ], [ 365845.984029505227227, 6874003.503322537988424 ], [ 365845.866717294149566, 6874003.557618444785476 ], [ 365845.394464620912913, 6874003.781206307932734 ], [ 365845.278115834400523, 6874003.837537119165063 ], [ 365844.809829025238287, 6874004.069315858185291 ], [ 365844.694478957622778, 6874004.127664485014975 ], [ 365844.2302996852668, 6874004.367563977837563 ], [ 365844.115983327850699, 6874004.427912721410394 ], [ 365843.656052829988766, 6874004.675859974697232 ], [ 365843.542804860509932, 6874004.738190527074039 ], [ 365843.087262230284978, 6874004.994110553525388 ], [ 365842.97511700243922, 6874005.058404007926583 ], [ 365842.524100714537781, 6874005.322219018824399 ], [ 365842.413092247385066, 6874005.388455871492624 ], [ 365841.966739255760331, 6874005.660085747949779 ], [ 365841.856901223654859, 6874005.728245904669166 ], [ 365841.415346248017158, 6874006.007608669809997 ], [ 365841.306711970129982, 6874006.077671457082033 ], [ 365840.87008975353092, 6874006.364681866951287 ], [ 365840.762692184071057, 6874006.436626029200852 ], [ 365840.331134914187714, 6874006.731197176501155 ], [ 365840.225006631982978, 6874006.805000889115036 ], [ 365839.798644809401594, 6874007.107043705880642 ], [ 365839.693818008468952, 6874007.182684582658112 ], [ 365839.27278152020881, 6874007.492107058875263 ], [ 365839.169287999509834, 6874007.569562152959406 ], [ 365838.753704398870468, 6874007.886270540766418 ], [ 365838.651575553172734, 6874007.96551635582 ], [ 365838.24157076125266, 6874008.289414693601429 ], [ 365838.140837571118027, 6874008.370427191257477 ], [ 365837.736536013486329, 6874008.701417190022767 ], [ 365837.63722903636517, 6874008.784171795472503 ], [ 365837.238753582525533, 6874009.122152862139046 ], [ 365837.140902942977846, 6874009.20662447065115 ], [ 365836.748374052753206, 6874009.551494434475899 ], [ 365836.652009433659259, 6874009.637657423503697 ], [ 365836.265546675072983, 6874009.98931123316288 ], [ 365836.170697308552917, 6874010.077139463275671 ], [ 365835.790417503041681, 6874010.435470815747976 ], [ 365835.697112161607947, 6874010.524937645532191 ], [ 365835.323130835720804, 6874010.889837687835097 ], [ 365835.23139782337239, 6874010.980915977619588 ], [ 365834.863828421453945, 6874011.352274020202458 ], [ 365834.773695565352682, 6874011.444936141371727 ], [ 365834.412649713165592, 6874011.822639400139451 ], [ 365834.324144354963209, 6874011.916857242584229 ], [ 365833.969731179589871, 6874012.300791563466191 ], [ 365833.882880167395342, 6874012.396536548621953 ], [ 365833.535207666980568, 6874012.786584938876331 ], [ 365833.450037346803583, 6874012.883828020654619 ], [ 365833.109210754511878, 6874013.279872409068048 ], [ 365833.025746962812264, 6874013.378584088757634 ], [ 365832.691869493282866, 6874013.780504548922181 ], [ 365832.610137548588682, 6874013.880654884502292 ], [ 365832.283310841943603, 6874014.288329063914716 ], [ 365832.203335537691601, 6874014.389887672849 ], [ 365831.88365844800137, 6874014.80319225974381 ], [ 365831.805464044504333, 6874014.906128335744143 ], [ 365831.493033792823553, 6874015.324937633238733 ], [ 365831.416644010343589, 6874015.429219949059188 ], [ 365831.111555115552619, 6874015.853407254442573 ], [ 365831.036993126792368, 6874015.959004177711904 ], [ 365830.739338268875144, 6874016.388440639711916 ], [ 365830.666626692167483, 6874016.49532013759017 ], [ 365830.558809565787669, 6874016.656807827763259 ], [ 365830.36775969772134, 6874016.641797761432827 ], [ 365829.846334084460977, 6874016.605398845858872 ], [ 365829.650353802426253, 6874016.593432780355215 ], [ 365829.128373365558218, 6874016.566123930737376 ], [ 365828.932214351370931, 6874016.557574144564569 ], [ 365828.409837043902371, 6874016.539363626390696 ], [ 365828.213558844756335, 6874016.534232717007399 ], [ 365827.690943756198976, 6874016.525126080028713 ], [ 365827.494605955609586, 6874016.523415603674948 ], [ 365826.971911464177538, 6874016.523415603674948 ], [ 365826.775573663588148, 6874016.525126080028713 ], [ 365826.252958575030789, 6874016.534232717007399 ], [ 365826.056680375884753, 6874016.539363626390696 ], [ 365825.534303068416193, 6874016.557574144564569 ], [ 365825.338144054228906, 6874016.566123930737376 ], [ 365824.816163617360871, 6874016.593432780355215 ], [ 365824.620183335326146, 6874016.605398845858872 ], [ 365824.098757722065784, 6874016.641797761432827 ], [ 365823.903015665127896, 6874016.657176475040615 ], [ 365823.38230339367874, 6874016.702654393389821 ], [ 365823.186858982604463, 6874016.721441086381674 ], [ 365822.667018009582534, 6874016.775984214618802 ], [ 365822.471930574509315, 6874016.798173184506595 ], [ 365821.953118985809851, 6874016.861764931119978 ], [ 365821.75844774878351, 6874016.887349440716207 ], [ 365821.240822650201153, 6874016.959970549680293 ], [ 365821.046626706782263, 6874016.98894283361733 ], [ 365820.530345335952006, 6874017.070571250282228 ], [ 365820.336683637520764, 6874017.102922514081001 ], [ 365819.821903086965904, 6874017.193533396348357 ], [ 365819.628834422503132, 6874017.229253817349672 ], [ 365819.115710514597595, 6874017.328819734044373 ], [ 365818.923293493338861, 6874017.367898469790816 ], [ 365818.41198204975808, 6874017.476389192044735 ], [ 365818.220275082974695, 6874017.518814380280674 ], [ 365817.710931621550117, 6874017.636196908541024 ], [ 365817.519992904970422, 6874017.681955669075251 ], [ 365817.012771696608979, 6874017.808194448240101 ], [ 365816.822659192723222, 6874017.857272891327739 ], [ 365816.317714471835643, 6874017.9923295378685 ], [ 365816.128485892375465, 6874018.044712764210999 ], [ 365815.628104809904471, 6874018.187915422953665 ], [ 365814.941840005165432, 6874018.390772460028529 ], [ 365814.75530088308733, 6874018.446571518667042 ], [ 365814.446172992291395, 6874018.540134277194738 ], [ 365813.954404268355574, 6874018.693597638979554 ], [ 365813.646928547823336, 6874018.79245472792536 ], [ 365813.15786756464513, 6874018.954339742660522 ], [ 365812.852134681248572, 6874019.05846201069653 ], [ 365812.365925490506925, 6874019.228720996528864 ], [ 365812.062025597202592, 6874019.338077741675079 ], [ 365811.57881177298259, 6874019.516660421155393 ], [ 365811.276834482268896, 6874019.631219395436347 ], [ 365810.7967583493446, 6874019.818073167465627 ], [ 365810.496792706777342, 6874019.937800590880215 ], [ 365810.019995875249151, 6874020.132870340719819 ], [ 365809.722130333073437, 6874020.257730908691883 ], [ 365809.248753372696228, 6874020.46095912437886 ], [ 365808.953075764118694, 6874020.590916018933058 ], [ 365808.483258299645968, 6874020.802242759615183 ], [ 365808.189855812466703, 6874020.937257659621537 ], [ 365807.723736343323253, 6874021.156620627269149 ], [ 365807.432695494615473, 6874021.296653720550239 ], [ 365806.970411548099946, 6874021.523988191969693 ], [ 365806.681818158540409, 6874021.668998185545206 ], [ 365806.22350599541096, 6874021.904237151145935 ], [ 365805.937445163959637, 6874022.054181285202503 ], [ 365805.483239913184661, 6874022.297255386598408 ], [ 365805.199795991997235, 6874022.452089446596801 ], [ 365804.749831574386917, 6874022.702927016653121 ], [ 365804.469088143901899, 6874022.862605346366763 ], [ 365804.023497250047512, 6874023.121132416650653 ], [ 365803.745537094597239, 6874023.28560793120414 ], [ 365803.304451261821669, 6874023.551748181693256 ], [ 365803.029356344777625, 6874023.720972379669547 ], [ 365802.592905409517698, 6874023.99464747030288 ], [ 365802.320756849483587, 6874024.168570453301072 ], [ 365801.889069651078898, 6874024.449699597433209 ], [ 365801.619947697909083, 6874024.628270079381764 ], [ 365801.193151505081914, 6874024.9167703948915 ], [ 365800.927135516016278, 6874025.099935719743371 ], [ 365800.505356129258871, 6874025.395722170360386 ], [ 365800.242524545756169, 6874025.583428327925503 ], [ 365799.825886465492658, 6874025.886413602158427 ], [ 365799.566316790063865, 6874026.078605241142213 ], [ 365799.154942695691716, 6874026.388700124807656 ], [ 365798.898711468908004, 6874026.585320574231446 ], [ 365798.492722766124643, 6874026.902433554641902 ], [ 365798.239905544091016, 6874027.103424835950136 ], [ 365797.839422002725769, 6874027.427462358959019 ], [ 365797.590093334903941, 6874027.632765203714371 ], [ 365797.195232933794614, 6874027.963631810620427 ], [ 365796.949466341000516, 6874028.173185680992901 ], [ 365796.560345571313519, 6874028.510783761739731 ], [ 365796.318213523947634, 6874028.724526865407825 ], [ 365795.934947107743938, 6874029.068756887689233 ], [ 365795.696521004487295, 6874029.286626197397709 ], [ 365795.319222029880621, 6874029.637386589311063 ], [ 365795.084572176623624, 6874029.859317859634757 ], [ 365794.71335176192224, 6874030.216505318880081 ], [ 365794.482547350926325, 6874030.442433109506965 ], [ 365794.117515069781803, 6874030.805942208506167 ], [ 365793.890624159597792, 6874031.035799898207188 ], [ 365793.531887601071503, 6874031.405523493885994 ], [ 365793.30897709610872, 6874031.639243303798139 ], [ 365792.956642053264659, 6874032.015072366222739 ], [ 365792.737777684174944, 6874032.252585378475487 ], [ 365792.391948122996837, 6874032.634409004822373 ], [ 365792.17719442746602, 6874032.875645181164145 ], [ 365791.837972177832853, 6874033.263350944034755 ], [ 365791.627392481372226, 6874033.508239151909947 ], [ 365791.294877716165502, 6874033.901712561957538 ], [ 365791.088534113368951, 6874034.15018058847636 ], [ 365790.762824788689613, 6874034.549305730499327 ], [ 365790.560778125131037, 6874034.801280309446156 ], [ 365790.24197031283984, 6874035.205939458683133 ], [ 365790.044280167028774, 6874035.461346289142966 ], [ 365789.732467916386668, 6874035.871420067735016 ], [ 365789.539192582189571, 6874036.13018383551389 ], [ 365789.234467748552561, 6874036.545551441609859 ], [ 365789.045664218021557, 6874036.80759584531188 ], [ 365788.748116701026447, 6874037.22813474200666 ], [ 365788.563840647577308, 6874037.493382511660457 ], [ 365788.273558259708807, 6874037.91896858625114 ], [ 365788.093864021764603, 6874038.187341504730284 ], [ 365787.810932266525924, 6874038.617849396541715 ], [ 365787.635872831335291, 6874038.889268328435719 ], [ 365787.360375126241706, 6874039.324571114033461 ], [ 365787.190002114512026, 6874039.598956026136875 ], [ 365786.922019794583321, 6874040.038925190456212 ], [ 365786.75638344505569, 6874040.316195171326399 ], [ 365786.495995451230556, 6874040.760701107792556 ], [ 365786.335144605836831, 6874041.040774398483336 ], [ 365786.082427746034227, 6874041.489685990847647 ], [ 365785.926409835752565, 6874041.77248000446707 ], [ 365785.681438607862219, 6874042.225664920173585 ], [ 365785.530299638397992, 6874042.511096268892288 ], [ 365785.293146314274054, 6874042.968420810066164 ], [ 365785.146930852730293, 6874043.256405326537788 ], [ 365784.917665355489589, 6874043.71773464884609 ], [ 365784.77641651709564, 6874044.008187413215637 ], [ 365784.555106436950155, 6874044.473385512828827 ], [ 365784.41886587254703, 6874044.766220877878368 ], [ 365784.205576453998219, 6874045.235150611028075 ], [ 365784.074384337465744, 6874045.530282228253782 ], [ 365783.869178517779801, 6874046.002805223688483 ], [ 365783.743073534336872, 6874046.300146064721048 ], [ 365783.582839847891591, 6874046.687169681303203 ], [ 365778.741214616282377, 6874057.834167308174074 ], [ 365778.135315704974346, 6874059.339273661375046 ], [ 365777.989248047873843, 6874059.732493456453085 ], [ 365777.8156753682415, 6874060.212214620783925 ], [ 365777.676315379852895, 6874060.60786138381809 ], [ 365777.510925260081422, 6874061.09046474378556 ], [ 365777.378313240187708, 6874061.488424063660204 ], [ 365777.22115352464607, 6874061.973770011216402 ], [ 365777.095327821793035, 6874062.373926805332303 ], [ 365776.946443940571044, 6874062.861875041387975 ], [ 365776.827440940658562, 6874063.264113594777882 ], [ 365776.686875961022452, 6874063.75452297180891 ], [ 365776.57473007705994, 6874064.158726965077221 ], [ 365776.442524635582231, 6874064.651455708779395 ], [ 365776.337268297676928, 6874065.057508256286383 ], [ 365776.21346063510282, 6874065.552413844503462 ], [ 365776.115124281030148, 6874065.960197524167597 ], [ 365775.999750196118839, 6874066.457136854529381 ], [ 365775.908362262591254, 6874066.86653374414891 ], [ 365775.801455118751619, 6874067.365363112650812 ], [ 365775.717042032978497, 6874067.776254824362695 ], [ 365775.618632743658964, 6874068.276829990558326 ], [ 365775.541218916187063, 6874068.689097703434527 ], [ 365775.451335942721926, 6874069.191273893229663 ], [ 365775.380943759751972, 6874069.604798388667405 ], [ 365775.299613091920037, 6874070.108430395834148 ], [ 365775.236262909427751, 6874070.523092091083527 ], [ 365775.163508064579219, 6874071.02803429029882 ], [ 365775.107218201912474, 6874071.443713276647031 ], [ 365775.043060223571956, 6874071.9498196169734 ], [ 365774.993846958619542, 6874072.366395686753094 ], [ 365774.938304396753665, 6874072.873519837856293 ], [ 365774.896181960764807, 6874073.290872528217733 ], [ 365774.849270877952222, 6874073.798867831006646 ], [ 365774.814251451869495, 6874074.216876451857388 ], [ 365774.775985412939917, 6874074.72559601906687 ], [ 365774.748079123615753, 6874075.144139693118632 ], [ 365774.718469195708167, 6874075.6534363925457 ], [ 365774.697684112936258, 6874076.072394085116684 ], [ 365774.676738857466262, 6874076.582120656035841 ], [ 365774.66308099188609, 6874077.001371214166284 ], [ 365774.650806466117501, 6874077.511380245909095 ], [ 365774.644279767235275, 6874077.930802430957556 ], [ 365774.640679520554841, 6874078.440946451388299 ], [ 365774.641285875812173, 6874078.860418978147209 ], [ 365774.646360949496739, 6874079.37055045645684 ], [ 365774.654100183513947, 6874079.789952020160854 ], [ 365774.667849109740928, 6874080.299923435784876 ], [ 365774.682718984491657, 6874080.719132756814361 ], [ 365774.705137787852436, 6874081.228796648792922 ], [ 365774.727134003362153, 6874081.647692499682307 ], [ 365774.758216199930757, 6874082.156901466660202 ], [ 365774.787332395266276, 6874082.575362713076174 ], [ 365774.827068997838069, 6874083.083969520404935 ], [ 365774.863296753377654, 6874083.501875152811408 ], [ 365774.962921965576243, 6874084.468772623687983 ], [ 365775.057819974143058, 6874085.263312070630491 ], [ 365775.123797876236495, 6874085.77789191249758 ], [ 365775.232421214343049, 6874086.570671538822353 ], [ 365775.307287587958854, 6874087.08403351996094 ], [ 365775.429603771772236, 6874087.874816244468093 ], [ 365775.513336229370907, 6874088.386806852184236 ], [ 365775.649308680207469, 6874089.175356189720333 ], [ 365775.741882179747336, 6874089.685822299681604 ], [ 365775.891470234957524, 6874090.471902434714139 ], [ 365775.992857091827318, 6874090.980691391043365 ], [ 365776.156016017019283, 6874091.764067246578634 ], [ 365776.266185914981179, 6874092.271026913076639 ], [ 365776.442866917408537, 6874093.051464218646288 ], [ 365776.561786904465407, 6874093.556442962959409 ], [ 365776.751937147579156, 6874094.333708330057561 ], [ 365776.879571666126139, 6874094.836555161513388 ], [ 365777.083134285290726, 6874095.610416146926582 ], [ 365777.219445162569173, 6874096.11098067369312 ], [ 365777.436359282408375, 6874096.881205854937434 ], [ 365777.581305755709764, 6874097.379338388331234 ], [ 365777.811506507860031, 6874098.145697428844869 ], [ 365777.965045229881071, 6874098.641248999163508 ], [ 365778.208463772665709, 6874099.403512719087303 ], [ 365778.370548831881024, 6874099.896335143595934 ], [ 365778.627112370915711, 6874100.654275586828589 ], [ 365778.797695287736133, 6874101.144221463240683 ], [ 365779.06732709746575, 6874101.89761196821928 ], [ 365779.246356867952272, 6874102.384534804150462 ], [ 365779.528976314875763, 6874103.133150068111718 ], [ 365779.71639939333545, 6874103.616904229857028 ], [ 365780.011921959987376, 6874104.36052037961781 ], [ 365780.207682302105241, 6874104.840961213223636 ], [ 365780.516019612259697, 6874105.579355869442225 ], [ 365780.720058674924076, 6874106.056339695118368 ], [ 365781.041118520137388, 6874106.789292040280998 ], [ 365781.253375276748557, 6874107.262676197104156 ], [ 365781.587061643891502, 6874107.989967042580247 ], [ 365781.807472629414406, 6874108.45960998814553 ], [ 365782.15368572936859, 6874109.181021836586297 ], [ 365782.382185030786786, 6874109.646783125586808 ], [ 365782.740821328421589, 6874110.362100237980485 ], [ 365782.977340603712946, 6874110.823840565048158 ], [ 365783.348292848560959, 6874111.532849025912583 ], [ 365783.592761372448877, 6874111.990430319681764 ], [ 365783.975918631011155, 6874112.692918099462986 ], [ 365784.228263304044958, 6874113.14620353654027 ], [ 365784.623510993027594, 6874113.841960554942489 ], [ 365784.883656325924676, 6874114.290814532898366 ], [ 365785.290876246232074, 6874114.979632725007832 ], [ 365785.558744460693561, 6874115.423921048641205 ], [ 365785.977814832993317, 6874116.105594422668219 ], [ 365786.253325823985506, 6874116.545184227637947 ], [ 365786.684121324971784, 6874117.219508928246796 ], [ 365786.96719270205358, 6874117.654268755577505 ], [ 365787.409584502223879, 6874118.321043125353754 ], [ 365787.700131603516638, 6874118.750842946581542 ], [ 365788.153987405297812, 6874119.409867586567998 ], [ 365788.451923335611355, 6874119.834578860551119 ], [ 365788.917107413115446, 6874120.485656689852476 ], [ 365790.384920977579895, 6874122.375832795165479 ], [ 365792.800296144967433, 6874125.242457650601864 ], [ 365795.000362401944585, 6874127.94787965528667 ], [ 365797.152936856437009, 6874130.691239493899047 ], [ 365799.257365377387032, 6874133.471703505143523 ], [ 365801.313008595840074, 6874136.288426925428212 ], [ 365803.319241864199284, 6874139.140553840436041 ], [ 365805.27545556233963, 6874142.027217593044043 ], [ 365807.323948901263066, 6874145.166524911299348 ], [ 365808.2422096641385, 6874146.494273241609335 ], [ 365808.4605759390397, 6874146.79253223259002 ], [ 365808.525119423284195, 6874146.883944726549089 ], [ 365808.588082736067008, 6874146.97645272500813 ], [ 365808.649447246745694, 6874147.070028853602707 ], [ 365808.709194897441193, 6874147.164645574986935 ], [ 365808.767308024049271, 6874147.260274918749928 ], [ 365808.823769458744209, 6874147.356888632290065 ], [ 365808.878562541969586, 6874147.454458208754659 ], [ 365808.931671100668609, 6874147.552954850718379 ], [ 365808.983079425815959, 6874147.652349420823157 ], [ 365809.032772383070551, 6874147.752612659707665 ], [ 365809.080735280585941, 6874147.853714923374355 ], [ 365809.126953946775757, 6874147.955626341514289 ], [ 365809.171414748940151, 6874148.05831685103476 ], [ 365809.214104555256199, 6874148.161756122484803 ], [ 365809.255010769527871, 6874148.265913635492325 ], [ 365809.29412130540004, 6874148.37075861543417 ], [ 365809.331424621515907, 6874148.476260122843087 ], [ 365809.36690969922347, 6874148.582386993803084 ], [ 365809.400566064694431, 6874148.689107904210687 ], [ 365809.432383781881072, 6874148.796391347423196 ], [ 365809.462353454495315, 6874148.904205641709268 ], [ 365809.490466235904023, 6874149.012518960051239 ], [ 365809.516713828314096, 6874149.121299335733056 ], [ 365809.5410884769517, 6874149.230514627881348 ], [ 365809.563582986709662, 6874149.340132596902549 ], [ 365809.584190720750485, 6874149.450120901688933 ], [ 365809.602905589388683, 6874149.560447040013969 ], [ 365809.619722070929129, 6874149.671078462153673 ], [ 365809.668985266878735, 6874150.037432662211359 ], [ 365810.37684253155021, 6874153.087659512646496 ], [ 365809.985473698645364, 6874153.936904896050692 ], [ 365809.309063484310172, 6874155.342011294327676 ], [ 365808.609118641121313, 6874156.735543469898403 ], [ 365807.885837137815543, 6874158.117107287049294 ], [ 365807.139423551037908, 6874159.486311974935234 ], [ 365806.370088991359808, 6874160.842770277522504 ], [ 365805.578051085700281, 6874162.186098484322429 ], [ 365804.763533837685827, 6874163.515916675329208 ], [ 365803.92676764720818, 6874164.831848689354956 ], [ 365803.067989183764439, 6874166.13352233171463 ], [ 365802.381401289720088, 6874167.137069124728441 ], [ 365801.276744476868771, 6874168.327121322974563 ], [ 365800.927161100786179, 6874168.710320455953479 ], [ 365799.786387154657859, 6874169.98271101526916 ], [ 365799.443481296766549, 6874170.371896952390671 ], [ 365798.324876692669932, 6874171.663820585235953 ], [ 365797.98875087761553, 6874172.058876964263618 ], [ 365796.892650016350672, 6874173.369947455823421 ], [ 365796.563404714746866, 6874173.770756190642715 ], [ 365795.490135269588791, 6874175.10058160405606 ], [ 365795.167868905060459, 6874175.507022879086435 ], [ 365794.117751724203117, 6874176.855205670930445 ], [ 365793.802560653304681, 6874177.26715796161443 ], [ 365792.775909663527273, 6874178.63329509831965 ], [ 365792.467888085346203, 6874179.050635287538171 ], [ 365791.465010198415257, 6874180.434318372048438 ], [ 365791.164250223489944, 6874180.856921656988561 ], [ 365790.185445244249422, 6874182.25773704238236 ], [ 365789.892036758596078, 6874182.685477124527097 ], [ 365788.937597295502201, 6874184.103006046265364 ], [ 365788.651628023595549, 6874184.535755036398768 ], [ 365787.721839401172474, 6874185.969573731534183 ], [ 365787.443394832662307, 6874186.407202261500061 ], [ 365786.538535006169695, 6874187.856882097199559 ], [ 365786.267698375158943, 6874188.299259348772466 ], [ 365785.388037847471423, 6874189.76436695177108 ], [ 365785.124890122446232, 6874190.211360674351454 ], [ 365784.270691863319371, 6874191.691458058543503 ], [ 365784.01531171251554, 6874192.142934620380402 ], [ 365783.186831079889089, 6874193.637579318135977 ], [ 365782.939294841839001, 6874194.093403765000403 ], [ 365782.136779505526647, 6874195.602148961275816 ], [ 365781.897161183645949, 6874196.06218502111733 ], [ 365781.120851051236968, 6874197.584579684771597 ], [ 365780.889222280180547, 6874198.048689825460315 ], [ 365780.139349425386172, 6874199.584278844296932 ], [ 365779.915779448812827, 6874200.05232432577759 ], [ 365779.192568041966297, 6874201.600648643448949 ], [ 365779.09193006408168, 6874201.818370320834219 ], [ 365778.853091581666376, 6874202.340547847561538 ], [ 365778.715085800213274, 6874202.629235507920384 ], [ 365778.572207356919535, 6874202.915542871691287 ], [ 365778.424497282772791, 6874203.199387719854712 ], [ 365778.27199800539529, 6874203.480688521638513 ], [ 365778.114753349334933, 6874203.759364437311888 ], [ 365777.952808446134441, 6874204.03533548489213 ], [ 365777.786209825950209, 6874204.308522368781269 ], [ 365777.615005369065329, 6874204.578846578486264 ], [ 365777.439244217181113, 6874204.846230520866811 ], [ 365777.258976834302302, 6874205.110597424209118 ], [ 365777.074255074141547, 6874205.371871245093644 ], [ 365776.885131916031241, 6874205.629977046512067 ], [ 365776.691661713644862, 6874205.884840651415288 ], [ 365776.493900073284749, 6874206.136388806626201 ], [ 365776.291903731762432, 6874206.38454934488982 ], [ 365776.085730762977619, 6874206.629250920377672 ], [ 365775.875440343574155, 6874206.870423297397792 ], [ 365775.661092929542065, 6874207.107997141778469 ], [ 365775.442750029615127, 6874207.34190428070724 ], [ 365775.220474400266539, 6874207.572077482938766 ], [ 365774.994329868874047, 6874207.79845065344125 ], [ 365774.764381393557414, 6874208.020958769135177 ], [ 365774.530695023247972, 6874208.239537918008864 ], [ 365774.293337895942386, 6874208.454125301912427 ], [ 365774.052378144406248, 6874208.664659325033426 ], [ 365773.807885038375389, 6874208.871079462580383 ], [ 365773.559928737115115, 6874209.073326481506228 ], [ 365773.308580536628142, 6874209.271342229098082 ], [ 365773.053912606672384, 6874209.465069849044085 ], [ 365772.795998028945178, 6874209.654453746974468 ], [ 365772.534911013499368, 6874209.839439431205392 ], [ 365772.270726407470647, 6874210.019973872229457 ], [ 365771.791220419458114, 6874210.335864911787212 ], [ 365765.475769877433777, 6874215.913269310258329 ], [ 365765.068717300950084, 6874216.390229359269142 ], [ 365764.826649483817164, 6874216.664053454063833 ], [ 365764.579843979736324, 6874216.933615261688828 ], [ 365764.328375942714047, 6874217.198832701891661 ], [ 365764.07232171180658, 6874217.459625258110464 ], [ 365763.811759239761159, 6874217.715913536958396 ], [ 365763.546767711930443, 6874217.967619652859867 ], [ 365763.277427648194134, 6874218.214667120948434 ], [ 365763.00382103130687, 6874218.456980744376779 ], [ 365762.72603094385704, 6874218.694486943073571 ], [ 365762.444141957734246, 6874218.92711341008544 ], [ 365762.158239684998989, 6874219.15478949341923 ], [ 365761.868411110946909, 6874219.377445924095809 ], [ 365761.574744322686456, 6874219.595015031285584 ], [ 365761.277328615309671, 6874219.807430656626821 ], [ 365760.976254445384257, 6874220.014628197066486 ], [ 365760.671613279788289, 6874220.216544706374407 ], [ 365760.363497821672354, 6874220.413118738681078 ], [ 365760.052001687290613, 6874220.604290569201112 ], [ 365759.737219647853635, 6874220.790002034977078 ], [ 365759.419247359037399, 6874220.970196701586246 ], [ 365759.098181501438376, 6874221.144819781184196 ], [ 365758.774119716254063, 6874221.313818166963756 ], [ 365758.447160542476922, 6874221.477140471339226 ], [ 365758.117403309093788, 6874221.634737078100443 ], [ 365757.784948367450852, 6874221.78656002599746 ], [ 365757.4498967899126, 6874221.932563159614801 ], [ 365757.112350381328724, 6874222.072702116332948 ], [ 365756.772411814425141, 6874222.206934268586338 ], [ 365756.430184436030686, 6874222.335218807682395 ], [ 365756.085772289254237, 6874222.457516732625663 ], [ 365755.7392801757087, 6874222.573790829628706 ], [ 365755.390813263773452, 6874222.684005809016526 ], [ 365755.040477652510162, 6874222.788128108717501 ], [ 365754.688379838422406, 6874222.886126081459224 ], [ 365754.334626794036012, 6874222.977969950996339 ], [ 365753.979326142114587, 6874223.063631777651608 ], [ 365753.622585882025305, 6874223.143085520714521 ], [ 365753.264514547539875, 6874223.216307009570301 ], [ 365752.90522090124432, 6874223.283274003304541 ], [ 365752.544814245135058, 6874223.343966129235923 ], [ 365752.183404125564266, 6874223.398364938795567 ], [ 365751.821100449131336, 6874223.446453890763223 ], [ 365751.45801336428849, 6874223.488218363374472 ], [ 365751.094253293354996, 6874223.523645656183362 ], [ 365750.72993077384308, 6874223.552725004032254 ], [ 365750.365156645653769, 6874223.575447560288012 ], [ 365750.00004173326306, 6874223.591806419193745 ], [ 365749.634697124769446, 6874223.601796606555581 ], [ 365749.269233877363149, 6874223.60541508346796 ], [ 365748.903762988746166, 6874223.602660750970244 ], [ 365748.538395837997086, 6874223.593534448184073 ], [ 365748.173243283177726, 6874223.578038946725428 ], [ 365747.808416438871063, 6874223.55617896001786 ], [ 365747.444026154407766, 6874223.527961129322648 ], [ 365747.080183303973172, 6874223.493394040502608 ], [ 365746.457080338499509, 6874223.423213383182883 ], [ 365744.581920348457061, 6874223.271373375318944 ], [ 365741.65725645236671, 6874223.126665802672505 ], [ 365741.161974915885366, 6874223.1062604309991 ], [ 365738.235319291125052, 6874223.009896325878799 ], [ 365737.73976823722478, 6874222.997677191160619 ], [ 365734.811919926432893, 6874222.949682860635221 ], [ 365734.316234605270438, 6874222.945653297007084 ], [ 365731.387992976640817, 6874222.946041846647859 ], [ 365730.892308743146714, 6874222.950202954933047 ], [ 365727.964473272208124, 6874222.998974278569221 ], [ 365727.468925471999682, 6874223.011324923485518 ], [ 365724.542295523511712, 6874223.108465704135597 ], [ 365724.047019425663166, 6874223.129002513363957 ], [ 365721.12239403516287, 6874223.274486230686307 ], [ 365720.62752488971455, 6874223.303203595802188 ], [ 365717.705702545470558, 6874223.496990527957678 ], [ 365717.211375430924818, 6874223.533880610950291 ], [ 365714.293153855891433, 6874223.775917851366103 ], [ 365713.799503755115438, 6874223.820970579981804 ], [ 365710.885679689177778, 6874224.111192046664655 ], [ 365710.392841384513304, 6874224.164395117200911 ], [ 365707.484210366965272, 6874224.502721572294831 ], [ 365706.992318393196911, 6874224.564060463570058 ], [ 365704.089674545510206, 6874224.950399537570775 ], [ 365703.598863217455801, 6874225.019857500679791 ], [ 365700.702999026398174, 6874225.454103713855147 ], [ 365700.213402344263159, 6874225.531661784276366 ], [ 365697.325108445656952, 6874226.013696577399969 ], [ 365696.836860066454392, 6874226.099333582445979 ], [ 365693.956925029226113, 6874226.62902535032481 ], [ 365693.470158284064382, 6874226.722717905417085 ], [ 365690.599368395109195, 6874227.299922028556466 ], [ 365683.009467736119404, 6874229.922176957130432 ], [ 365676.387052104400937, 6874234.463809275999665 ], [ 365673.779627995565534, 6874236.82256737165153 ], [ 365673.410380326909944, 6874237.162258026190102 ], [ 365670.84276819525985, 6874239.56429220084101 ], [ 365670.479253071767744, 6874239.910110563971102 ], [ 365667.952171088661999, 6874242.35474895965308 ], [ 365667.594490186253097, 6874242.706598305143416 ], [ 365665.108645186526701, 6874245.193157147616148 ], [ 365664.756898561725393, 6874245.550939050503075 ], [ 365662.312985846132506, 6874248.078722837381065 ], [ 365661.967271867790259, 6874248.442337240092456 ], [ 365659.565975008474197, 6874251.010638942010701 ], [ 365659.22639038664056, 6874251.379984128288925 ], [ 365656.86838103592163, 6874253.988085379824042 ], [ 365656.535020750190597, 6874254.363058045506477 ], [ 365654.220958452613559, 6874257.010229350067675 ], [ 365653.89391573832836, 6874257.390724622644484 ], [ 365651.624447746376973, 6874260.076225557364523 ], [ 365651.303814087645151, 6874260.462136998772621 ], [ 365649.079575180483516, 6874263.185216417536139 ], [ 365648.765440255752765, 6874263.576436092145741 ], [ 365646.587052561983, 6874266.336332338862121 ], [ 365646.279504239268135, 6874266.732750818133354 ], [ 365644.147577062540222, 6874269.528691938146949 ], [ 365643.846701357280836, 6874269.930198349058628 ], [ 365643.736093023733702, 6874270.080401814542711 ], [ 365643.526362625998445, 6874270.275783391669393 ], [ 365643.191126471734606, 6874270.593511833809316 ], [ 365642.819751916395035, 6874270.951602910645306 ], [ 365642.490028951549903, 6874271.275049055926502 ], [ 365642.124866999220103, 6874271.639473301358521 ], [ 365641.800754729658365, 6874271.968541500158608 ], [ 365641.441913396469317, 6874272.339191114529967 ], [ 365641.123507668671664, 6874272.673784053884447 ], [ 365640.771093058108818, 6874273.050549438223243 ], [ 365640.458488031115849, 6874273.39056817162782 ], [ 365640.112604279769585, 6874273.773337998427451 ], [ 365639.80589239730034, 6874274.118681977503002 ], [ 365639.466641907696612, 6874274.507342923432589 ], [ 365639.165913870558143, 6874274.857910021208227 ], [ 365638.833396890608128, 6874275.252347234636545 ], [ 365638.538741630327422, 6874275.6080337818712 ], [ 365638.213056489243172, 6874276.008130627684295 ], [ 365637.924561141233426, 6874276.368831441737711 ], [ 365637.60580423520878, 6874276.774469495750964 ], [ 365637.323554113449063, 6874277.140077907592058 ], [ 365637.011819585750345, 6874277.551137366332114 ], [ 365636.735898157290649, 6874277.921545260585845 ], [ 365636.431278282369021, 6874278.337904452346265 ], [ 365636.161767142824829, 6874278.713002290576696 ], [ 365635.864351977244951, 6874279.13453812059015 ], [ 365635.601330826524645, 6874279.514214978553355 ], [ 365635.311208303493913, 6874279.940802819095552 ], [ 365635.054754922282882, 6874280.324946419335902 ], [ 365634.77201085264096, 6874280.756460095755756 ], [ 365634.522201079351362, 6874281.14495683927089 ], [ 365634.246919086610433, 6874281.581268728710711 ], [ 365634.003826795087662, 6874281.974003728479147 ], [ 365633.736088256468065, 6874282.414984851144254 ], [ 365633.499785334046464, 6874282.81184196844697 ], [ 365633.239669459755532, 6874283.257361860014498 ], [ 365633.010225786012597, 6874283.658223735168576 ], [ 365632.757809473667294, 6874284.108150687068701 ], [ 365632.535292899701744, 6874284.512898777611554 ], [ 365632.290650806156918, 6874284.967099715955555 ], [ 365632.075127134681679, 6874285.375614329241216 ], [ 365631.838331594015472, 6874285.833954959176481 ], [ 365631.629864559741691, 6874286.246115289628506 ], [ 365631.400985601707362, 6874286.708460061810911 ], [ 365631.199636852601543, 6874287.124144225381315 ], [ 365630.9787421656074, 6874287.590356407687068 ], [ 365630.784571244497783, 6874288.009441478177905 ], [ 365630.571726159076206, 6874288.479383184574544 ], [ 365630.384790486306883, 6874288.901745229028165 ], [ 365630.180057932506315, 6874289.375277515500784 ], [ 365630.000412788649555, 6874289.800791633315384 ], [ 365629.803853306686506, 6874290.277774474583566 ], [ 365629.631551816593856, 6874290.706314832903445 ], [ 365629.443223538517486, 6874291.186607163399458 ], [ 365629.278316655196249, 6874291.618047034367919 ], [ 365629.098275277763605, 6874292.101506812497973 ], [ 365628.940811767417472, 6874292.53571861051023 ], [ 365628.769110525550786, 6874293.02220288477838 ], [ 365628.61913695349358, 6874293.45905820466578 ], [ 365628.455826632212847, 6874293.948423084802926 ], [ 365628.313387348549441, 6874294.387792739085853 ], [ 365628.158516236173455, 6874294.879893525503576 ], [ 365628.023653363110498, 6874295.321647583507001 ], [ 365627.877267252421007, 6874295.816338771954179 ], [ 365627.750020671694074, 6874296.260346598923206 ], [ 365627.71507384988945, 6874296.386369910091162 ], [ 365627.70034634572221, 6874296.417777266353369 ], [ 365627.448996760300361, 6874296.965946513228118 ], [ 365627.239080629835371, 6874297.434286314994097 ], [ 365626.997145414061379, 6874297.98667520750314 ], [ 365626.795271931216121, 6874298.458537549711764 ], [ 365626.562821893428918, 6874299.014984418638051 ], [ 365626.369050156790763, 6874299.490231164731085 ], [ 365626.146153329114895, 6874300.050573151558638 ], [ 365625.96054004819598, 6874300.529065212234855 ], [ 365625.747261666809209, 6874301.093138318508863 ], [ 365625.569861156167462, 6874301.57473567686975 ], [ 365625.366263642208651, 6874302.142374813556671 ], [ 365625.197127824882045, 6874302.626936512067914 ], [ 365625.003270766173955, 6874303.197975546121597 ], [ 365624.842449148651212, 6874303.685359754599631 ], [ 365624.658389282121789, 6874304.259631557390094 ], [ 365624.505928931641392, 6874304.749695632606745 ], [ 365624.331720126909204, 6874305.327032129280269 ], [ 365624.187665666569956, 6874305.819632634520531 ], [ 365624.023358910169918, 6874306.399864852428436 ], [ 365623.887752492562868, 6874306.894857645966113 ], [ 365623.733395872812252, 6874307.477815767750144 ], [ 365623.606277194572613, 6874307.975055950693786 ], [ 365623.461915887659416, 6874308.560569358989596 ], [ 365623.343322153144982, 6874309.059911399148405 ], [ 365623.208998410031199, 6874309.647808727808297 ], [ 365623.098964322882239, 6874310.149106505326927 ], [ 365622.974717456614599, 6874310.739215693436563 ], [ 365622.873275224294048, 6874311.242322477512062 ], [ 365622.759141598828137, 6874311.83447081502527 ], [ 365622.666320914169773, 6874312.339239341206849 ], [ 365622.562333933368791, 6874312.933253520168364 ], [ 365622.478161955892574, 6874313.43953609187156 ], [ 365622.384352054155897, 6874314.035242261365056 ], [ 365622.308853423688561, 6874314.542890675365925 ], [ 365622.225248056813143, 6874315.140114486217499 ], [ 365622.158444868517108, 6874315.648980174213648 ], [ 365622.085068505548406, 6874316.247546834871173 ], [ 365622.026980311144143, 6874316.757480864413083 ], [ 365621.963854427565821, 6874317.357215188443661 ], [ 365621.914498226717114, 6874317.86806832626462 ], [ 365621.861641297815368, 6874318.468794789165258 ], [ 365621.821031537547242, 6874318.980417505837977 ], [ 365621.77845903323032, 6874319.58196028880775 ], [ 365621.746607598441187, 6874320.094202848151326 ], [ 365621.714331978524569, 6874320.69638589490205 ], [ 365621.691248191171326, 6874321.209098380059004 ], [ 365621.669278901885264, 6874321.811745447106659 ], [ 365621.654969517723657, 6874322.324777807109058 ], [ 365621.643312989035621, 6874322.927712515927851 ], [ 365621.637782196514308, 6874323.440914584323764 ], [ 365621.63644183985889, 6874324.043960470706224 ], [ 365621.639691257558297, 6874324.557182062417269 ], [ 365621.648667465371545, 6874325.160162630490959 ], [ 365621.660696142120287, 6874325.673253523185849 ], [ 365621.669117877550889, 6874325.93639858905226 ], [ 365621.6829425363685, 6874327.416031527332962 ], [ 365621.692334738210775, 6874327.936981230974197 ], [ 365621.740928803395946, 6874329.755797293968499 ], [ 365621.759367004153319, 6874330.276505311951041 ], [ 365621.839541404915508, 6874332.094203119166195 ], [ 365621.867020042962395, 6874332.614512387663126 ], [ 365621.978750595531892, 6874334.430543647147715 ], [ 365622.015261381864548, 6874334.950297212228179 ], [ 365622.158514383598231, 6874336.764114135876298 ], [ 365622.204046305501834, 6874337.283155226148665 ], [ 365622.378778545476962, 6874339.094210690818727 ], [ 365622.43331786833005, 6874339.612382736988366 ], [ 365622.639476640208159, 6874341.420130455866456 ], [ 365622.703006913012359, 6874341.937277160584927 ], [ 365622.940530030813534, 6874343.74117184150964 ], [ 365623.013032089860644, 6874344.257137207314372 ], [ 365623.28184790693922, 6874346.056634723208845 ], [ 365623.363299882505089, 6874346.571263114921749 ], [ 365623.663327312970068, 6874348.36582066398114 ], [ 365623.753704637172632, 6874348.878956855274737 ], [ 365624.084853180567734, 6874350.66803312394768 ], [ 365624.184128590044565, 6874351.179522321559489 ], [ 365624.546298358298372, 6874352.962577652186155 ], [ 365624.654441908933222, 6874353.4722655788064 ], [ 365625.047523656976409, 6874355.24876212887466 ], [ 365625.164502727624495, 6874355.75649503711611 ], [ 365625.588377885811497, 6874357.52589694224298 ], [ 365625.714157190464903, 6874358.031521677970886 ], [ 365626.16869790077908, 6874359.793295214883983 ], [ 365626.3032394995098, 6874360.296659262850881 ], [ 365626.788308653864078, 6874362.050273008644581 ], [ 365626.931571964058094, 6874362.551224536262453 ], [ 365627.447023245680612, 6874364.296149528585374 ], [ 365627.598965052107815, 6874364.794537423178554 ], [ 365628.144642979954369, 6874366.530247322283685 ], [ 365628.990888582717162, 6874368.876339172944427 ], [ 365629.58858998445794, 6874370.339726040139794 ], [ 365630.069565575860906, 6874371.576660281047225 ], [ 365630.529562611191068, 6874372.821548474952579 ], [ 365630.968449618725572, 6874374.074034819379449 ], [ 365631.386101174924988, 6874375.333761382848024 ], [ 365631.782397923525423, 6874376.600368162617087 ], [ 365632.157226607378107, 6874377.873493175022304 ], [ 365632.510480106109753, 6874379.152772581204772 ], [ 365632.842057471745647, 6874380.437840804457664 ], [ 365633.151863933773711, 6874381.728330554440618 ], [ 365633.439810960204341, 6874383.023873049765825 ], [ 365633.630820281105116, 6874383.957520212978125 ], [ 365633.631193555018399, 6874384.096067073754966 ], [ 365633.627346309949644, 6874384.357907094992697 ], [ 365633.623227204603609, 6874384.486270842142403 ], [ 365633.577736636449117, 6874384.506147529929876 ], [ 365632.915211734129116, 6874384.802397078834474 ], [ 365632.449132830079179, 6874385.01560119446367 ], [ 365631.791765641595703, 6874385.32312586158514 ], [ 365631.329397062479984, 6874385.544261196628213 ], [ 365630.677379455417395, 6874385.862971223890781 ], [ 365630.218856140854768, 6874386.091973243281245 ], [ 365629.572378421376925, 6874386.421775608323514 ], [ 365629.117834250966553, 6874386.65857744589448 ], [ 365628.477085108461324, 6874386.999375887215137 ], [ 365628.02665269060526, 6874387.243908460251987 ], [ 365627.391819142212626, 6874387.595603508874774 ], [ 365626.945629973721225, 6874387.847795428708196 ], [ 365626.316897310200147, 6874388.210284434258938 ], [ 365625.875081602367572, 6874388.47006210591644 ], [ 365625.25263333361363, 6874388.843239268288016 ], [ 365624.815320077410433, 6874389.110526845790446 ], [ 365624.199337879195809, 6874389.494283244013786 ], [ 365623.766654699749779, 6874389.769002723507583 ], [ 365623.157318360579666, 6874390.163226349279284 ], [ 365622.729391538247, 6874390.445297551341355 ], [ 365622.126878906739876, 6874390.849873341619968 ], [ 365621.703833329782356, 6874391.139213945716619 ], [ 365621.108320263097994, 6874391.554023816250265 ], [ 365620.69027942820685, 6874391.850549358874559 ], [ 365620.101939740357921, 6874392.275472237728536 ], [ 365619.689025651721749, 6874392.579096176661551 ], [ 365619.108031063049566, 6874393.01400804053992 ], [ 365618.700364225020166, 6874393.324641767889261 ], [ 365618.126884312136099, 6874393.769415678456426 ], [ 365617.724583769508172, 6874394.086968484334648 ], [ 365617.158785915526096, 6874394.541474622674286 ], [ 365616.761969035258517, 6874394.865853862836957 ], [ 365616.204018381307833, 6874395.329959571361542 ], [ 365615.812800979241729, 6874395.661070573143661 ], [ 365615.262860375805758, 6874396.134640392847359 ], [ 365614.877356654556934, 6874396.472386500798166 ], [ 365614.335586614499334, 6874396.955282209441066 ], [ 365613.955909104202874, 6874397.299564832821488 ], [ 365613.690645374706946, 6874397.544261179864407 ], [ 365613.644029200600926, 6874397.582045818679035 ], [ 365613.522634697263129, 6874397.682202245108783 ], [ 365613.12336679600412, 6874398.017491382546723 ], [ 365613.003731200704351, 6874398.119742345996201 ], [ 365612.61035045288736, 6874398.461919541470706 ], [ 365612.492509899893776, 6874398.566234158352017 ], [ 365612.105135066318326, 6874398.915196111425757 ], [ 365611.989125148043968, 6874399.021542875096202 ], [ 365611.60787334368797, 6874399.377184082753956 ], [ 365611.493729099398479, 6874399.485530871897936 ], [ 365611.118715414137114, 6874399.847743972204626 ], [ 365611.006471319589764, 6874399.958058062009513 ], [ 365610.63780899887206, 6874400.32673367485404 ], [ 365610.527498956129421, 6874400.438981746323407 ], [ 365610.16529927146621, 6874400.814008601009846 ], [ 365610.056956598185934, 6874400.92815675213933 ], [ 365609.701329094241373, 6874401.309421427547932 ], [ 365609.594986513955519, 6874401.425435180775821 ], [ 365609.246038665529341, 6874401.812822445295751 ], [ 365609.141728297749069, 6874401.930666758678854 ], [ 365608.799565227120183, 6874402.324059911072254 ], [ 365608.697318577382248, 6874402.443699193187058 ], [ 365608.362043842324056, 6874402.842979176901281 ], [ 365608.261891792993993, 6874402.964377291500568 ], [ 365607.933606561738998, 6874403.369423625059426 ], [ 365607.835579362465069, 6874403.492543905973434 ], [ 365607.514382960041985, 6874403.903234032914042 ], [ 365607.418510218674783, 6874404.028039291501045 ], [ 365607.104499411769211, 6874404.444249484688044 ], [ 365607.010810085572302, 6874404.570702026598155 ], [ 365606.704079860646743, 6874404.992306389845908 ], [ 365606.612602247158065, 6874405.120368021540344 ], [ 365606.313245232100599, 6874405.547239234670997 ], [ 365606.224006961099803, 6874405.676871276460588 ], [ 365605.932113629707601, 6874406.108880322426558 ], [ 365605.84514165436849, 6874406.240043619647622 ], [ 365605.560799956379924, 6874406.677060335874557 ], [ 365605.476120545587037, 6874406.809715274721384 ], [ 365605.199416649818886, 6874407.251607227139175 ], [ 365605.117055379902013, 6874407.385713738389313 ], [ 365604.848072667897213, 6874407.83234775904566 ], [ 365604.768054415006191, 6874407.967865338549018 ], [ 365604.50687415082939, 6874408.419106501154602 ], [ 365604.429223083483521, 6874408.555994218215346 ], [ 365604.175924270297401, 6874409.011706022545695 ], [ 365604.100663841993082, 6874409.149922530166805 ], [ 365603.855322811752558, 6874409.609967648051679 ], [ 365603.782475754036568, 6874409.749471201561391 ], [ 365603.738667880184948, 6874409.835170997306705 ], [ 365603.728892103128601, 6874409.837040474638343 ], [ 365603.222929502662737, 6874409.938316565006971 ], [ 365603.06181750522228, 6874409.972009188495576 ], [ 365602.557671851071063, 6874410.081972465850413 ], [ 365602.397163175628521, 6874410.118431122973561 ], [ 365601.8949833487859, 6874410.237049108371139 ], [ 365601.735125479986891, 6874410.276263013482094 ], [ 365601.235060009814333, 6874410.403500627726316 ], [ 365601.075900239811745, 6874410.445458180271089 ], [ 365600.578097297577187, 6874410.581277718767524 ], [ 365600.419682712003123, 6874410.625966505147517 ], [ 365599.924289319897071, 6874410.770327853038907 ], [ 365599.766666783834808, 6874410.817734653130174 ], [ 365599.27382958488306, 6874410.970595081336796 ], [ 365599.117045729304664, 6874411.020705870352685 ], [ 365598.626910547027364, 6874411.182020147331059 ], [ 365598.47101175453281, 6874411.234820100478828 ], [ 365597.983723391720559, 6874411.4045405741781 ], [ 365597.828755783324596, 6874411.46001407224685 ], [ 365597.344458974315785, 6874411.638090325519443 ], [ 365597.190468395303469, 6874411.696220954880118 ], [ 365596.709305645839777, 6874411.882600586861372 ], [ 365596.556337652669754, 6874411.943371152505279 ], [ 365596.078451823326759, 6874412.137998834252357 ], [ 365595.926551669836044, 6874412.201391356997192 ], [ 365595.452084009826649, 6874412.404209556058049 ], [ 365595.301296633901075, 6874412.470205281861126 ], [ 365594.830387369380333, 6874412.681154059246182 ], [ 365594.680757379857823, 6874412.749733464792371 ], [ 365594.213546159036923, 6874412.968750262632966 ], [ 365594.065117822145112, 6874413.039893058128655 ], [ 365593.601742532162461, 6874413.266913234256208 ], [ 365593.454559758829419, 6874413.340598373673856 ], [ 365592.995157550787553, 6874413.575554739683867 ], [ 365592.84926388337044, 6874413.651760424487293 ], [ 365592.393970849458128, 6874413.894583376124501 ], [ 365592.249409448879305, 6874413.973287060856819 ], [ 365591.798359949141741, 6874414.223904941231012 ], [ 365591.655173582257703, 6874414.305083343759179 ], [ 365591.208501549670473, 6874414.563421731814742 ], [ 365591.066732576640788, 6874414.647050834260881 ], [ 365590.624569598585367, 6874414.913033624179661 ], [ 365590.484259960066993, 6874414.999088687822223 ], [ 365590.04673726123292, 6874415.272636946290731 ], [ 365589.907928466273006, 6874415.361092511564493 ], [ 365589.475175292347558, 6874415.642125426791608 ], [ 365589.337908405985218, 6874415.732955325394869 ], [ 365588.91005288111046, 6874416.021389692090452 ], [ 365588.77436851215316, 6874416.114567052572966 ], [ 365588.351537013717461, 6874416.410317677073181 ], [ 365588.21747530286666, 6874416.505814935080707 ], [ 365587.799793163139839, 6874416.808794155716896 ], [ 365587.667393771000206, 6874416.906583058647811 ], [ 365587.254984433646314, 6874417.216701327823102 ], [ 365587.124286529200617, 6874417.316752946004272 ], [ 365586.717272053065244, 6874417.633918479084969 ], [ 365586.58831430162536, 6874417.736203213222325 ], [ 365586.186814925982617, 6874418.060322318226099 ], [ 365586.059635478421114, 6874418.164809909649193 ], [ 365585.663770239276346, 6874418.495786491781473 ], [ 365585.538406720093917, 6874418.602446028031409 ], [ 365585.148292624624446, 6874418.940182256512344 ], [ 365585.024782121181488, 6874419.04898218344897 ], [ 365584.640534578007646, 6874419.393378141336143 ], [ 365584.51891362958122, 6874419.504286271519959 ], [ 365584.140646179032046, 6874419.855240199714899 ], [ 365584.020950765698217, 6874419.968223723582923 ], [ 365583.648775551642757, 6874420.32563157659024 ], [ 365583.531041083973832, 6874420.440657068043947 ], [ 365583.165068064350635, 6874420.804413247853518 ], [ 365583.049329372763168, 6874420.921446678228676 ], [ 365582.689666830701753, 6874421.29144355840981 ], [ 365582.575958155211993, 6874421.410450304858387 ], [ 365582.222712515504099, 6874421.786578403785825 ], [ 365582.111067495483439, 6874421.907523259520531 ], [ 365581.764343280578032, 6874422.289671284146607 ], [ 365581.654794944974128, 6874422.412518468685448 ], [ 365581.314694709377363, 6874422.800573383457959 ], [ 365581.207275466818828, 6874422.925286553800106 ], [ 365580.873899773403537, 6874423.319133618846536 ], [ 365580.768641402653884, 6874423.445675880648196 ], [ 365580.44208901678212, 6874423.845198414288461 ], [ 365580.339022657310124, 6874423.97353233024478 ], [ 365580.019389971159399, 6874424.378612400963902 ], [ 365579.918546114000492, 6874424.508700006641448 ], [ 365579.605927877302747, 6874424.919217540882528 ], [ 365579.507336356036831, 6874425.051020350307226 ], [ 365579.201825013384223, 6874425.466853946447372 ], [ 365579.105514995055273, 6874425.60033296700567 ], [ 365578.807200877403375, 6874426.021359674632549 ], [ 365578.713200854370371, 6874426.156475418247283 ], [ 365577.654432039766107, 6874427.788828645832837 ], [ 365577.256787989346776, 6874428.447756933048368 ], [ 365577.000040703220293, 6874428.881400150246918 ], [ 365576.613521263701841, 6874429.546914990060031 ], [ 365576.364094437856693, 6874429.984809781424701 ], [ 365575.98880867875414, 6874430.656723375432193 ], [ 365575.746772678161506, 6874431.098746210336685 ], [ 365575.382826499233488, 6874431.776868956163526 ], [ 365575.148249649151694, 6874432.22289505135268 ], [ 365574.795745750016067, 6874432.907035592012107 ], [ 365574.568694212473929, 6874433.356939147226512 ], [ 365574.227732064260636, 6874434.04690443072468 ], [ 365574.008269930724055, 6874434.500558448955417 ], [ 365573.678945747378748, 6874435.196153777651489 ], [ 365573.467134938109666, 6874435.653430263511837 ], [ 365573.149541649676394, 6874436.354459351859987 ], [ 365572.945441944117192, 6874436.815229246392846 ], [ 365572.639669170370325, 6874437.521494274027646 ], [ 365572.443338148761541, 6874437.985627586022019 ], [ 365572.149472173827235, 6874438.696929257363081 ], [ 365571.960965247184504, 6874439.164294992573559 ], [ 365571.679088995384518, 6874439.880432588979602 ], [ 365571.498459346476011, 6874440.350898893550038 ], [ 365571.228652358811814, 6874441.071670333854854 ], [ 365571.055950978479814, 6874441.545104395598173 ], [ 365570.798289390048012, 6874442.270306287333369 ], [ 365570.63356498646317, 6874442.746574580669403 ], [ 365570.388121505326126, 6874443.476002286188304 ], [ 365570.273074209573679, 6874443.827652934007347 ], [ 365570.259994565101806, 6874443.857953827828169 ], [ 365570.224283575720619, 6874443.936985732987523 ], [ 365570.187242227199022, 6874444.015402884222567 ], [ 365570.148881074099336, 6874444.093182936310768 ], [ 365570.109211092523765, 6874444.170303635299206 ], [ 365570.068243599205744, 6874444.246742982417345 ], [ 365570.025990267924499, 6874444.322479194961488 ], [ 365569.982463215768803, 6874444.39749055262655 ], [ 365569.937674823857378, 6874444.471755719743669 ], [ 365569.891637918888591, 6874444.545253428630531 ], [ 365569.844365621800534, 6874444.617962731048465 ], [ 365569.795871421752963, 6874444.689862878061831 ], [ 365569.746169233461842, 6874444.760933239944279 ], [ 365569.546511170570739, 6874445.036397936753929 ], [ 365566.510248890146613, 6874450.263125765137374 ], [ 365565.984321124909911, 6874451.424101791344583 ], [ 365565.790892695833463, 6874451.860287320800126 ], [ 365565.283496202086098, 6874453.029481123201549 ], [ 365565.09702955908142, 6874453.468687853775918 ], [ 365564.608292692457326, 6874454.645803661085665 ], [ 365564.428835000901017, 6874455.087920497171581 ], [ 365563.958881396916695, 6874456.272660534828901 ], [ 365563.786478047724813, 6874456.717575651593506 ], [ 365563.335426590056159, 6874457.909640219062567 ], [ 365563.170121209113859, 6874458.357241031713784 ], [ 365562.738086000084877, 6874459.556328570470214 ], [ 365562.579920393705834, 6874460.006501879543066 ], [ 365562.167010724893771, 6874461.212309058755636 ], [ 365562.016024908283725, 6874461.664940971881151 ], [ 365561.622345233161468, 6874462.877162759192288 ], [ 365561.478577400324866, 6874463.332138777710497 ], [ 365561.104227307776455, 6874464.550468518398702 ], [ 365561.02854013297474, 6874464.800671288743615 ], [ 365560.853038761939388, 6874465.390088193118572 ], [ 365560.716211051912978, 6874465.863821004517376 ], [ 365560.550421049643774, 6874466.456042832694948 ], [ 365560.421398098638747, 6874466.931960556656122 ], [ 365560.265364255057648, 6874467.526827313937247 ], [ 365560.144180923933163, 6874468.004801361821592 ], [ 365559.997945393319242, 6874468.602152337320149 ], [ 365559.884634414978791, 6874469.082053602673113 ], [ 365559.748236704384908, 6874469.681727416813374 ], [ 365559.642828693555202, 6874470.163426239043474 ], [ 365559.51630565233063, 6874470.76526088360697 ], [ 365559.418829089496285, 6874471.248627111315727 ], [ 365559.302214899100363, 6874471.852459993213415 ], [ 365559.212696113681886, 6874472.337363062426448 ], [ 365559.106022278778255, 6874472.943031050264835 ], [ 365559.024485458154231, 6874473.429339944384992 ], [ 365558.927780797705054, 6874474.036679410375655 ], [ 365558.854247967596166, 6874474.524262762628496 ], [ 365558.76753860746976, 6874475.133109628222883 ], [ 365558.702029634849168, 6874475.621835704892874 ], [ 365558.625339000544045, 6874476.232025483623147 ], [ 365558.567871585022658, 6874476.721762234345078 ], [ 365558.501220395206474, 6874477.333130075596273 ], [ 365558.451810059137642, 6874477.823745221830904 ], [ 365558.395216320466716, 6874478.436125959269702 ], [ 365558.353876414650586, 6874478.927486934699118 ], [ 365558.307355416473001, 6874479.54071512632072 ], [ 365558.274097108456772, 6874480.032689195126295 ], [ 365558.264334638952278, 6874480.197178395465016 ], [ 365558.224769546533935, 6874480.522948778234422 ], [ 365558.167946583998855, 6874481.026285377331078 ], [ 365558.12947165267542, 6874481.394993731752038 ], [ 365558.081155055726413, 6874481.899217967875302 ], [ 365558.048910829355009, 6874482.268523370847106 ], [ 365558.009114371496253, 6874482.773491503670812 ], [ 365557.983110042463522, 6874483.143288671039045 ], [ 365557.95184506860096, 6874483.64885675162077 ], [ 365557.932088050351012, 6874484.019040261395276 ], [ 365557.909363474638667, 6874484.525064147077501 ], [ 365557.895859399577603, 6874484.895528465509415 ], [ 365557.88168170012068, 6874485.401863898150623 ], [ 365557.874434418103192, 6874485.772503409534693 ], [ 365557.868807636725251, 6874486.279006044380367 ], [ 365557.867819213832263, 6874486.649715086445212 ], [ 365557.870744954620022, 6874487.156240520067513 ], [ 365557.876015672576614, 6874487.526913408190012 ], [ 365557.887493101588916, 6874488.033317249268293 ], [ 365557.899021457880735, 6874488.403848310932517 ], [ 365557.919047303090338, 6874488.909986183978617 ], [ 365557.936830011138227, 6874489.280269785784185 ], [ 365557.965398562897462, 6874489.785997391678393 ], [ 365557.989430553046986, 6874490.155927971936762 ], [ 365558.026533667754848, 6874490.661101148463786 ], [ 365558.056808088906109, 6874491.03057324513793 ], [ 365558.102435187785886, 6874491.535047960467637 ], [ 365558.138943409081548, 6874491.903956242837012 ], [ 365558.193081487552263, 6874492.407588709145784 ], [ 365558.235813101171516, 6874492.775828005746007 ], [ 365558.298446719883941, 6874493.278474595397711 ], [ 365558.347389543545432, 6874493.645939928479493 ], [ 365558.41850085335318, 6874494.147457399405539 ], [ 365558.473640934273135, 6874494.514044008217752 ], [ 365558.553209655510727, 6874495.014289335347712 ], [ 365558.614531274070032, 6874495.379892713390291 ], [ 365558.702534727286547, 6874495.878723314963281 ], [ 365558.770020401570946, 6874496.243239233270288 ], [ 365558.866433499904815, 6874496.74051290564239 ], [ 365558.940063990768977, 6874497.103837445378304 ], [ 365559.044859241228551, 6874497.599412387236953 ], [ 365559.124613557709381, 6874497.961441971361637 ], [ 365559.237761091731954, 6874498.455176937393844 ], [ 365559.323616497043986, 6874498.815808355808258 ], [ 365559.445084051869344, 6874499.307562562637031 ], [ 365559.537016069982201, 6874499.66669300571084 ], [ 365559.6667690264876, 6874500.156326298601925 ], [ 365559.764751448936295, 6874500.513853382319212 ], [ 365559.902752810914535, 6874501.001226151362062 ], [ 365560.006757704308257, 6874501.357047949917614 ], [ 365560.152968119888101, 6874501.842021219432354 ], [ 365560.262965834059287, 6874502.196036295033991 ], [ 365567.117370160005521, 6874513.909896519035101 ], [ 365567.804373943479732, 6874514.636190502904356 ], [ 365568.310187785362359, 6874515.189131448045373 ], [ 365568.806703479844145, 6874515.750436685048044 ], [ 365569.29378268821165, 6874516.319949826225638 ], [ 365569.77128976205131, 6874516.897512264549732 ], [ 365570.239091715018731, 6874517.482963147573173 ], [ 365570.69705823645927, 6874518.07613939512521 ], [ 365571.294722985650878, 6874518.877559338696301 ], [ 365573.73850886017317, 6874521.630456513725221 ], [ 365573.638818111619912, 6874521.624431597068906 ], [ 365573.42369361728197, 6874521.613302360288799 ], [ 365573.349338897096459, 6874521.606862884946167 ], [ 365572.927569366758689, 6874521.574027015827596 ], [ 365572.407217554864474, 6874521.538064299151301 ], [ 365571.984940895461477, 6874521.51256618462503 ], [ 365571.464042501931544, 6874521.485655625350773 ], [ 365571.041386362572666, 6874521.467502973042428 ], [ 365570.520098903216422, 6874521.4496527062729 ], [ 365570.097191047854722, 6874521.438851002603769 ], [ 365569.575672104023397, 6874521.430066421627998 ], [ 365569.152640372689348, 6874521.426618930883706 ], [ 365568.631047327362467, 6874521.42690268997103 ], [ 365568.208019597397652, 6874521.430810457095504 ], [ 365567.686510494037066, 6874521.440162470564246 ], [ 365567.263614641793538, 6874521.451424311846495 ], [ 365566.742346863728017, 6874521.469841755926609 ], [ 365566.319710725510959, 6874521.488454268313944 ], [ 365565.798841985699255, 6874521.515931570902467 ], [ 365565.37659331940813, 6874521.541889127343893 ], [ 365564.856281001528259, 6874521.578417985700071 ], [ 365564.434547447832301, 6874521.611712739802897 ], [ 365563.914948867692146, 6874521.657282109372318 ], [ 365563.493857911729719, 6874521.69790399633348 ], [ 365562.975130058068316, 6874521.752500111237168 ], [ 365562.554808990564197, 6874521.800436852499843 ], [ 365562.037108847871423, 6874521.864043187350035 ], [ 365561.61768472683616, 6874521.919280290603638 ], [ 365561.101168558525387, 6874521.991877648048103 ], [ 365560.682768170896452, 6874522.054398417472839 ], [ 365560.167592300276738, 6874522.13596482668072 ], [ 365559.750342123501468, 6874522.205750362016261 ], [ 365559.236662217997946, 6874522.296261174604297 ], [ 365558.820688381791115, 6874522.373290380463004 ], [ 365558.308659709582571, 6874522.472718237899244 ], [ 365557.894087957974989, 6874522.556967829354107 ], [ 365557.383865264244378, 6874522.665282684378326 ], [ 365556.970820917282254, 6874522.756727194413543 ], [ 365556.462558542029001, 6874522.87389628123492 ], [ 365556.051166458055377, 6874522.97250806633383 ], [ 365555.545017957338132, 6874523.098495985381305 ], [ 365555.13540249527432, 6874523.204245236702263 ], [ 365553.611447673582006, 6874523.640939288772643 ], [ 365552.680577832332347, 6874523.934509963728487 ], [ 365552.184025120863225, 6874524.095872957259417 ], [ 365551.258405304222833, 6874524.405599218793213 ], [ 365550.764735974604264, 6874524.575579360127449 ], [ 365549.844646545301657, 6874524.901367396116257 ], [ 365549.354010160197504, 6874525.079913186840713 ], [ 365548.439729805744719, 6874525.421664319001138 ], [ 365547.952275032876059, 6874525.608721658587456 ], [ 365547.044080681342166, 6874525.966332371346653 ], [ 365546.559955067990813, 6874526.161844638176262 ], [ 365545.65812180400826, 6874526.535206615924835 ], [ 365545.177472043491434, 6874526.739114569500089 ], [ 365544.282273025019094, 6874527.128114723600447 ], [ 365543.805244727467652, 6874527.340356591157615 ], [ 365542.916951102903113, 6874527.744877095334232 ], [ 365542.443688668892719, 6874527.965388628654182 ], [ 365541.562569495115895, 6874528.385306959040463 ], [ 365541.093216347100679, 6874528.614021333865821 ], [ 365540.219538507983088, 6874529.049210299737751 ], [ 365536.044884561793879, 6874531.571625316515565 ], [ 365535.804845901730005, 6874531.744772848673165 ], [ 365535.390493142709602, 6874532.04909005574882 ], [ 365535.153456780826673, 6874532.226325463503599 ], [ 365534.74437978368951, 6874532.537698214873672 ], [ 365534.510415328782983, 6874532.718969448469579 ], [ 365534.106733999564312, 6874533.037306474521756 ], [ 365533.875910158501938, 6874533.222560302354395 ], [ 365533.477743117953651, 6874533.54776806384325 ], [ 365533.250127675302792, 6874533.736950083635747 ], [ 365532.857591879903339, 6874534.068933053873479 ], [ 365532.787093873135746, 6874534.129599703475833 ], [ 365531.136854327982292, 6874532.646955449134111 ], [ 365530.543824177293573, 6874532.289265691302717 ], [ 365530.113508424139582, 6874532.034584684297442 ], [ 365529.514598954701796, 6874531.686828778125346 ], [ 365529.080098101112526, 6874531.439355289563537 ], [ 365528.475475699349772, 6874531.101629848591983 ], [ 365528.036910575639922, 6874530.861432697623968 ], [ 365527.426743215124588, 6874530.53383154515177 ], [ 365526.984235533454921, 6874530.300977392122149 ], [ 365526.368692728166934, 6874529.983591542579234 ], [ 365525.922365479869768, 6874529.758145108819008 ], [ 365525.301618237281218, 6874529.451062737032771 ], [ 365524.851595464744605, 6874529.233086676336825 ], [ 365524.225816238089465, 6874528.936393093317747 ], [ 365523.772222903033253, 6874528.725947932340205 ], [ 365523.141585543693509, 6874528.439725564792752 ], [ 365522.684547670534812, 6874528.236869774758816 ], [ 365522.049227379320655, 6874527.961198139935732 ], [ 365521.588871933228802, 6874527.765988073311746 ], [ 365520.949045212182682, 6874527.500943757593632 ], [ 365520.485500146867707, 6874527.313433673232794 ], [ 365519.841344749729615, 6874527.059090308845043 ], [ 365519.374738774902653, 6874526.879332269541919 ], [ 365518.726433658157475, 6874526.635760517790914 ], [ 365518.256896432605572, 6874526.463804474100471 ], [ 365517.604621705657337, 6874526.231072003021836 ], [ 365517.132283693994395, 6874526.066965736448765 ], [ 365516.476220568874851, 6874525.845137202180922 ], [ 365516.00121293484699, 6874525.688926280476153 ], [ 365515.341543676157016, 6874525.478063311427832 ], [ 365514.86399845557753, 6874525.329791159369051 ], [ 365514.200906329788268, 6874525.129952335730195 ], [ 365513.720956136239693, 6874524.989660125225782 ], [ 365513.054625360760838, 6874524.800900965929031 ], [ 365512.572403526108246, 6874524.668627673760056 ], [ 365511.903019217948895, 6874524.491000619716942 ], [ 365511.418659837159794, 6874524.366783024743199 ], [ 365510.746407961880323, 6874524.200337421149015 ], [ 365510.260045388364233, 6874524.084209981374443 ], [ 365509.585112707922235, 6874523.928992072120309 ], [ 365509.096882244455628, 6874523.820987093262374 ], [ 365508.419456265866756, 6874523.677039998583496 ], [ 365507.92949346738169, 6874523.577187465503812 ], [ 365507.249762390041724, 6874523.444551176391542 ], [ 365504.015613167081028, 6874522.99452549777925 ], [ 365503.10098613757873, 6874522.917689160443842 ], [ 365502.59955239930423, 6874522.879793899133801 ], [ 365501.683765965804923, 6874522.818298907019198 ], [ 365501.181767497444525, 6874522.788813767954707 ], [ 365500.265078967320733, 6874522.742677398957312 ], [ 365499.762656799051911, 6874522.721610666252673 ], [ 365498.845323733054101, 6874522.690845883451402 ], [ 365498.342619047616608, 6874522.678203475661576 ], [ 365497.424899187695701, 6874522.662818922661245 ], [ 365496.922053197864443, 6874522.658604391850531 ], [ 365496.004204394470435, 6874522.658604391850531 ], [ 365495.501358404639177, 6874522.662818922661245 ], [ 365494.583638544718269, 6874522.678203475661576 ], [ 365494.080933859280776, 6874522.690845883451402 ], [ 365493.163600793282967, 6874522.721610666252673 ], [ 365492.661178625014145, 6874522.742677398957312 ], [ 365491.744490094890352, 6874522.788813767954707 ], [ 365491.262889544072095, 6874522.817100824788213 ], [ 365491.03116694430355, 6874522.802208486013114 ], [ 365490.550583192321938, 6874522.775191825814545 ], [ 365488.233542279980611, 6874522.663575373589993 ], [ 365487.752586910850368, 6874522.644272789359093 ], [ 365485.434053440520074, 6874522.569845854304731 ], [ 365484.952850282366853, 6874522.558262315578759 ], [ 365482.633421123493463, 6874522.521044057793915 ], [ 365482.15209406480426, 6874522.517182546667755 ], [ 365479.832366317452397, 6874522.517182546667755 ], [ 365479.351039258763194, 6874522.521044057793915 ], [ 365477.031610099889804, 6874522.558262315578759 ], [ 365476.550406941736583, 6874522.569845854304731 ], [ 365474.231873471406288, 6874522.644272789359093 ], [ 365473.750918102276046, 6874522.663575373589993 ], [ 365471.963785562955309, 6874522.749665088951588 ], [ 365471.393014486995526, 6874522.672440159134567 ], [ 365470.883114912780002, 6874522.607893946580589 ], [ 365469.81415728176944, 6874522.481872576288879 ], [ 365469.30322682869155, 6874522.426071268506348 ], [ 365468.23226712027099, 6874522.318381409160793 ], [ 365467.72045561647974, 6874522.271341372281313 ], [ 365466.647808173554949, 6874522.18201463483274 ], [ 365466.135265938879456, 6874522.14374968316406 ], [ 365465.061245599994436, 6874522.072812285274267 ], [ 365464.548123032320291, 6874522.04333364777267 ], [ 365463.473045038816053, 6874521.990806411020458 ], [ 365462.959492769849021, 6874521.970122741535306 ], [ 365461.883672673488036, 6874521.936021083034575 ], [ 365461.369841412932146, 6874521.924138450995088 ], [ 365460.293594983464573, 6874521.90847238060087 ], [ 365459.779635570419487, 6874521.905394274741411 ], [ 365458.703278702509124, 6874521.908168390393257 ], [ 365458.18934197636554, 6874521.913895713165402 ], [ 365457.113190597272478, 6874521.935109200887382 ], [ 365456.599427423323505, 6874521.949640272185206 ], [ 365455.523797399888281, 6874521.989286905154586 ], [ 365455.01035856542876, 6874522.012617459520698 ], [ 365453.935565611522179, 6874522.070685600861907 ], [ 365453.422601826139726, 6874522.102808789350092 ], [ 365452.382555590593256, 6874522.176888569258153 ], [ 365452.125817302090582, 6874522.096687349490821 ], [ 365451.626194162061438, 6874521.945370973087847 ], [ 365451.281235615431797, 6874521.844164620153606 ], [ 365450.779055077000521, 6874521.701564823277295 ], [ 365450.432387717009988, 6874521.606376240961254 ], [ 365449.927801869576797, 6874521.472536211833358 ], [ 365449.579530667047948, 6874521.383394223637879 ], [ 365449.072692452115007, 6874521.258354528807104 ], [ 365448.722922863555141, 6874521.175286125391722 ], [ 365448.213985555979889, 6874521.059084576554596 ], [ 365447.86282349168323, 6874520.982114912010729 ], [ 365447.351941351604182, 6874520.874786730855703 ], [ 365446.999493143346626, 6874520.803939110599458 ], [ 365446.486820610007271, 6874520.705516745336354 ], [ 365446.133192979148589, 6874520.640812624245882 ], [ 365445.618885630916338, 6874520.551325941458344 ], [ 365445.264185655862093, 6874520.492784909904003 ], [ 365444.748399015516043, 6874520.412260967306793 ], [ 365444.392734099412337, 6874520.359900752082467 ], [ 365443.875624456384685, 6874520.288363949395716 ], [ 365443.51910229458008, 6874520.242200404405594 ], [ 365443.000826020957902, 6874520.179672376252711 ], [ 365442.64355456829071, 6874520.139719481579959 ], [ 365442.124268808576744, 6874520.086219188757241 ], [ 365441.766356246895157, 6874520.052489041350782 ], [ 365441.246218225394841, 6874520.008032678626478 ], [ 365440.887772930553183, 6874519.980535491369665 ], [ 365440.366940028674435, 6874519.945136510767043 ], [ 365440.008070537936874, 6874519.923880610615015 ], [ 365439.486700600944459, 6874519.897549740970135 ], [ 365439.127515579981264, 6874519.882541563361883 ], [ 365438.605766299006063, 6874519.86528676841408 ], [ 365438.246374508948065, 6874519.856530859135091 ], [ 365437.724404119013343, 6874519.848357371985912 ], [ 365437.364914383797441, 6874519.845856380648911 ], [ 365436.842880730924662, 6874519.846766671165824 ], [ 365436.483401903999038, 6874519.850521355867386 ], [ 365435.961463067797013, 6874519.860515151172876 ], [ 365435.602103999292012, 6874519.870524375699461 ], [ 365435.080418136785738, 6874519.889598647132516 ], [ 365434.721287640626542, 6874519.905859380029142 ], [ 365434.200012675719336, 6874519.9340083533898 ], [ 365434.052617791108787, 6874519.943254525773227 ], [ 365427.496333411487285, 6874519.439271916635334 ], [ 365427.091136002040002, 6874519.410882288590074 ], [ 365417.989700800040737, 6874518.835091953165829 ], [ 365416.508494592213538, 6874518.778078971430659 ], [ 365415.57478980201995, 6874518.765226311981678 ], [ 365415.059427627304103, 6874518.762559407390654 ], [ 365414.125639825884718, 6874518.765748138539493 ], [ 365413.610307930852287, 6874518.771934691816568 ], [ 365412.676712694810703, 6874518.791163871064782 ], [ 365412.161563106114045, 6874518.806202054955065 ], [ 365411.228435955243185, 6874518.841466007754207 ], [ 365410.713620699709281, 6874518.865351385436952 ], [ 365409.78123701561708, 6874518.916639705188572 ], [ 365409.266908059827983, 6874518.949365224689245 ], [ 365408.335543004737701, 6874519.016662774607539 ], [ 365407.821852076391224, 6874519.058218783698976 ], [ 365406.891780511999968, 6874519.141505704261363 ], [ 365406.378879278840031, 6874519.191879932768643 ], [ 365405.450375684886239, 6874519.29113164357841 ], [ 365404.938415455224458, 6874519.350309230387211 ], [ 365404.0117538489867, 6874519.465496441349387 ], [ 365403.500885722576641, 6874519.533459921367466 ], [ 365402.576339577557519, 6874519.664548639208078 ], [ 365402.066714383137878, 6874519.741277948021889 ], [ 365401.144556548504625, 6874519.888229484669864 ], [ 365400.636324608349241, 6874519.97370198648423 ], [ 365399.716827228548937, 6874520.136472974903882 ], [ 365399.21013856359059, 6874520.230663442984223 ], [ 365398.293572997965384, 6874520.409205846488476 ], [ 365397.788577123428695, 6874520.512086484581232 ], [ 365397.340102509653661, 6874520.607471517287195 ], [ 365397.017456807720009, 6874520.665477420203388 ], [ 365396.52729233977152, 6874520.757813117466867 ], [ 365395.739330987678841, 6874520.913040605373681 ], [ 365395.250769379956182, 6874521.013512829318643 ], [ 365394.465497688041069, 6874521.181819203309715 ], [ 365393.978674026264343, 6874521.290400176309049 ], [ 365393.196309067308903, 6874521.471738911233842 ], [ 365392.711357950756792, 6874521.588398610241711 ], [ 365391.932115993986372, 6874521.782719577662647 ], [ 365391.449171434098389, 6874521.907425763085485 ], [ 365390.673267885460518, 6874522.114675247110426 ], [ 365390.192463371204212, 6874522.247393452562392 ], [ 365389.420112713763956, 6874522.467514163814485 ], [ 365388.94158120569773, 6874522.608207685872912 ], [ 365388.172996940498706, 6874522.841138775460422 ], [ 365387.696870647370815, 6874522.989768743515015 ], [ 365386.932265234121587, 6874523.235445823520422 ], [ 365386.458675827598199, 6874523.391971136443317 ], [ 365385.698260626289994, 6874523.650326293893158 ], [ 365385.227339018776547, 6874523.814703681506217 ], [ 365384.471324231126346, 6874524.08566549886018 ], [ 365384.00320060463855, 6874524.257849521003664 ], [ 365383.25179521588143, 6874524.541343095712364 ], [ 365382.786598896258511, 6874524.721286185085773 ], [ 365382.040010617347434, 6874525.017233152873814 ], [ 365381.577870306093246, 6874525.204885525628924 ], [ 365380.836305516655557, 6874525.513204076327384 ], [ 365380.377348933368921, 6874525.708513870835304 ], [ 365379.641012624138966, 6874526.029118775390089 ], [ 365379.185366555990186, 6874526.23203203920275 ], [ 365378.454462272522505, 6874526.564834674820304 ], [ 365378.002252806269098, 6874526.775295255705714 ], [ 365377.276982592476998, 6874527.12020362354815 ], [ 365376.828334612131584, 6874527.338153400458395 ], [ 365376.108898954582401, 6874527.695072159171104 ], [ 365374.513615418283734, 6874528.660580382682383 ], [ 365370.417514697939623, 6874529.24748922791332 ], [ 365362.867597529140767, 6874532.606824288144708 ], [ 365354.118138018471655, 6874538.053507692180574 ], [ 365348.512983922963031, 6874542.557946338318288 ], [ 365344.140749525395222, 6874548.266824190504849 ], [ 365341.46727506921161, 6874552.793910634703934 ], [ 365341.222215193265583, 6874553.216706244274974 ], [ 365338.85260729060974, 6874557.382774197496474 ], [ 365338.795154825784266, 6874557.476875333115458 ], [ 365338.540142745885532, 6874557.902430641464889 ], [ 365338.248673267604318, 6874558.398074165917933 ], [ 365338.000733273336664, 6874558.827788301743567 ], [ 365337.717499882448465, 6874559.328183951787651 ], [ 365337.476699782768264, 6874559.761939395219088 ], [ 365337.20177993690595, 6874560.266950324177742 ], [ 365336.968185573117808, 6874560.70462847314775 ], [ 365336.701654456264805, 6874561.21411657333374 ], [ 365336.475329725537449, 6874561.655597707256675 ], [ 365336.217260227538645, 6874562.169423645362258 ], [ 365335.998267024056986, 6874562.614587027579546 ], [ 365335.748729720769916, 6874563.132610283792019 ], [ 365335.537127910298295, 6874563.581334223039448 ], [ 365335.296191044268198, 6874564.103413132019341 ], [ 365335.092038525734097, 6874564.555574847385287 ], [ 365334.859767987334635, 6874565.081566631793976 ], [ 365334.663120578567032, 6874565.537042493931949 ], [ 365334.439579888305161, 6874566.066803307272494 ], [ 365334.250491357175633, 6874566.525468781590462 ], [ 365334.035741648054682, 6874567.058853748254478 ], [ 365333.854263718763832, 6874567.520583369769156 ], [ 365333.648363719694316, 6874568.057446621358395 ], [ 365333.474546025507152, 6874568.522114107385278 ], [ 365333.277552045183256, 6874569.062308823689818 ], [ 365333.111442105844617, 6874569.529787139967084 ], [ 365332.923408017493784, 6874570.073165591806173 ], [ 365332.765051273745485, 6874570.543326856568456 ], [ 365332.58602850016905, 6874571.089740442112088 ], [ 365332.435468248324469, 6874571.562456108629704 ], [ 365332.265505747927818, 6874572.111755398102105 ], [ 365332.122783177532256, 6874572.586896141991019 ], [ 365331.961927430995274, 6874573.138930913060904 ], [ 365331.827081555849873, 6874573.616366853006184 ], [ 365331.675376553379465, 6874574.170986139215529 ], [ 365331.548444261658005, 6874574.650586668401957 ], [ 365331.409179108508397, 6874575.194944547489285 ], [ 365331.078034668520559, 6874576.48462491389364 ], [ 365330.963542440498713, 6874576.945650476962328 ], [ 365330.64980273891706, 6874578.25315385684371 ], [ 365330.5426246598945, 6874578.715934475883842 ], [ 365330.249627063982189, 6874580.028241641819477 ], [ 365330.14979000762105, 6874580.492661277763546 ], [ 365329.877607979287859, 6874581.809443200007081 ], [ 365329.785136974882334, 6874582.275385423563421 ], [ 365329.53383875725558, 6874583.596311951987445 ], [ 365329.448756990837865, 6874584.063659934327006 ], [ 365329.218405590741895, 6874585.388399879448116 ], [ 365329.140734395536128, 6874585.857036436907947 ], [ 365328.931387568009086, 6874587.185257650911808 ], [ 365328.86114641657332, 6874587.655065296217799 ], [ 365328.675988820963539, 6874588.964287638664246 ], [ 365328.556860079639591, 6874589.145415560342371 ], [ 365328.120102776912972, 6874589.963741206564009 ], [ 365327.783724075299688, 6874590.571059053763747 ], [ 365327.437939499388449, 6874591.173071159981191 ], [ 365327.082832693529781, 6874591.769631899893284 ], [ 365326.718489599181339, 6874592.360596898011863 ], [ 365326.344998317130376, 6874592.945823254995048 ], [ 365325.962449302431196, 6874593.52516923379153 ], [ 365325.439349863037933, 6874594.291185435838997 ], [ 365325.364861032518093, 6874594.40078435279429 ], [ 365325.134565127606038, 6874594.74124454241246 ], [ 365325.043285191641189, 6874594.871421325951815 ], [ 365324.949830930680037, 6874595.000046091154218 ], [ 365324.854228759882972, 6874595.127082482911646 ], [ 365324.756505634752102, 6874595.252494681626558 ], [ 365324.656689190072939, 6874595.376247222535312 ], [ 365324.554807554988656, 6874595.498305233195424 ], [ 365324.450889525120147, 6874595.61863421369344 ], [ 365324.344964414834976, 6874595.73720021918416 ], [ 365324.237062159169, 6874595.853969744406641 ], [ 365324.127213173022028, 6874595.968909873627126 ], [ 365324.015448521182407, 6874596.081988101825118 ], [ 365323.901799731946085, 6874596.193172531202435 ], [ 365323.786298929073382, 6874596.302431735210121 ], [ 365323.668978625559248, 6874596.409734955988824 ], [ 365323.549872033472639, 6874596.515051819384098 ], [ 365323.429012748878449, 6874596.618352616205812 ], [ 365323.306434908881783, 6874596.719608171842992 ], [ 365323.182173033303116, 6874596.818789969198406 ], [ 365322.856659254990518, 6874597.069768290966749 ], [ 365318.589681419718545, 6874601.488135025836527 ], [ 365318.338315609376878, 6874601.603169668465853 ], [ 365316.913928608526476, 6874602.302255747839808 ], [ 365316.497038691071793, 6874602.510899320244789 ], [ 365315.08368681097636, 6874603.232034632004797 ], [ 365314.670089355204254, 6874603.447131090797484 ], [ 365313.268113887985237, 6874604.190141497179866 ], [ 365312.857908771024086, 6874604.411638900637627 ], [ 365311.467648261517752, 6874605.17634498141706 ], [ 365311.060934520559385, 6874605.404189852066338 ], [ 365309.682724684709683, 6874606.190406949259341 ], [ 365309.279600564215798, 6874606.424544249661267 ], [ 365307.913774208165705, 6874607.232082508504391 ], [ 365307.514337024942506, 6874607.472455716691911 ], [ 365306.161223964358214, 6874608.301120135933161 ], [ 365305.765570177172776, 6874608.547671203501523 ], [ 365304.42549715784844, 6874609.397261680103838 ], [ 365295.588753879652359, 6874618.001646948046982 ], [ 365295.072060569771565, 6874618.770545640960336 ], [ 365294.799620972306002, 6874619.183275014162064 ], [ 365294.295672449807171, 6874619.960586447268724 ], [ 365294.030073342262767, 6874620.377750639803708 ], [ 365293.539006551844068, 6874621.163263582624495 ], [ 365293.280320084595587, 6874621.584749271161854 ], [ 365292.802268470288254, 6874622.378250267356634 ], [ 365292.550564959063195, 6874622.803942883387208 ], [ 365292.085658428084571, 6874623.60521630384028 ], [ 365291.841006270027719, 6874624.035000171512365 ], [ 365291.389371157623827, 6874624.843828274868429 ], [ 365291.151836820528843, 6874625.277586629614234 ], [ 365290.713595855399035, 6874626.09374962374568 ], [ 365290.483243900176603, 6874626.531364572234452 ], [ 365290.058516171295196, 6874627.354640670120716 ], [ 365289.835409195278771, 6874627.795993290841579 ], [ 365289.424310119647998, 6874628.626158772036433 ], [ 365289.208508740819525, 6874629.071129150688648 ], [ 365288.811150031688157, 6874629.907958424650133 ], [ 365288.602712911262643, 6874630.356425603851676 ], [ 365288.219202548149042, 6874631.199691265821457 ], [ 365288.018186300178058, 6874631.651533437892795 ], [ 365287.677176797762513, 6874632.435384653508663 ], [ 365287.517056772485375, 6874632.798691634088755 ], [ 365287.316529856412672, 6874633.264301418326795 ], [ 365287.134821422689129, 6874633.696225368417799 ], [ 365286.942190959060099, 6874634.165157173760235 ], [ 365286.767807078373153, 6874634.600089944899082 ], [ 365286.583128076104913, 6874635.07220986392349 ], [ 365286.416118545399513, 6874635.510027257725596 ], [ 365286.239443752740044, 6874635.985200442373753 ], [ 365286.079856263182592, 6874636.425777435302734 ], [ 365285.911236124462448, 6874636.903868212364614 ], [ 365285.759116247703787, 6874637.347078993916512 ], [ 365285.598598920507357, 6874637.82795082218945 ], [ 365285.453990095877089, 6874638.273668828420341 ], [ 365285.301621402497403, 6874638.757184435613453 ], [ 365285.164564924431033, 6874639.205282389186323 ], [ 365285.020388394303154, 6874639.691303643397987 ], [ 365284.890923400525935, 6874640.141653584316373 ], [ 365284.754980194207747, 6874640.630041729658842 ], [ 365284.633143654733431, 6874641.082515056245029 ], [ 365284.505472592834849, 6874641.573130627162755 ], [ 365284.391299299255479, 6874642.02759813144803 ], [ 365284.271936839912087, 6874642.520301026292145 ], [ 365284.165459395386279, 6874642.976632931269705 ], [ 365284.054439624713268, 6874643.471282450482249 ], [ 365283.95568843500223, 6874643.929348445497453 ], [ 365283.853043053357396, 6874644.425803347490728 ], [ 365283.762046317744534, 6874644.885472628287971 ], [ 365283.66780463908799, 6874645.38359113316983 ], [ 365283.584588342579082, 6874645.844732436351478 ], [ 365283.498777276661713, 6874646.344372312538326 ], [ 365283.423365182417911, 6874646.806853955611587 ], [ 365283.346009235247038, 6874647.307872515171766 ], [ 365283.278422878007405, 6874647.771562431007624 ], [ 365283.2095441390411, 6874648.2738166032359 ], [ 365283.149802818603348, 6874648.738582381047308 ], [ 365283.089420955569949, 6874649.241928751580417 ], [ 365283.037541731668171, 6874649.70763767324388 ], [ 365282.9856739876559, 6874650.211932502686977 ], [ 365282.941671674954705, 6874650.678451579995453 ], [ 365282.898332860902883, 6874651.183550869114697 ], [ 365282.862220024631824, 6874651.65074688475579 ], [ 365282.827422517293599, 6874652.156506386585534 ], [ 365282.79920946987113, 6874652.624245926737785 ], [ 365282.772963205701672, 6874653.130521218292415 ], [ 365282.755931905761827, 6874653.523188794031739 ], [ 365282.742741516092792, 6874653.795600445941091 ], [ 365282.722420105943456, 6874654.304765570908785 ], [ 365282.711486796615645, 6874654.65287761669606 ], [ 365282.699816523701884, 6874655.162314434535801 ], [ 365282.694797498988919, 6874655.510561965405941 ], [ 365282.691781729576178, 6874656.020123512484133 ], [ 365282.69267843751004, 6874656.368406055495143 ], [ 365282.698318041570019, 6874656.877945320680737 ], [ 365282.705130223475862, 6874657.226162390783429 ], [ 365282.719423574162647, 6874657.735532365739346 ], [ 365282.732149264658801, 6874658.083583497442305 ], [ 365282.755092237668578, 6874658.592637210153043 ], [ 365282.773727765132207, 6874658.940421986393631 ], [ 365282.805313742137514, 6874659.449012589640915 ], [ 365282.829853730101604, 6874659.796430669724941 ], [ 365282.870073595782742, 6874660.304411393590271 ], [ 365282.900510963983834, 6874660.651362543925643 ], [ 365282.949353118601721, 6874661.158586880192161 ], [ 365282.985679085599259, 6874661.504970998503268 ], [ 365283.043129432422575, 6874662.011292552575469 ], [ 365283.085333517577965, 6874662.357009704224765 ], [ 365283.151375486457255, 6874662.862282439135015 ], [ 365283.199445513368119, 6874663.207232878543437 ], [ 365283.274060044204816, 6874663.711310972459614 ], [ 365283.327982143964618, 6874664.055395178496838 ], [ 365283.367410787148401, 6874664.293742360547185 ], [ 365283.139664627320599, 6874664.373244984075427 ], [ 365282.823085420473944, 6874664.486806279979646 ], [ 365282.341295485384762, 6874664.664298810996115 ], [ 365282.026706153177656, 6874664.783261470496655 ], [ 365281.548024508985691, 6874664.968973414041102 ], [ 365281.235517199907918, 6874665.093302589841187 ], [ 365280.760083853965625, 6874665.287179627455771 ], [ 365280.449750106665306, 6874665.416838902980089 ], [ 365279.977704578777775, 6874665.618824141100049 ], [ 365279.669635295169428, 6874665.753775535151362 ], [ 365279.201115677715279, 6874665.963809880428016 ], [ 365278.895401096495334, 6874666.104013863950968 ], [ 365278.268499933357816, 6874666.40033349301666 ], [ 365277.036421336117201, 6874667.000221440568566 ], [ 365276.027596281608567, 6874667.470166078768671 ], [ 365275.010854739171918, 6874667.922728267498314 ], [ 365273.986496220983099, 6874668.357774691656232 ], [ 365272.954822319734376, 6874668.775177265517414 ], [ 365271.916137028369121, 6874669.174812994897366 ], [ 365270.870746246713679, 6874669.556564185768366 ], [ 365269.818957885319833, 6874669.920318395830691 ], [ 365268.761081807606388, 6874670.265968462452292 ], [ 365267.451379221456591, 6874670.669158907607198 ], [ 365267.128556664916687, 6874670.770536032505333 ], [ 365264.593598697509151, 6874671.582331628538668 ], [ 365264.157782119233161, 6874671.725580719299614 ], [ 365261.635534026718233, 6874672.576044443994761 ], [ 365261.201958881923929, 6874672.725941030308604 ], [ 365258.693010467977729, 6874673.614874010905623 ], [ 365258.261778162850533, 6874673.771383032202721 ], [ 365255.766716120997444, 6874674.698577398434281 ], [ 365255.337927450367715, 6874674.861662275157869 ], [ 365252.857335226959549, 6874675.826901214197278 ], [ 365252.431090510101058, 6874675.996523790061474 ], [ 365250.158784020168241, 6874676.920967351645231 ], [ 365249.547234488360118, 6874677.159906699322164 ], [ 365249.085542506887577, 6874677.344720373861492 ], [ 365248.285012415901292, 6874677.672894017770886 ], [ 365247.82644742296543, 6874677.865335473790765 ], [ 365247.031467252236325, 6874678.206733914092183 ], [ 365246.576155199669302, 6874678.406750295311213 ], [ 365245.786943405983038, 6874678.761279718950391 ], [ 365245.33500951185124, 6874678.968816017732024 ], [ 365244.551782966591418, 6874679.336379 ], [ 365244.103351345227566, 6874679.551378220319748 ], [ 365243.326325275294948, 6874679.931873757392168 ], [ 365242.881519184040371, 6874680.154276802204549 ], [ 365242.110907112422865, 6874680.54760033544153 ], [ 365241.669848732999526, 6874680.777346117421985 ], [ 365240.905862419982441, 6874681.183389564976096 ], [ 365240.468673047900666, 6874681.420414899475873 ], [ 365239.711522433266509, 6874681.839066680520773 ], [ 365239.278322127065621, 6874682.083306476473808 ], [ 365238.528215272061061, 6874682.514451548457146 ], [ 365238.253163310000673, 6874682.675592970103025 ], [ 365237.980752893956378, 6874682.684460301883519 ], [ 365229.411421876109671, 6874685.680137263610959 ], [ 365222.130454137630295, 6874691.10185501165688 ], [ 365216.804523517319467, 6874698.453179897740483 ], [ 365216.582244983583223, 6874698.885303763672709 ], [ 365216.355774721305352, 6874699.334807493723929 ], [ 365216.140777265653014, 6874699.770599734038115 ], [ 365215.921880264068022, 6874700.22383969835937 ], [ 365215.714224406634457, 6874700.66317764017731 ], [ 365215.502962270285934, 6874701.12002628389746 ], [ 365215.302706464368384, 6874701.562786257825792 ], [ 365215.099138667050283, 6874702.023114970885217 ], [ 365214.906339282984845, 6874702.469172343611717 ], [ 365214.710523129906505, 6874702.932851538993418 ], [ 365214.525234439119231, 6874703.382080748677254 ], [ 365214.33722503867466, 6874703.848979935981333 ], [ 365214.159499198314734, 6874704.301254529505968 ], [ 365213.979349485540297, 6874704.771242251619697 ], [ 365213.809236523928121, 6874705.226434917189181 ], [ 365213.636997209163383, 6874705.699378875084221 ], [ 365213.474545011646114, 6874706.157361479476094 ], [ 365213.31026457506232, 6874706.633128554560244 ], [ 365213.155518870626111, 6874707.093772179447114 ], [ 365212.999243556812871, 6874707.572228443808854 ], [ 365212.852247904986143, 6874708.03540342207998 ], [ 365212.704021701647434, 6874708.516414202749729 ], [ 365212.564817480510101, 6874708.981990154832602 ], [ 365212.424682115553878, 6874709.465420039370656 ], [ 365212.293308509862982, 6874709.933265909552574 ], [ 365212.161303431843407, 6874710.418978811241686 ], [ 365212.037797422206495, 6874710.888962903991342 ], [ 365211.913959782046732, 6874711.376822125166655 ], [ 365211.79835613432806, 6874711.848812145181 ], [ 365211.682720796437934, 6874712.338680339045823 ], [ 365211.575052052154206, 6874712.812543424777687 ], [ 365211.46765157149639, 6874713.304282676428556 ], [ 365211.367948038328905, 6874713.779885438270867 ], [ 365211.268812633759808, 6874714.273357388563454 ], [ 365211.187281978083774, 6874714.697597038000822 ], [ 365210.862338078848552, 6874715.691083578392863 ], [ 365209.854233556950931, 6874718.617570776492357 ], [ 365208.800488841254264, 6874721.527935738675296 ], [ 365207.70136162993731, 6874724.421466722153127 ], [ 365206.557120720739476, 6874727.297456096857786 ], [ 365205.770527237269562, 6874729.187903350219131 ], [ 365205.632245225366205, 6874729.139109564945102 ], [ 365202.259109944046941, 6874728.166680879890919 ], [ 365201.824749754043296, 6874728.068575737066567 ], [ 365201.639870600309223, 6874728.023502352647483 ], [ 365201.455784460180439, 6874727.975292696617544 ], [ 365201.272544369043317, 6874727.923960656858981 ], [ 365201.090203388186637, 6874727.869521097280085 ], [ 365200.908814165275544, 6874727.811989737674594 ], [ 365200.728429230977781, 6874727.751383238472044 ], [ 365200.549100500764325, 6874727.687719044275582 ], [ 365200.370879994239658, 6874727.621015618555248 ], [ 365200.193819092819467, 6874727.551292194984853 ], [ 365200.017969111620914, 6874727.478568979538977 ], [ 365199.843380774836987, 6874727.402866952121258 ], [ 365199.670104459743015, 6874727.324207953177392 ], [ 365199.49819040944567, 6874727.242614791728556 ], [ 365199.327688159712125, 6874727.158110979013145 ], [ 365199.158647058240604, 6874727.070720970630646 ], [ 365198.991116010001861, 6874726.980470051057637 ], [ 365198.825143287598621, 6874726.887384224683046 ], [ 365198.660777013807092, 6874726.791490481235087 ], [ 365198.49806454940699, 6874726.692816452123225 ], [ 365198.337052999762818, 6874726.591390701942146 ], [ 365198.177788907079957, 6874726.487242551520467 ], [ 365198.097181210760027, 6874726.432551947422326 ], [ 365186.077144880662672, 6874712.40917622949928 ], [ 365185.205393323325552, 6874704.78776752948761 ], [ 365184.056748320406768, 6874700.775667872279882 ], [ 365183.915888273681048, 6874700.298639006912708 ], [ 365182.700883983110543, 6874696.306134331971407 ], [ 365182.552134568744805, 6874695.831506370566785 ], [ 365181.271104979154188, 6874691.859694164246321 ], [ 365181.114507084595971, 6874691.387597570195794 ], [ 365179.767804334056564, 6874687.437569633126259 ], [ 365179.603401008702349, 6874686.968134188093245 ], [ 365178.191395287925843, 6874683.040976328775287 ], [ 365178.019231721933465, 6874682.574331067502499 ], [ 365177.076119099045172, 6874680.081871348433197 ], [ 365176.996440996648744, 6874679.803495771251619 ], [ 365176.850729650526773, 6874679.310427286662161 ], [ 365176.727012556861155, 6874678.904612500220537 ], [ 365176.572872582881246, 6874678.414113589562476 ], [ 365176.442218949727248, 6874678.010478620417416 ], [ 365176.279695611679927, 6874677.522693322971463 ], [ 365176.142143814591691, 6874677.121356727555394 ], [ 365175.971284866565838, 6874676.63642836548388 ], [ 365175.826875307364389, 6874676.237508023157716 ], [ 365175.647730919357855, 6874675.755578987300396 ], [ 365175.496506014082115, 6874675.359192069619894 ], [ 365175.309128802269697, 6874674.880403908900917 ], [ 365175.151132968720049, 6874674.486666843295097 ], [ 365174.955577972985338, 6874674.011160195805132 ], [ 365174.790857617801521, 6874673.620188631117344 ], [ 365174.587182291958015, 6874673.148103199899197 ], [ 365174.415785796765704, 6874672.760011970996857 ], [ 365174.204049932770431, 6874672.291486343368888 ], [ 365174.026027640269604, 6874671.906389442272484 ], [ 365173.806293469679076, 6874671.441561323590577 ], [ 365173.621697668684646, 6874671.059571859426796 ], [ 365173.394029692281038, 6874670.598577694036067 ], [ 365173.202914602239616, 6874670.219807866029441 ], [ 365172.967379715410061, 6874669.762783109210432 ], [ 365172.769801470800303, 6874669.387344169430435 ], [ 365172.526468843978364, 6874668.934423036873341 ], [ 365172.322485477488954, 6874668.562425259500742 ], [ 365172.07142659596866, 6874668.113740807399154 ], [ 365171.861098021676298, 6874667.745293455198407 ], [ 365171.602386599697638, 6874667.30097742471844 ], [ 365171.385774595430121, 6874666.936188719235361 ], [ 365171.1194866541191, 6874666.496371670626104 ], [ 365170.896654843178112, 6874666.135348756797612 ], [ 365170.622868570615537, 6874665.700159829109907 ], [ 365170.393882403266616, 6874665.343008747324347 ], [ 365170.112678229575977, 6874664.912575787864625 ], [ 365169.877604963665362, 6874664.559401440434158 ], [ 365169.589065485110041, 6874664.133850876241922 ], [ 365169.347974166506901, 6874663.784756997600198 ], [ 365169.052184154803399, 6874663.364213850349188 ], [ 365168.805145596910734, 6874663.019302975386381 ], [ 365168.5021918611601, 6874662.603890670463443 ], [ 365168.249278624251019, 6874662.263264108449221 ], [ 365167.939250208204612, 6874661.853104745037854 ], [ 365167.68053657800192, 6874661.516862544231117 ], [ 365167.363524528278504, 6874661.112076572142541 ], [ 365167.099086494243238, 6874660.780317493714392 ], [ 365166.775183953985106, 6874660.381023844704032 ], [ 365166.505099186964799, 6874660.05384533200413 ], [ 365166.174401222204324, 6874659.660161199979484 ], [ 365165.898749051557388, 6874659.337659353390336 ], [ 365165.561352854827419, 6874658.94970044400543 ], [ 365165.28021424531471, 6874658.6319699883461 ], [ 365164.936218886636198, 6874658.249850218184292 ], [ 365164.649676414264832, 6874657.936984477564692 ], [ 365164.299182960647158, 6874657.560816113837063 ], [ 365164.007320788805373, 6874657.252906982786953 ], [ 365163.650432150694542, 6874656.882800474762917 ], [ 365163.353336005297024, 6874656.579938393086195 ], [ 365162.990157010499388, 6874656.21600245218724 ], [ 365162.687914154666942, 6874655.918276377022266 ], [ 365162.318551553762518, 6874655.560617974959314 ], [ 365162.011250762385316, 6874655.268115352839231 ], [ 365161.635812966735102, 6874654.916839463636279 ], [ 365161.323544500337448, 6874654.629646209068596 ], [ 365160.942141725099646, 6874654.284855959005654 ], [ 365160.62499730323907, 6874654.003056428395212 ], [ 365160.435994201747235, 6874653.837993720546365 ], [ 365161.111660165595822, 6874653.146904117427766 ], [ 365161.467530947993509, 6874652.776621685363352 ], [ 365164.911138307652436, 6874649.131618448533118 ], [ 365165.260618324216921, 6874648.755298357456923 ], [ 365165.399130314181093, 6874648.603564448654652 ], [ 365165.509989531943575, 6874648.529147699475288 ], [ 365165.648370235750917, 6874648.434496336616576 ], [ 365166.077479295665398, 6874648.135465231724083 ], [ 365166.214188867190387, 6874648.038415797054768 ], [ 365166.63801948557375, 6874647.731949332170188 ], [ 365166.773016372113489, 6874647.632531324401498 ], [ 365167.191439945192542, 6874647.318722489289939 ], [ 365167.324683114595246, 6874647.216966125182807 ], [ 365167.737572065321729, 6874646.895910604856908 ], [ 365167.869021018384956, 6874646.791846815496683 ], [ 365168.276250364782754, 6874646.463641792535782 ], [ 365168.405865147768054, 6874646.357302205637097 ], [ 365168.807310783828143, 6874646.022047695703804 ], [ 365168.935052000393625, 6874645.913464633747935 ], [ 365169.330591917329002, 6874645.571262534707785 ], [ 365169.456420740752947, 6874645.46046900190413 ], [ 365169.84593477845192, 6874645.11142327170819 ], [ 365169.969812963041477, 6874644.998452943749726 ], [ 365170.353182740742341, 6874644.642669663764536 ], [ 365170.475072633998934, 6874644.527556877583265 ], [ 365170.852181665890384, 6874644.165144149214029 ], [ 365170.972046219394542, 6874644.047923892736435 ], [ 365171.342779769503977, 6874643.678991978988051 ], [ 365171.460582550556865, 6874643.559699881821871 ], [ 365171.82482803449966, 6874643.184360821731389 ], [ 365171.94053323706612, 6874643.063033142127097 ], [ 365172.298179888457526, 6874642.68140107486397 ], [ 365172.41175234405091, 6874642.558074690401554 ], [ 365172.762691405601799, 6874642.170265669934452 ], [ 365172.874096593994182, 6874642.044978066347539 ], [ 365173.218221557151992, 6874641.651109790429473 ], [ 365173.327425616793334, 6874641.523899047635496 ], [ 365173.664631703635678, 6874641.124091439880431 ], [ 365173.771601442131214, 6874640.994996224530041 ], [ 365174.101786311599426, 6874640.589370626024902 ], [ 365174.206489215546753, 6874640.458430175669491 ], [ 365174.529552446794696, 6874640.047109946608543 ], [ 365174.631956691853702, 6874639.914364060387015 ], [ 365174.947800044261385, 6874639.497474282979965 ], [ 365175.047874504758511, 6874639.362963309511542 ], [ 365175.356402098550461, 6874638.940630534663796 ], [ 365175.454116356966551, 6874638.804395357146859 ], [ 365175.755234234791715, 6874638.376748201437294 ], [ 365175.850558590900619, 6874638.238830230198801 ], [ 365176.144175339781214, 6874637.805998526513577 ], [ 365176.237080819963012, 6874637.666439681313932 ], [ 365176.523107285669539, 6874637.228554845787585 ], [ 365176.613565651292447, 6874637.08739754371345 ], [ 365176.891914675477892, 6874636.644593011587858 ], [ 365176.979898431804031, 6874636.501880159601569 ], [ 365177.250485627620947, 6874636.054290177300572 ], [ 365177.33596803213004, 6874635.910065150819719 ], [ 365177.598711003491189, 6874635.457826009020209 ], [ 365177.681666073855013, 6874635.312132646329701 ], [ 365177.936485051410273, 6874634.855381648987532 ], [ 365178.01688757352531, 6874634.708264232613146 ], [ 365178.263705058197957, 6874634.247140289284289 ], [ 365178.341530593752395, 6874634.098643535748124 ], [ 365178.580271529383026, 6874633.633286880329251 ], [ 365178.655496423481964, 6874633.483455926179886 ], [ 365178.886088377563283, 6874633.014007739722729 ], [ 365178.95868976553902, 6874632.862888123840094 ], [ 365179.181062491144985, 6874632.38949141651392 ], [ 365179.251018305949401, 6874632.23712907359004 ], [ 365179.465104326722212, 6874631.759927497245371 ], [ 365179.532393305387814, 6874631.606368736363947 ], [ 365179.738127513322979, 6874631.125507411547005 ], [ 365179.802729203307535, 6874630.970798906870186 ], [ 365180.000049032154493, 6874630.486424072645605 ], [ 365180.06194379797671, 6874630.330612848512828 ], [ 365180.250789332028944, 6874629.842871585860848 ], [ 365180.309958360739984, 6874629.686005 ], [ 365180.490272158756852, 6874629.195045662112534 ], [ 365180.54669746599393, 6874629.037171394564211 ], [ 365180.718424737395253, 6874628.543143167160451 ], [ 365180.772089172794949, 6874628.384309203363955 ], [ 365180.935177728417329, 6874627.887362223118544 ], [ 365180.986064980679657, 6874627.727616840042174 ], [ 365181.140465212112758, 6874627.227902271784842 ], [ 365181.188559814065229, 6874627.067294025793672 ], [ 365181.334224850463215, 6874626.564963568001986 ], [ 365181.379512183892075, 6874626.40354127343744 ], [ 365181.516397709259763, 6874625.898747742176056 ], [ 365181.558864009100944, 6874625.736560463905334 ], [ 365181.686928419454489, 6874625.229457290843129 ], [ 365181.726560778042767, 6874625.066554326564074 ], [ 365181.845765158708673, 6874624.557295605540276 ], [ 365181.882551529910415, 6874624.393726469017565 ], [ 365181.992859654885251, 6874623.882466957904398 ], [ 365182.026788857474457, 6874623.718281364999712 ], [ 365182.128167188086081, 6874623.205176507122815 ], [ 365182.15922890935326, 6874623.040424361824989 ], [ 365182.251646624587011, 6874622.525630158372223 ], [ 365182.279831423307769, 6874622.360361538827419 ], [ 365182.363260455138516, 6874621.844034333713353 ], [ 365182.388559764542151, 6874621.678299470804632 ], [ 365182.462974730005953, 6874621.160596354864538 ], [ 365182.485380860511214, 6874620.994445625692606 ], [ 365182.550759163917974, 6874620.475523796863854 ], [ 365182.570265305053908, 6874620.309007700532675 ], [ 365182.626587056787685, 6874619.789025022648275 ], [ 365182.643187279754784, 6874619.622194173745811 ], [ 365182.690435369906481, 6874619.101308622397482 ], [ 365182.704124629148282, 6874618.934213727712631 ], [ 365182.742284696199931, 6874618.412583622150123 ], [ 365182.753058830741793, 6874618.245275470428169 ], [ 365182.782119274081197, 6874617.723059382289648 ], [ 365182.789975009218324, 6874617.55558882560581 ], [ 365182.809926995832939, 6874617.032945492304862 ], [ 365182.814861943828873, 6874616.865363434888422 ], [ 365182.825699410459492, 6874616.342451685108244 ], [ 365182.827712071302813, 6874616.174809062853456 ], [ 365182.829431723454036, 6874615.65178785379976 ], [ 365182.828521485440433, 6874615.484135621227324 ], [ 365182.821122800640296, 6874614.961163920350373 ], [ 365182.817289940430783, 6874614.793553034774959 ], [ 365182.80077516665915, 6874614.270789776928723 ], [ 365182.794020849163644, 6874614.103271184489131 ], [ 365182.768395007937215, 6874613.580875312909484 ], [ 365182.758721286256332, 6874613.413499929942191 ], [ 365182.723992163315415, 6874612.891630162484944 ], [ 365182.711401977634523, 6874612.72444886341691 ], [ 365182.667580133769661, 6874612.203263895586133 ], [ 365182.652077310951427, 6874612.03632749337703 ], [ 365182.599176060350146, 6874611.515985670499504 ], [ 365182.580765312479343, 6874611.349344907328486 ], [ 365182.518800737743732, 6874610.830004422925413 ], [ 365182.49748766067205, 6874610.663709947839379 ], [ 365182.427259466436226, 6874610.150883141905069 ], [ 365181.562469885568134, 6874604.217209357768297 ], [ 365181.498685278871562, 6874603.800130425952375 ], [ 365180.656508364598267, 6874598.541003819555044 ], [ 365180.569600022572558, 6874598.026939340867102 ], [ 365179.636157277913298, 6874592.783242242410779 ], [ 365179.540328656381462, 6874592.270765681751072 ], [ 365178.515901996928733, 6874587.044081778265536 ], [ 365178.411182038369589, 6874586.53334791585803 ], [ 365177.296080858504865, 6874581.325255753472447 ], [ 365177.18250118981814, 6874580.816418837755919 ], [ 365175.977062269113958, 6874575.628491349518299 ], [ 365175.854657193296589, 6874575.121705058030784 ], [ 365174.55924459482776, 6874569.9555090861395 ], [ 365174.428051079623401, 6874569.450926474295557 ], [ 365173.043056040070951, 6874564.308022299781442 ], [ 365172.903113709588069, 6874563.805795765481889 ], [ 365171.428954521135893, 6874558.687736631371081 ], [ 365171.280305639433209, 6874558.188017852604389 ], [ 365170.111521060229279, 6874554.380258698947728 ], [ 365170.40770733699901, 6874554.199783831834793 ], [ 365170.844105572614353, 6874553.928722896613181 ], [ 365171.142545858165249, 6874553.739791868254542 ], [ 365171.574238540895749, 6874553.461297942325473 ], [ 365171.869399876217358, 6874553.267284221947193 ], [ 365172.296260444505606, 6874552.981438952498138 ], [ 365172.588056275912095, 6874552.782399432733655 ], [ 365173.009959519607946, 6874552.489286665804684 ], [ 365173.298304280498996, 6874552.285279713571072 ], [ 365173.715126491675619, 6874551.984985396265984 ], [ 365173.999935627274681, 6874551.776070835068822 ], [ 365174.41155458195135, 6874551.468683021143079 ], [ 365174.692744574451353, 6874551.254922113381326 ], [ 365175.099039570137393, 6874550.940530940890312 ], [ 365175.376527962915134, 6874550.721986370161176 ], [ 365175.777379865001421, 6874550.400684025138617 ], [ 365176.051085286948364, 6874550.177419877611101 ], [ 365184.248739930335432, 6874539.670882882550359 ], [ 365184.336259777017403, 6874539.484304488636553 ], [ 365184.553534745180514, 6874539.010443760082126 ], [ 365184.637799398216885, 6874538.822372792288661 ], [ 365184.846807780559175, 6874538.344808226451278 ], [ 365184.92779179639183, 6874538.155301472172141 ], [ 365185.128470456635114, 6874537.674177329987288 ], [ 365185.206149382225703, 6874537.483292011544108 ], [ 365185.398437787080184, 6874536.998753418214619 ], [ 365185.472788167651743, 6874536.806547170504928 ], [ 365185.656628194381483, 6874536.318740582093596 ], [ 365185.727627579995897, 6874536.125271442346275 ], [ 365185.902963730448391, 6874535.634344126097858 ], [ 365185.970590682991315, 6874535.439670512452722 ], [ 365186.137370033073239, 6874534.945770650170743 ], [ 365186.201604132831562, 6874534.749951343052089 ], [ 365186.359776317200158, 6874534.253228084184229 ], [ 365186.420598168857396, 6874534.056322210468352 ], [ 365186.570115408336278, 6874533.556925605051219 ], [ 365186.627506646909751, 6874533.358992621302605 ], [ 365186.768323837954085, 6874532.857073313556612 ], [ 365186.822267134324647, 6874532.658172982744873 ], [ 365186.954341712931637, 6874532.153882684186101 ], [ 365187.004820779082365, 6874531.95407506544143 ], [ 365187.128112888080068, 6874531.447565963491797 ], [ 365187.175112481985707, 6874531.246911387890577 ], [ 365187.289584895246662, 6874530.738336412236094 ], [ 365187.333090825530235, 6874530.536895466037095 ], [ 365187.438708965666592, 6874530.026408238336444 ], [ 365187.47870809584856, 6874529.824241747148335 ], [ 365187.575440082058776, 6874529.311996358446777 ], [ 365187.611920334456954, 6874529.109165365807712 ], [ 365187.699736960290466, 6874528.5953164761886 ], [ 365187.732687319861725, 6874528.391882224939764 ], [ 365187.811562060960568, 6874527.87658503651619 ], [ 365187.840972578444052, 6874527.672608953900635 ], [ 365187.910881620831788, 6874527.156019053421915 ], [ 365187.936743415775709, 6874526.951562730595469 ], [ 365187.997665658069309, 6874526.433836041949689 ], [ 365188.01997092156671, 6874526.228961211629212 ], [ 365188.07188795885304, 6874525.710254140198231 ], [ 365188.090629955870099, 6874525.505022666417062 ], [ 365188.133526118355803, 6874524.985491774976254 ], [ 365188.148699189885519, 6874524.779965624213219 ], [ 365188.182561522175092, 6874524.259767815470695 ], [ 365188.194161086692475, 6874524.054009047336876 ], [ 365188.218979365425184, 6874523.533301375806332 ], [ 365188.227001920458861, 6874523.327372117899358 ], [ 365188.242768650990911, 6874522.806311829946935 ], [ 365188.247211774229072, 6874522.600274262018502 ], [ 365188.253922196454369, 6874522.079018665477633 ], [ 365188.254784546210431, 6874521.872935000807047 ], [ 365188.252436633687466, 6874521.35164150968194 ], [ 365188.24971794965677, 6874521.145573973655701 ], [ 365188.238312411529478, 6874520.624399983324111 ], [ 365188.232013514614664, 6874520.418410797603428 ], [ 365188.211553794331849, 6874519.897513662464917 ], [ 365188.201676586410031, 6874519.691665025427938 ], [ 365188.172168862074614, 6874519.171202044934034 ], [ 365188.158716325531714, 6874518.965556111186743 ], [ 365188.120169506117236, 6874518.44568442273885 ], [ 365188.103145702974871, 6874518.240303288213909 ], [ 365188.055571430013515, 6874517.721179895102978 ], [ 365188.034981500532012, 6874517.516125571914017 ], [ 365187.978394136531278, 6874516.997907192446291 ], [ 365187.954244297754485, 6874516.793241596780717 ], [ 365187.888660928059835, 6874516.276084702461958 ], [ 365187.860958471952472, 6874516.071869633160532 ], [ 365187.786398903524969, 6874515.555930408649147 ], [ 365187.755152194877155, 6874515.352227527648211 ], [ 365187.671638939355034, 6874514.837661746889353 ], [ 365187.636857412871905, 6874514.63453256059438 ], [ 365187.544415681390092, 6874514.121495563536882 ], [ 365187.506109839363489, 6874513.919001407921314 ], [ 365187.404767547152005, 6874513.407648124732077 ], [ 365187.362948955851607, 6874513.20585014205426 ], [ 365187.252736715076026, 6874512.696335030719638 ], [ 365187.207418001547921, 6874512.495294151827693 ], [ 365187.088369066244923, 6874511.987770946696401 ], [ 365187.039563914295286, 6874511.787547877058387 ], [ 365186.911714261048473, 6874511.282169952057302 ], [ 365186.859437407285441, 6874511.082825146615505 ], [ 365186.7228255996597, 6874510.579744943417609 ], [ 365186.667092828953173, 6874510.381338596343994 ], [ 365186.61930993682472, 6874510.213118183426559 ], [ 365177.907675601367373, 6874479.88030691165477 ], [ 365177.788204991433304, 6874479.47510056104511 ], [ 365168.709974684286863, 6874449.465212644077837 ], [ 365167.867592555703595, 6874447.055606269277632 ], [ 365166.973962950869463, 6874444.810878649353981 ], [ 365166.782888012414332, 6874444.342446188442409 ], [ 365165.85153294634074, 6874442.113106892444193 ], [ 365165.652586066338699, 6874441.647963107563555 ], [ 365164.683770394243766, 6874439.43464610632509 ], [ 365164.477008150599431, 6874438.972923277877271 ], [ 365163.471007380750962, 6874436.776257985271513 ], [ 365163.256488567800261, 6874436.318087407387793 ], [ 365162.213588782818988, 6874434.138698503375053 ], [ 365161.991374406556133, 6874433.684210472740233 ], [ 365160.911872182390653, 6874431.522717723622918 ], [ 365160.682025436020922, 6874431.072041487321258 ], [ 365159.566227757371962, 6874428.929059569723904 ], [ 365159.328813998785336, 6874428.482323280535638 ], [ 365158.177038172027096, 6874426.358461609110236 ], [ 365157.932124925602693, 6874425.915792325511575 ], [ 365156.744698488444556, 6874423.811654874123633 ], [ 365156.492355390801094, 6874423.373178460635245 ], [ 365155.269616018980742, 6874421.289363597519696 ], [ 365155.009914838359691, 6874420.855204760096967 ], [ 365153.752210249891505, 6874418.7923050718382 ], [ 365153.485224838543218, 6874418.362587274983525 ], [ 365152.192912694765255, 6874416.321189400739968 ], [ 365151.918718971486669, 6874415.896034835837781 ], [ 365150.592166775197256, 6874413.876719301566482 ], [ 365150.310842718579806, 6874413.456248880364001 ], [ 365148.950427709729411, 6874411.459589931182563 ], [ 365148.662053320964333, 6874411.043923223391175 ], [ 365147.749499845667742, 6874409.75195374339819 ], [ 365147.566304376407061, 6874409.323894720524549 ], [ 365146.902755692077335, 6874407.810050585307181 ], [ 365146.688622428337112, 6874407.332875872962177 ], [ 365145.99878328415798, 6874405.830829641781747 ], [ 365145.776363827695604, 6874405.357460486702621 ], [ 365145.060443895519711, 6874403.867668697610497 ], [ 365144.829805853776634, 6874403.398248987272382 ], [ 365144.088022732525133, 6874401.92116445209831 ], [ 365143.849236209702212, 6874401.455836868844926 ], [ 365143.081815359240863, 6874399.991908536292613 ], [ 365142.834952927136328, 6874399.530814502388239 ], [ 365142.042127599706873, 6874398.080487323924899 ], [ 365141.7872642907314, 6874397.623766987584531 ], [ 365140.96927546011284, 6874396.187481780536473 ], [ 365140.70648874755716, 6874395.735273974016309 ], [ 365140.217433730664197, 6874394.910337882116437 ], [ 365140.028485581278801, 6874394.201591708697379 ], [ 365139.891167692432646, 6874393.703765816055238 ], [ 365139.199700408033095, 6874391.278580584563315 ], [ 365139.053833652229514, 6874390.7831921428442 ], [ 365138.320723441720475, 6874388.370268639177084 ], [ 365138.166351039428264, 6874387.877464432269335 ], [ 365137.391815137001686, 6874385.477517652325332 ], [ 365137.228982835367788, 6874384.987443718127906 ], [ 365136.413250750571024, 6874382.601184809580445 ], [ 365136.242006797518115, 6874382.113986359909177 ], [ 365135.385320247034542, 6874379.742122416384518 ], [ 365135.205715385905933, 6874379.257943819276989 ], [ 365134.308328221843112, 6874376.901177668012679 ], [ 365132.947856289159972, 6874373.850744167342782 ], [ 365132.840035848261323, 6874373.641197634860873 ], [ 365132.599659804138355, 6874373.183759632520378 ], [ 365132.488246056367643, 6874372.976101323962212 ], [ 365132.240026651590597, 6874372.522871594876051 ], [ 365132.125052653544117, 6874372.317163120955229 ], [ 365131.869063503632788, 6874371.868276073597372 ], [ 365131.750563368143048, 6874371.664578467607498 ], [ 365131.486880335549358, 6874371.220167135819793 ], [ 365131.364889221498743, 6874371.01854083687067 ], [ 365131.09359067940386, 6874370.57873731199652 ], [ 365130.968144781654701, 6874370.379242140799761 ], [ 365130.689311163674574, 6874369.944176806136966 ], [ 365130.560447702067904, 6874369.7468719528988 ], [ 365130.274161663837731, 6874369.316673783585429 ], [ 365130.141918872075621, 6874369.121617790311575 ], [ 365129.848265457665548, 6874368.696414582431316 ], [ 365129.712682572309859, 6874368.50366532150656 ], [ 365129.411748906772118, 6874368.083583225496113 ], [ 365129.272866155195516, 6874367.893197884783149 ], [ 365128.96474144642707, 6874367.478361429646611 ], [ 365128.82260003517149, 6874367.290396497584879 ], [ 365128.507375782064628, 6874366.88092887122184 ], [ 365128.362017884501256, 6874366.695440116338432 ], [ 365128.039787576941308, 6874366.291462757624686 ], [ 365127.891256320755929, 6874366.108505214564502 ], [ 365127.562115550215822, 6874365.710137968882918 ], [ 365127.410455004719552, 6874365.529765921644866 ], [ 365127.074501481023617, 6874365.137127047404647 ], [ 365126.919756643823348, 6874364.959394011646509 ], [ 365126.577089966449421, 6874364.572599914856255 ], [ 365126.419306750409305, 6874364.397558624856174 ], [ 365126.070028713555075, 6874364.016724206507206 ], [ 365125.909253932943102, 6874363.84442659560591 ], [ 365125.553467947873287, 6874363.469664612784982 ], [ 365125.389749304624274, 6874363.300161804072559 ], [ 365125.027561245195102, 6874362.9315837752074 ], [ 365124.860947314591613, 6874362.764926057308912 ], [ 365124.492464334180113, 6874362.40264102537185 ], [ 365124.323004550591577, 6874362.238877847790718 ], [ 365123.948336148576345, 6874361.882993474602699 ], [ 365123.776080790790729, 6874361.722173425368965 ], [ 365123.3953380913008, 6874361.372795262373984 ], [ 365123.220338267507032, 6874361.214966056868434 ], [ 365122.833634307549801, 6874360.872197826392949 ], [ 365122.655941940087359, 6874360.717406291514635 ], [ 365122.263391287648119, 6874360.381349546834826 ], [ 365122.083059097989462, 6874360.229641610756516 ], [ 365121.684778390277643, 6874359.900396203622222 ], [ 365121.50185988296289, 6874359.751816877163947 ], [ 365121.097967173380312, 6874359.429480399005115 ], [ 365121.022485235531349, 6874359.3702971059829 ], [ 365120.948880770767573, 6874358.938881586305797 ], [ 365120.924003628315404, 6874358.800355855375528 ], [ 365120.827195916557685, 6874358.287022805772722 ], [ 365120.799910527130123, 6874358.148951238021255 ], [ 365120.694179307902232, 6874357.637381643988192 ], [ 365120.664493944612332, 6874357.499806103296578 ], [ 365120.549871279508807, 6874356.99015508685261 ], [ 365120.51779494289076, 6874356.853117285296321 ], [ 365120.394315578916576, 6874356.34553933981806 ], [ 365120.359857994713821, 6874356.209080828353763 ], [ 365120.227559354621917, 6874355.703729796223342 ], [ 365120.190730970469303, 6874355.567891950719059 ], [ 365120.049653219350148, 6874355.064921245910227 ], [ 365120.01046520168893, 6874354.929745250381529 ], [ 365119.860651053953916, 6874354.429307155311108 ], [ 365119.819115284713916, 6874354.294833997264504 ], [ 365119.660610194085166, 6874353.797080353833735 ], [ 365119.616739267017692, 6874353.663350805640221 ], [ 365119.449591293232515, 6874353.168432533740997 ], [ 365119.403398510126863, 6874353.035487142391503 ], [ 365119.227658329182304, 6874352.54355429019779 ], [ 365119.179157695849426, 6874352.41143336519599 ], [ 365118.994878600875381, 6874351.922635110095143 ], [ 365118.944084822782315, 6874351.79137871041894 ], [ 365118.751322686672211, 6874351.305863251909614 ], [ 365118.69825116469292, 6874351.175511174835265 ], [ 365118.497064387716819, 6874350.693425612524152 ], [ 365118.441731213300955, 6874350.564017382450402 ], [ 365118.232180866994895, 6874350.085508058778942 ], [ 365118.174602817220148, 6874349.957082911394536 ], [ 365117.956752426340245, 6874349.482294877059758 ], [ 365117.896946959139314, 6874349.354891750961542 ], [ 365117.670862500264775, 6874348.88396880030632 ], [ 365117.608847748779226, 6874348.757626325823367 ], [ 365117.37459786987165, 6874348.290711452253163 ], [ 365117.310392637096811, 6874348.165467935614288 ], [ 365117.068048309534788, 6874347.702702597714961 ], [ 365117.001672062790021, 6874347.578596013598144 ], [ 365116.751306788006332, 6874347.120120565406978 ], [ 365116.682779652706813, 6874346.997188542969525 ], [ 365116.424469275400043, 6874346.543141877278686 ], [ 365116.353812029119581, 6874346.421421690843999 ], [ 365116.087634998140857, 6874345.971941700205207 ], [ 365116.014869064383674, 6874345.851470254361629 ], [ 365115.740905955026392, 6874345.406693000346422 ], [ 365115.666053396649659, 6874345.287506823427975 ], [ 365115.384387415950187, 6874344.847567390650511 ], [ 365115.307470928470138, 6874344.729702618904412 ], [ 365115.01818728656508, 6874344.294734100811183 ], [ 365114.939230191230308, 6874344.178226472809911 ], [ 365114.642416799382772, 6874343.748361054807901 ], [ 365114.56144303624751, 6874343.633245894685388 ], [ 365114.257189737283625, 6874343.208613689988852 ], [ 365114.174223857815377, 6874343.094925901852548 ], [ 365113.862622987711802, 6874342.67565578315407 ], [ 365113.777690147398971, 6874342.563429837115109 ], [ 365113.458836119389161, 6874342.149648842401803 ], [ 365113.371962070115842, 6874342.038918766193092 ], [ 365113.04595170984976, 6874341.630752541124821 ], [ 365112.957162792037707, 6874341.521551907062531 ], [ 365112.624094723141752, 6874341.11912393104285 ], [ 365112.533417857834138, 6874341.011485850438476 ], [ 365112.193393253663089, 6874340.614918367005885 ], [ 365112.100855934375431, 6874340.508875475265086 ], [ 365111.753977780404966, 6874340.118288595229387 ], [ 365111.659608064743225, 6874340.01387304533273 ], [ 365111.305981629469898, 6874339.629385299049318 ], [ 365111.209808130515739, 6874339.526628749445081 ], [ 365110.849540554452688, 6874339.148356627672911 ], [ 365110.751592432381585, 6874339.047290234826505 ], [ 365110.384792902041227, 6874338.67534838616848 ], [ 365110.285099854925647, 6874338.576002794317901 ], [ 365109.91187976510264, 6874338.21050417330116 ], [ 365109.810472020122688, 6874338.112909503281116 ], [ 365109.430944340536371, 6874337.753964741714299 ], [ 365109.327852644899394, 6874337.658150585368276 ], [ 365108.942132686031982, 6874337.305868735536933 ], [ 365108.837388297426514, 6874337.211864142678678 ], [ 365108.445592659525573, 6874336.866351700387895 ], [ 365108.339227336633485, 6874336.774185175076127 ], [ 365107.941475126834121, 6874336.435547181405127 ], [ 365107.833521120075602, 6874336.345246667973697 ], [ 365107.429932853439823, 6874336.013585719279945 ], [ 365107.32042289461242, 6874335.925178596749902 ], [ 365106.911120800068602, 6874335.60059514362365 ], [ 365106.800088093033992, 6874335.514108218252659 ], [ 365106.385196479270235, 6874335.196700838394463 ], [ 365106.272674689418636, 6874335.112160332500935 ], [ 365105.852319268975407, 6874334.80202519800514 ], [ 365105.738342513155658, 6874334.719456744380295 ], [ 365105.312650621985085, 6874334.416687806136906 ], [ 365105.197253458376508, 6874334.336116440594196 ], [ 365104.766354396997485, 6874334.040805661119521 ], [ 365104.649571814341471, 6874333.962255812250078 ], [ 365104.213595934794284, 6874333.674492527730763 ], [ 365104.095463341800496, 6874333.59798801317811 ], [ 365097.747925985662732, 6874330.480273030698299 ], [ 365090.846935900335666, 6874328.935050379484892 ], [ 365089.721638288756367, 6874328.819710426032543 ], [ 365089.212759028188884, 6874328.771928513422608 ], [ 365088.08565973083023, 6874328.675776585005224 ], [ 365087.576040331099648, 6874328.63667120039463 ], [ 365086.447466508951038, 6874328.559735205024481 ], [ 365085.937254819960799, 6874328.529317694716156 ], [ 365084.807534061721526, 6874328.47161996550858 ], [ 365084.296878205379471, 6874328.449899159371853 ], [ 365083.166338432929479, 6874328.411456444300711 ], [ 365082.655386654252652, 6874328.398438648320735 ], [ 365081.524356027017348, 6874328.379262105561793 ], [ 365081.013256620673928, 6874328.37495109718293 ], [ 365079.882063440745696, 6874328.375046293251216 ], [ 365079.370964775327593, 6874328.379443325102329 ], [ 365078.239937391772401, 6874328.398810232058167 ], [ 365077.728987786686048, 6874328.411914027296007 ], [ 365076.598454500548542, 6874328.450547024607658 ], [ 365076.08780232432764, 6874328.472353778779507 ], [ 365074.958091293286998, 6874328.530241651460528 ], [ 365074.447884741821326, 6874328.560745035298169 ], [ 365073.319323884788901, 6874328.637870980426669 ], [ 365072.809711055015214, 6874328.677062139846385 ], [ 365071.682627957081422, 6874328.773403770290315 ], [ 365071.173756748787127, 6874328.821271331980824 ], [ 365070.048478566051926, 6874328.93680068384856 ], [ 365069.540496753994375, 6874328.993330746889114 ], [ 365068.417350118805189, 6874329.128014284186065 ], [ 365067.910405085189268, 6874329.193190447054803 ], [ 365066.78971601097146, 6874329.346989076584578 ], [ 365065.677657182968687, 6874329.520916667766869 ], [ 365064.572151998989284, 6874329.715131714008749 ], [ 365064.086786253377795, 6874329.80452240165323 ], [ 365062.98462557856692, 6874330.016897170804441 ], [ 365062.500795995350927, 6874330.114260229282081 ], [ 365061.402278111781925, 6874330.344737246632576 ], [ 365060.920115670538507, 6874330.450046319514513 ], [ 365059.825537874596193, 6874330.698563209734857 ], [ 365059.345173083595, 6874330.811789790168405 ], [ 365058.254831605183426, 6874331.078279295004904 ], [ 365057.776394403190352, 6874331.199392757378519 ], [ 365056.690584325930104, 6874331.483782757073641 ], [ 365056.214204226271249, 6874331.612750316038728 ], [ 365055.133219407172874, 6874331.914963845163584 ], [ 365054.659025370667223, 6874332.051750586368144 ], [ 365053.583158361085225, 6874332.371705854311585 ], [ 365053.111278662341647, 6874332.516274775378406 ], [ 365052.040820628404617, 6874332.853885192424059 ], [ 365051.57138300902443, 6874333.006197159178555 ], [ 365050.506623653171118, 6874333.361371356062591 ], [ 365050.039755161793437, 6874333.521385145373642 ], [ 365048.980982644134201, 6874333.894026999361813 ], [ 365048.516809588938486, 6874334.061699321493506 ], [ 365047.464310449257027, 6874334.451707984320819 ], [ 365047.002958502562251, 6874334.626993441954255 ], [ 365045.957017582957633, 6874335.034263363108039 ], [ 365045.498611581337173, 6874335.21711452677846 ], [ 365044.459511948982254, 6874335.641535485163331 ], [ 365039.508908862131648, 6874338.225006964057684 ], [ 365038.844625685887877, 6874338.654718166217208 ], [ 365038.387410151481163, 6874338.939685430377722 ], [ 365037.925464649975765, 6874339.216919358819723 ], [ 365037.458919821074232, 6874339.486341547220945 ], [ 365036.987907866190653, 6874339.74787565227598 ], [ 365036.512562088610139, 6874340.00144765432924 ], [ 365036.033017120615114, 6874340.246985737234354 ], [ 365035.549408626393415, 6874340.484420434571803 ], [ 365035.061873695638496, 6874340.713684442453086 ], [ 365034.660469272348564, 6874340.8942616218701 ], [ 365034.274577245581895, 6874341.060047919861972 ], [ 365033.982363557908684, 6874341.188584824092686 ], [ 365033.510512249078602, 6874341.401014973409474 ], [ 365033.220559061155654, 6874341.53457291610539 ], [ 365032.752442069584504, 6874341.755110007710755 ], [ 365032.464835649123415, 6874341.893649251200259 ], [ 365032.00059209234314, 6874342.122227743268013 ], [ 365031.715418008563574, 6874342.26570707000792 ], [ 365031.255186130991206, 6874342.502258896827698 ], [ 365030.972529229649808, 6874342.650635617785156 ], [ 365030.516445925633889, 6874342.895090415142477 ], [ 365030.236390303471126, 6874343.048320384696126 ], [ 365029.784591172123328, 6874343.300605475902557 ], [ 365029.507220151950605, 6874343.458643105812371 ], [ 365029.05983975646086, 6874343.718683349899948 ], [ 365028.785235862364061, 6874343.881481619551778 ], [ 365028.342407248914242, 6874344.149199682287872 ], [ 365028.070652181748301, 6874344.316710155457258 ], [ 365027.632507079513744, 6874344.592026397585869 ], [ 365027.363681692513637, 6874344.764199236407876 ], [ 365026.930350499693304, 6874345.047031721100211 ], [ 365026.664534774317872, 6874345.223815700039268 ], [ 365026.236146339622792, 6874345.514080328866839 ], [ 365025.973419362155255, 6874345.695422851480544 ], [ 365025.550101256696507, 6874345.993033185601234 ], [ 365025.290541194146499, 6874346.178880297578871 ], [ 365024.872419231454842, 6874346.483747885562479 ], [ 365024.616103308915626, 6874346.674044294282794 ], [ 365024.203302051173523, 6874346.986078311689198 ], [ 365023.950306528247893, 6874347.180767398327589 ], [ 365023.542948656307999, 6874347.499875111505389 ], [ 365023.293348804872949, 6874347.698898952454329 ], [ 365022.891555532347411, 6874348.024985409341753 ], [ 365022.645425613969564, 6874348.228284791111946 ], [ 365022.249316595611162, 6874348.561252880841494 ], [ 365022.006729839427862, 6874348.768767315894365 ], [ 365021.616422793245874, 6874349.108518084511161 ], [ 365021.377451374253724, 6874349.320185833610594 ], [ 365020.993062484660186, 6874349.666618147864938 ], [ 365020.757777502236422, 6874349.882376234978437 ], [ 365020.379421100660693, 6874350.235387053340673 ], [ 365020.147892557375599, 6874350.455171286128461 ], [ 365019.775681299623102, 6874350.814655498601496 ], [ 365019.547978080343455, 6874351.038400485180318 ], [ 365019.182022597873583, 6874351.404251242987812 ], [ 365018.958212449448183, 6874351.631890415214002 ], [ 365018.598621710843872, 6874352.003998780623078 ], [ 365018.378771221789066, 6874352.235464409925044 ], [ 365018.025652151962277, 6874352.613719736225903 ], [ 365017.809826732729562, 6874352.848942956887186 ], [ 365017.463284418510739, 6874353.233232676051557 ], [ 365017.251548281987198, 6874353.472143503837287 ], [ 365016.911685822647996, 6874353.862353288568556 ], [ 365016.704101965122391, 6874354.104880642145872 ], [ 365016.371020470687654, 6874354.50089440215379 ], [ 365016.167650652932934, 6874354.746966124512255 ], [ 365015.841449241212104, 6874355.148666016757488 ], [ 365015.642353970382828, 6874355.39820889569819 ], [ 365015.323129700613208, 6874355.805475394241512 ], [ 365015.128368211968336, 6874356.058415184728801 ], [ 365014.816216017177794, 6874356.471127173863351 ], [ 365014.625846256676596, 6874356.727388621307909 ], [ 365014.320859043276869, 6874357.145423267036676 ], [ 365014.134937650116626, 6874357.40493012778461 ], [ 365013.837206160475034, 6874357.828163051046431 ], [ 365013.655788450443652, 6874358.090838115662336 ], [ 365013.365401261253282, 6874358.519143401645124 ], [ 365013.188541210198309, 6874358.784908518195152 ], [ 365012.905584662337787, 6874359.218158821575344 ], [ 365012.733334890101105, 6874359.48693492077291 ], [ 365012.457893276528921, 6874359.92500117700547 ], [ 365012.290305031288881, 6874360.196708289906383 ], [ 365012.022460242267698, 6874360.639460254460573 ], [ 365011.859583385230508, 6874360.914017542265356 ], [ 365011.599415074393619, 6874361.361323550343513 ], [ 365011.441298065125011, 6874361.638649327680469 ], [ 365011.1888837206061, 6874362.090376153588295 ], [ 365011.035573602421209, 6874362.37038790807128 ], [ 365010.790988255757838, 6874362.826401271857321 ], [ 365010.642530641867779, 6874363.109015694819391 ], [ 365010.405847094370984, 6874363.569179865531623 ], [ 365010.262286154262256, 6874363.854312872514129 ], [ 365010.033574813802261, 6874364.31849096249789 ], [ 365009.89495326008182, 6874364.606057720258832 ], [ 365009.674282185966149, 6874365.074111598543823 ], [ 365009.54064126155572, 6874365.364026549272239 ], [ 365009.443567954411265, 6874365.579481691122055 ], [ 365009.342923277348746, 6874365.620214865542948 ], [ 365008.880843497929163, 6874365.797939417883754 ], [ 365008.415742437588051, 6874365.967599987052381 ], [ 365007.947760774346534, 6874366.129145259037614 ], [ 365007.477040063997265, 6874366.282526367343962 ], [ 365007.003722799709067, 6874366.427696881815791 ], [ 365006.527952124364674, 6874366.564612898975611 ], [ 365006.049872007628437, 6874366.693232988938689 ], [ 365005.569627124466933, 6874366.813518229871988 ], [ 365005.08736264979234, 6874366.925432257354259 ], [ 365004.603224676509853, 6874367.028941171243787 ], [ 365003.86129669949878, 6874367.174119232222438 ], [ 364998.880370794679038, 6874368.604870760813355 ], [ 364995.773863248876296, 6874369.796193582005799 ], [ 364992.88945051014889, 6874370.845885990187526 ], [ 364989.987435678776819, 6874371.84588663559407 ], [ 364987.068674852140248, 6874372.795900517143309 ], [ 364984.134028880216647, 6874373.695647440850735 ], [ 364981.184363508946262, 6874374.544861974194646 ], [ 364978.220548740762752, 6874375.343293640762568 ], [ 364975.243458719167393, 6874376.090706951916218 ], [ 364972.253971772035584, 6874376.78688140027225 ], [ 364969.252969558176119, 6874377.431611669249833 ], [ 364966.818481530935969, 6874377.911047658883035 ], [ 364964.874621461029164, 6874378.181157157756388 ], [ 364964.37860394991003, 6874378.254311383701861 ], [ 364961.60378301423043, 6874378.687272606417537 ], [ 364961.109057332389057, 6874378.7687061522156 ], [ 364958.341859650739934, 6874379.247980224899948 ], [ 364957.848564003943466, 6874379.337670342996716 ], [ 364955.089762500487268, 6874379.863123395480216 ], [ 364954.598034667316824, 6874379.961045033298433 ], [ 364951.84839992102934, 6874380.532530297525227 ], [ 364951.358377233205829, 6874380.638656108640134 ], [ 364949.617829258029815, 6874381.030867288820446 ], [ 364949.342054061125964, 6874381.079125753603876 ], [ 364949.231726976169739, 6874381.099418999627233 ], [ 364948.721191175282001, 6874381.197906848043203 ], [ 364948.611232362396549, 6874381.220109121873975 ], [ 364948.10247988399351, 6874381.327430315315723 ], [ 364947.992922373174224, 6874381.351534948684275 ], [ 364947.486106611904688, 6874381.467657125554979 ], [ 364947.376983312657103, 6874381.493656876496971 ], [ 364946.872255980153568, 6874381.618545273318887 ], [ 364946.763599671481643, 6874381.64643233269453 ], [ 364946.261112449807115, 6874381.780049426481128 ], [ 364946.152955770434346, 6874381.809815417975187 ], [ 364945.65286005102098, 6874381.952120946720243 ], [ 364945.545235489669722, 6874381.983756927773356 ], [ 364945.047681002644822, 6874382.134708281606436 ], [ 364944.940620888140984, 6874382.168204749934375 ], [ 364944.445757305307779, 6874382.327756523154676 ], [ 364944.339293796918355, 6874382.363103416748345 ], [ 364943.847269805381075, 6874382.531207667663693 ], [ 364943.741434883151669, 6874382.568394368514419 ], [ 364943.252397965232376, 6874382.745000713504851 ], [ 364943.147223420441151, 6874382.784016052260995 ], [ 364942.661320959683508, 6874382.969071264378726 ], [ 364942.556838385236915, 6874383.009903520345688 ], [ 364942.074215904111043, 6874383.203352177515626 ], [ 364941.970456684997771, 6874383.24598908610642 ], [ 364941.49125935556367, 6874383.447773003950715 ], [ 364941.388254659541417, 6874383.492201757617295 ], [ 364940.912626646575518, 6874383.702260222285986 ], [ 364940.810407414741348, 6874383.748467474244535 ], [ 364940.338491244590841, 6874383.966737536713481 ], [ 364940.33571470080642, 6874383.968051066622138 ], [ 364939.522140524175484, 6874383.069331394508481 ], [ 364939.167737221112475, 6874382.684632158838212 ], [ 364937.653896139818244, 6874381.069860206916928 ], [ 364937.292839549889322, 6874380.691398380324244 ], [ 364935.751075373787899, 6874379.103265357203782 ], [ 364935.383475273672957, 6874378.731156007386744 ], [ 364933.814256690966431, 6874377.170144695788622 ], [ 364933.440224816615228, 6874376.804500928148627 ], [ 364931.844028861320112, 6874375.271085867658257 ], [ 364930.629946042841766, 6874374.166994059458375 ], [ 364929.691024607629515, 6874373.358931202441454 ], [ 364929.297600163321476, 6874373.026177080348134 ], [ 364928.344938587921206, 6874372.234359572641551 ], [ 364927.945857058803085, 6874371.908411674201488 ], [ 364926.979736387031153, 6874371.133073109202087 ], [ 364926.575115504849236, 6874370.81402758974582 ], [ 364925.595820750924759, 6874370.055396699346602 ], [ 364925.185779877589084, 6874369.743347678333521 ], [ 364924.193599942256697, 6874369.001648265868425 ], [ 364923.778260055114515, 6874368.696687807328999 ], [ 364922.773487640486564, 6874367.972138680517673 ], [ 364922.352971273707226, 6874367.674356755800545 ], [ 364921.335902796650771, 6874366.96717166248709 ], [ 364920.910333987558261, 6874366.676656105555594 ], [ 364919.881269492441788, 6874365.987043672241271 ], [ 364919.45077378017595, 6874365.703880184330046 ], [ 364918.410016850219108, 6874365.032043853774667 ], [ 364917.974721270729788, 6874364.756315992213786 ], [ 364916.922578938654624, 6874364.102453961037099 ], [ 364916.48261188226752, 6874363.83424305357039 ], [ 364915.419394539552741, 6874363.198548217304051 ], [ 364915.282512635283638, 6874363.118294554762542 ], [ 364915.355327755154576, 6874363.062181648798287 ], [ 364915.649108175479341, 6874362.843779099173844 ], [ 364915.946621021837927, 6874362.630488869734108 ], [ 364916.247777292097453, 6874362.422374765388668 ], [ 364916.552487085806206, 6874362.219498912803829 ], [ 364916.860659079276957, 6874362.021922115236521 ], [ 364917.172201316687278, 6874361.829703328199685 ], [ 364917.487020552973263, 6874361.642900083214045 ], [ 364917.80502271495061, 6874361.46156819909811 ], [ 364918.126112665690016, 6874361.285761926323175 ], [ 364918.450194462842774, 6874361.115533795207739 ], [ 364918.777171153109521, 6874360.950934732332826 ], [ 364919.106944971019402, 6874360.792013951577246 ], [ 364919.446224149374757, 6874360.635682549327612 ], [ 364923.169526600686368, 6874358.995298299007118 ], [ 364926.940583362302277, 6874357.401415040716529 ], [ 364930.735273086116649, 6874355.864644581452012 ], [ 364933.669129308080301, 6874354.727742633782327 ], [ 364934.451597824459895, 6874354.492998355068266 ], [ 364934.949764091928955, 6874354.338814161717892 ], [ 364936.846573596820235, 6874353.733630552887917 ], [ 364937.341984549188055, 6874353.570810510776937 ], [ 364939.227988158992957, 6874352.932747910730541 ], [ 364939.720494132721797, 6874352.761341210454702 ], [ 364941.595121975929942, 6874352.090592414140701 ], [ 364942.084574127395172, 6874351.910650854930282 ], [ 364943.947259769833181, 6874351.207418535836041 ], [ 364944.433510231145192, 6874351.018996482715011 ], [ 364946.283690847107209, 6874350.283493127673864 ], [ 364946.766592705796938, 6874350.086647506803274 ], [ 364948.603709248011, 6874349.31909535266459 ], [ 364949.083116542315111, 6874349.113885662518442 ], [ 364950.906613910919987, 6874348.314516633749008 ], [ 364951.382381827454083, 6874348.101004863157868 ], [ 364953.191709037811961, 6874347.270060494542122 ], [ 364953.663693799811881, 6874347.04831116553396 ], [ 364955.458304148807656, 6874346.186042534187436 ], [ 364956.864642227999866, 6874345.464122349396348 ], [ 364956.985935240401886, 6874345.397764024324715 ], [ 364957.442983407818247, 6874345.142510735429823 ], [ 364957.563100055092946, 6874345.074046050198376 ], [ 364958.015624757215846, 6874344.810856460593641 ], [ 364958.134528464346658, 6874344.740306261926889 ], [ 364958.58239188848529, 6874344.469260520301759 ], [ 364958.70004644972505, 6874344.39664629008621 ], [ 364959.143111922952812, 6874344.117827116511762 ], [ 364959.259481512766797, 6874344.043170967139304 ], [ 364959.697614486853126, 6874343.756663035601377 ], [ 364959.812663671153132, 6874343.679987698793411 ], [ 364960.245730776223354, 6874343.385878214612603 ], [ 364960.359424522728659, 6874343.30720703676343 ], [ 364960.787293393455911, 6874343.005585899576545 ], [ 364960.89959708286915, 6874342.924942838028073 ], [ 364961.322138080198783, 6874342.615901435725391 ], [ 364961.433017516392283, 6874342.533311043865979 ], [ 364961.850101417105179, 6874342.216943885199726 ], [ 364961.959522837540135, 6874342.1324313133955 ], [ 364962.371023070067167, 6874341.808834410272539 ], [ 364962.478953156329226, 6874341.722425390966237 ], [ 364962.884744186070748, 6874341.391697455197573 ], [ 364962.991150073707104, 6874341.303418300114572 ], [ 364963.39110838517081, 6874340.965660003013909 ], [ 364963.495957673934754, 6874340.875537592917681 ], [ 364963.889961447915994, 6874340.530851809307933 ], [ 364963.993222211487591, 6874340.438913586549461 ], [ 364964.381151540437713, 6874340.08740521594882 ], [ 364964.482792336319108, 6874339.993679175153375 ], [ 364964.864529071550351, 6874339.635455274023116 ], [ 364964.964518950262573, 6874339.539969954639673 ], [ 364965.339946942403913, 6874339.175139512866735 ], [ 364965.438255457498599, 6874339.07792398892343 ], [ 364965.807260186353233, 6874338.706598294898868 ], [ 364965.903857403027359, 6874338.607682169415057 ], [ 364966.266326587297954, 6874338.229974218644202 ], [ 364966.361183092114516, 6874338.129387611523271 ], [ 364966.717006495979149, 6874337.745412271469831 ], [ 364966.810093405307271, 6874337.643185810185969 ], [ 364967.1591625729925, 6874337.253060111775994 ], [ 364967.250451542262454, 6874337.149224923923612 ], [ 364967.592660208232701, 6874336.753067631274462 ], [ 364967.682123440084979, 6874336.647655334323645 ], [ 364968.017367259715684, 6874336.245587249286473 ], [ 364968.104977513023186, 6874336.138629942201078 ], [ 364968.433154696598649, 6874335.730773139744997 ], [ 364968.518885294150095, 6874335.622303389012814 ], [ 364968.839895682467613, 6874335.208782341331244 ], [ 364968.923720519640483, 6874335.09883317630738 ], [ 364969.237466360558756, 6874334.679773815907538 ], [ 364969.319359912944492, 6874334.56837871670723 ], [ 364969.625745873316191, 6874334.143908373080194 ], [ 364969.705683204520028, 6874334.031101257540286 ], [ 364970.004615749174263, 6874333.601349512115121 ], [ 364970.082572518556844, 6874333.487164731137455 ], [ 364970.373960791679565, 6874333.052262206561863 ], [ 364970.449913261632901, 6874332.936734528280795 ], [ 364970.733668415690772, 6874332.496813829988241 ], [ 364970.807593458914198, 6874332.379978433251381 ], [ 364971.083629295637365, 6874331.935173193924129 ], [ 364971.155504402180668, 6874331.81706565245986 ], [ 364971.423736583325081, 6874331.36751177534461 ], [ 364971.493539867457002, 6874331.248168054968119 ], [ 364971.753886954975314, 6874330.794002033770084 ], [ 364971.821597161702812, 6874330.673458472825587 ], [ 364972.073979723325465, 6874330.214818871580064 ], [ 364972.139576235204004, 6874330.093112176284194 ], [ 364972.383917545841541, 6874329.630138424225152 ], [ 364972.447380388854071, 6874329.507305652834475 ], [ 364972.683605952654034, 6874329.040138900279999 ], [ 364972.744915802613832, 6874328.916217455640435 ], [ 364972.972953702381346, 6874328.444999935105443 ], [ 364973.032091890578158, 6874328.320027551613748 ], [ 364973.25187277700752, 6874327.844902561977506 ], [ 364973.308821296086535, 6874327.718917291611433 ], [ 364973.520278149691876, 6874327.24002971034497 ], [ 364973.575019658950623, 6874327.113069916144013 ], [ 364973.778088114282582, 6874326.630565519444644 ], [ 364973.830605945084244, 6874326.502669860608876 ], [ 364974.025224190903828, 6874326.01669551525265 ], [ 364974.075502351799514, 6874325.887902935035527 ], [ 364974.261611089808866, 6874325.39860671479255 ], [ 364974.309634271194227, 6874325.268956431187689 ], [ 364974.487176885944791, 6874324.776487181894481 ], [ 364974.532930464949459, 6874324.646018671803176 ], [ 364974.701852864178363, 6874324.150526429526508 ], [ 364974.745322908915114, 6874324.019279420375824 ], [ 364974.905573643627577, 6874323.520915100350976 ], [ 364974.94674691761611, 6874323.388929557055235 ], [ 364975.098277219105512, 6874322.887844827026129 ], [ 364975.137141185230576, 6874322.75516093801707 ], [ 364975.279904875496868, 6874322.251508503220975 ], [ 364975.316447699733544, 6874322.118166672065854 ], [ 364975.45040135999443, 6874321.612099708989263 ], [ 364975.484611915249843, 6874321.478140535764396 ], [ 364975.609714716905728, 6874320.96981328446418 ], [ 364975.641582586162258, 6874320.835277560167015 ], [ 364975.757796447724104, 6874320.324844761751592 ], [ 364975.787311927240808, 6874320.189773452468216 ], [ 364975.894601460895501, 6874319.677390538156033 ], [ 364975.921755563293118, 6874319.541824772953987 ], [ 364976.020088109013159, 6874319.02764771413058 ], [ 364976.044872566009872, 6874318.891628771089017 ], [ 364976.134218169841915, 6874318.375814191065729 ], [ 364976.156625434639864, 6874318.239383487962186 ], [ 364976.23695689055603, 6874317.722088462673128 ], [ 364976.256980140227824, 6874317.585287543013692 ], [ 364976.328272995713633, 6874317.066669535823166 ], [ 364976.345906133181415, 6874316.929540054872632 ], [ 364976.408138675789814, 6874316.409757008776069 ], [ 364976.42337633180432, 6874316.272340722382069 ], [ 364976.476529614825267, 6874315.751550880260766 ], [ 364976.489367149595637, 6874315.61388962995261 ], [ 364976.533424982917495, 6874315.092251622118056 ], [ 364976.54385848750826, 6874314.954387325793505 ], [ 364976.578807458397932, 6874314.432059966027737 ], [ 364976.586833755776752, 6874314.294034603983164 ], [ 364976.612663223582786, 6874313.771176909096539 ], [ 364976.618279869726393, 6874313.633032508194447 ], [ 364976.634981966693886, 6874313.10980374738574 ], [ 364976.638187251461204, 6874312.971582372672856 ], [ 364976.645756893791258, 6874312.448141819797456 ], [ 364976.646549841098022, 6874312.309885560534894 ], [ 364976.644984723359812, 6874311.786392626352608 ], [ 364976.64336509181885, 6874311.648143579252064 ], [ 364976.632665690267459, 6874311.124757634475827 ], [ 364976.628633972955868, 6874310.986557897180319 ], [ 364976.608803545706905, 6874310.463438341394067 ], [ 364976.602360970340669, 6874310.325329995714128 ], [ 364976.573405557079241, 6874309.802636131644249 ], [ 364976.564554085431155, 6874309.664661229588091 ], [ 364976.526482499495614, 6874309.142552157863975 ], [ 364976.515224826696794, 6874309.004752713255584 ], [ 364976.468048667011317, 6874308.483387496322393 ], [ 364976.454388221143745, 6874308.345805468037724 ], [ 364976.398121842357796, 6874307.82534275110811 ], [ 364976.382062782824505, 6874307.688020033761859 ], [ 364976.316723329538945, 6874307.168618406169116 ], [ 364976.298270546423737, 6874307.031596813350916 ], [ 364976.223877908370923, 6874306.513414376415312 ], [ 364976.203037020401098, 6874306.376735630445182 ], [ 364976.119613843038678, 6874305.859930130653083 ], [ 364976.096391196246259, 6874305.723635851405561 ], [ 364976.005404633237049, 6874305.216022820211947 ], [ 364975.756084644235671, 6874303.890763131901622 ], [ 364975.609694986778777, 6874303.108437734656036 ], [ 364975.511279619648121, 6874302.606225450523198 ], [ 364975.348635335918516, 6874301.812202638015151 ], [ 364975.241667455178685, 6874301.311742215417325 ], [ 364975.065502243232913, 6874300.520609351806343 ], [ 364974.950012978515588, 6874300.022046432830393 ], [ 364974.760378102946561, 6874299.234033739194274 ], [ 364974.63640105543891, 6874298.737513381056488 ], [ 364974.433351700659841, 6874297.952850174158812 ], [ 364974.300922959577292, 6874297.458516910672188 ], [ 364974.084518213465344, 6874296.677431526593864 ], [ 364973.943676301743835, 6874296.185429155826569 ], [ 364973.713979138818104, 6874295.408148895949125 ], [ 364973.564765056129545, 6874294.918620645068586 ], [ 364973.32184231892461, 6874294.145371697843075 ], [ 364973.164299475145526, 6874293.658459979109466 ], [ 364972.908221855002921, 6874292.889467364177108 ], [ 364972.742396106768865, 6874292.405313906259835 ], [ 364972.473238122940529, 6874291.640801400877535 ], [ 364972.299177710723598, 6874291.15954704862088 ], [ 364972.017017689126078, 6874290.399737130850554 ], [ 364971.834773285256233, 6874289.921521987766027 ], [ 364971.539693335245829, 6874289.166635761968791 ], [ 364971.349317955318838, 6874288.691598941572011 ], [ 364971.04140394605929, 6874287.941856083460152 ], [ 364970.842952993232757, 6874287.470135832205415 ], [ 364970.522294528665952, 6874286.725754519924521 ], [ 364970.315825767931528, 6874286.257488144561648 ], [ 364969.98251616070047, 6874285.518684993498027 ], [ 364969.76808965834789, 6874285.054008724167943 ], [ 364969.42222590255551, 6874284.320998729206622 ], [ 364969.199904060864355, 6874283.860047794878483 ], [ 364968.841586803842802, 6874283.133044264279306 ], [ 364968.611434323014691, 6874282.675952810794115 ], [ 364968.240767836279701, 6874281.955167304724455 ], [ 364968.002851690980606, 6874281.502068347297609 ], [ 364967.61994383961428, 6874280.787710616365075 ], [ 364967.374333251325879, 6874280.338735984638333 ], [ 364966.979295462602749, 6874279.631013910286129 ], [ 364966.726061936758924, 6874279.186294313520193 ], [ 364966.31900916795712, 6874278.485413842834532 ], [ 364966.058226354653016, 6874278.045078624039888 ], [ 364965.639277059352025, 6874277.351243717595935 ], [ 364965.371020889200736, 6874276.915421086363494 ], [ 364964.940296982997097, 6874276.228833650238812 ], [ 364964.664645473007113, 6874275.79765035584569 ], [ 364964.222272297774907, 6874275.118510191328824 ], [ 364963.939305716427043, 6874274.692091793753207 ], [ 364963.485412004170939, 6874274.020596530288458 ], [ 364963.195212645165157, 6874273.599067042581737 ], [ 364962.729930480360053, 6874272.935412089340389 ], [ 364962.432582825887948, 6874272.518894225358963 ], [ 364961.956047607003711, 6874271.863272706978023 ], [ 364961.651638164767064, 6874271.451887646690011 ], [ 364961.163988565152977, 6874270.80449035204947 ], [ 364960.852605954336468, 6874270.398357855156064 ], [ 364960.353983881359454, 6874269.759373176842928 ], [ 364960.035718660452403, 6874269.358611357398331 ], [ 364959.526269214751665, 6874268.72822524420917 ], [ 364959.20121405494865, 6874268.332950796931982 ], [ 364958.681085487885866, 6874267.711346691474319 ], [ 364958.349334954051301, 6874267.321674605831504 ], [ 364957.818678624636959, 6874266.70903339702636 ], [ 364957.480329232173972, 6874266.325077041983604 ], [ 364956.93929956300417, 6874265.721577011980116 ], [ 364956.594449844444171, 6874265.343448201194406 ], [ 364956.0432042767643, 6874264.749264967627823 ], [ 364955.691954490845092, 6874264.377073635347188 ], [ 364955.130653438915033, 6874263.792380110360682 ], [ 364954.773105890897568, 6874263.426234660670161 ], [ 364954.201912694959901, 6874262.851200989447534 ], [ 364953.83817138010636, 6874262.491207918152213 ], [ 364953.800305172044318, 6874262.454365910962224 ], [ 364938.899443303293083, 6874244.272086808457971 ], [ 364932.639901829184964, 6874238.530986986123025 ], [ 364932.351047737989575, 6874238.333292428404093 ], [ 364932.274285920488182, 6874238.278810079209507 ], [ 364932.198464647924993, 6874238.223026200197637 ], [ 364932.123605974309612, 6874238.165957015939057 ], [ 364932.04973178851651, 6874238.107619216665626 ], [ 364931.976863405085169, 6874238.048029631376266 ], [ 364931.905022229882888, 6874237.987205767072737 ], [ 364931.834229049622081, 6874237.92516522295773 ], [ 364931.764504456950817, 6874237.861926043406129 ], [ 364931.695868839160539, 6874237.797506721690297 ], [ 364931.628342045412865, 6874237.731925887055695 ], [ 364931.561943831096869, 6874237.66520272474736 ], [ 364931.496693487220909, 6874237.597356621176004 ], [ 364931.432609961368144, 6874237.528407277539372 ], [ 364931.369711958337575, 6874237.458374816924334 ], [ 364931.308017752482556, 6874237.387279589660466 ], [ 364931.247545329679269, 6874237.315142321400344 ], [ 364931.188312222133391, 6874237.241983924992383 ], [ 364931.130335723224562, 6874237.167825759388506 ], [ 364931.073632712010294, 6874237.092689415439963 ], [ 364931.018219659104943, 6874237.016596718691289 ], [ 364930.964112695422955, 6874236.939569819718599 ], [ 364930.911327584413812, 6874236.861631158739328 ], [ 364930.902111011964735, 6874236.847509657032788 ], [ 364930.882771874952596, 6874236.800409608520567 ], [ 364930.681767284870148, 6874236.322655658237636 ], [ 364930.59138173435349, 6874236.112912031821907 ], [ 364930.382153156911954, 6874235.638701963238418 ], [ 364930.288157447299454, 6874235.430551193654537 ], [ 364930.070767380122561, 6874234.960026661865413 ], [ 364929.973189569311216, 6874234.753530882298946 ], [ 364929.747702918830328, 6874234.286832367070019 ], [ 364929.646572133991867, 6874234.082053216174245 ], [ 364929.413056176854298, 6874233.619319963268936 ], [ 364929.308402605645824, 6874233.416318568401039 ], [ 364929.066927060775924, 6874232.957688733935356 ], [ 364928.958781942608766, 6874232.756525691598654 ], [ 364928.709418905200437, 6874232.302136202342808 ], [ 364928.597814521577675, 6874232.102871559560299 ], [ 364928.34063838160364, 6874231.652857971377671 ], [ 364928.225608046574052, 6874231.45555120985955 ], [ 364927.960695657762699, 6874231.010048000141978 ], [ 364927.842273708200082, 6874230.81475801486522 ], [ 364927.569704028079286, 6874230.373897967860103 ], [ 364927.447925813088659, 6874230.180683054961264 ], [ 364927.167780308402143, 6874229.744597939774394 ], [ 364927.0426821790752, 6874229.553515773266554 ], [ 364926.755044415011071, 6874229.122335666790605 ], [ 364926.626663713366725, 6874228.933443285524845 ], [ 364926.331619594653603, 6874228.507296962663531 ], [ 364926.199994642578531, 6874228.320650750771165 ], [ 364925.897632161329966, 6874227.899665304459631 ], [ 364925.762802249111701, 6874227.715320977382362 ], [ 364925.453211756830569, 6874227.299622206948698 ], [ 364925.315217131515965, 6874227.117634790949523 ], [ 364924.998491018894129, 6874226.70734674949199 ], [ 364924.857372872065753, 6874226.527770567685366 ], [ 364924.533605606819037, 6874226.123015629127622 ], [ 364924.389406062604394, 6874225.945904286578298 ], [ 364924.058694371138699, 6874225.546803377568722 ], [ 364923.911456473288126, 6874225.372209741733968 ], [ 364923.573899040697142, 6874224.978881950490177 ], [ 364923.423666740127373, 6874224.806858138181269 ], [ 364923.07936438464094, 6874224.419420939870179 ], [ 364922.926182525872719, 6874224.250018299557269 ], [ 364922.575237919169012, 6874223.868587228469551 ], [ 364922.419152227346785, 6874223.701856328174472 ], [ 364922.061670154100284, 6874223.326545274816453 ], [ 364921.902727221080568, 6874223.162535884417593 ], [ 364921.538814498810098, 6874222.793456993065774 ], [ 364921.377061769424472, 6874222.63221806846559 ], [ 364921.006826901051681, 6874222.269481378607452 ], [ 364920.842312658729497, 6874222.1110610505566 ], [ 364920.465866269893013, 6874221.754774946719408 ], [ 364920.29863962251693, 6874221.599220503121614 ], [ 364919.916093845211435, 6874221.24949111789465 ], [ 364919.746204710274469, 6874221.096848994493484 ], [ 364919.357674099737778, 6874220.753781055100262 ], [ 364919.185173189383931, 6874220.604096813127398 ], [ 364918.79077346296981, 6874220.26779249124229 ], [ 364918.615712269151118, 6874220.12111081276089 ], [ 364918.215561185847037, 6874219.791670524515212 ], [ 364918.0379919646075, 6874219.648035194724798 ], [ 364917.632209018047433, 6874219.325557321310043 ], [ 364917.452184774156194, 6874219.185011215507984 ], [ 364917.040891085285693, 6874218.869592010043561 ], [ 364916.858465556404553, 6874218.732177081517875 ], [ 364916.441783918067813, 6874218.423910713754594 ], [ 364916.257011558453087, 6874218.289667980745435 ], [ 364915.835066307685338, 6874217.988646435551345 ], [ 364915.64800227235537, 6874217.85761597007513 ], [ 364915.22091947006993, 6874217.563929177820683 ], [ 364915.031619597983081, 6874217.436150091700256 ], [ 364914.599526465055533, 6874217.149885540828109 ], [ 364914.408047262520995, 6874217.025395978242159 ], [ 364913.971073096618056, 6874216.746639329940081 ], [ 364913.777471720590256, 6874216.625476449728012 ], [ 364913.335746766882949, 6874216.354310788214207 ], [ 364913.140081007790286, 6874216.236510758288205 ], [ 364912.693737127643544, 6874215.973017032258213 ], [ 364912.49606539204251, 6874215.858615016564727 ], [ 364912.063562276423909, 6874215.613068114034832 ], [ 364907.802855805668514, 6874213.24060220643878 ], [ 364907.4932268440607, 6874213.070573535747826 ], [ 364903.807214408181608, 6874211.074602607637644 ], [ 364903.417551101592835, 6874210.867292821407318 ], [ 364899.702572454640176, 6874208.925767319276929 ], [ 364899.309901333006565, 6874208.724212778732181 ], [ 364895.566760622721631, 6874206.837552967481315 ], [ 364895.171166694606654, 6874206.641797306016088 ], [ 364893.095981915888842, 6874205.633848406374454 ], [ 364887.578578578366432, 6874202.037626599892974 ], [ 364887.239816338638775, 6874201.820047601126134 ], [ 364880.082055931736249, 6874197.290341364219785 ], [ 364878.391857233073097, 6874196.296544373035431 ], [ 364878.173723515821621, 6874196.177703654393554 ], [ 364877.717302521399688, 6874195.934122356586158 ], [ 364877.497151904099155, 6874195.819060891866684 ], [ 364877.036598416627385, 6874195.58338653948158 ], [ 364876.814496370090637, 6874195.472138546407223 ], [ 364876.34994729317259, 6874195.244441195391119 ], [ 364876.125959868601058, 6874195.137039758265018 ], [ 364875.657553325640038, 6874194.917387110181153 ], [ 364875.431747134891339, 6874194.813864169642329 ], [ 364874.959622471418697, 6874194.60232157073915 ], [ 364874.732064667216036, 6874194.502707913517952 ], [ 364874.25636235170532, 6874194.299338299781084 ], [ 364874.027120607614052, 6874194.203663549385965 ], [ 364873.547981951443944, 6874194.008527334779501 ], [ 364873.317124442080967, 6874193.91681994497776 ], [ 364872.834692031960003, 6874193.729975201189518 ], [ 364872.60228741215542, 6874193.642262444831431 ], [ 364872.116704768734053, 6874193.463764756917953 ], [ 364871.88282215356594, 6874193.38007271848619 ], [ 364871.394233698316384, 6874193.209975170902908 ], [ 364871.158942642447073, 6874193.130328739061952 ], [ 364870.667493484506849, 6874192.968681852333248 ], [ 364870.430863961286377, 6874192.893104714341462 ], [ 364869.936700315331109, 6874192.739956584759057 ], [ 364869.698802696308121, 6874192.668471217155457 ], [ 364869.202071771491319, 6874192.523867465555668 ], [ 364868.962976805341896, 6874192.456495125778019 ], [ 364868.463826077815611, 6874192.320478679612279 ], [ 364868.223604869213887, 6874192.257239404134452 ], [ 364867.722182803903706, 6874192.129850721918046 ], [ 364867.480906792450696, 6874192.070763317868114 ], [ 364866.977362531819381, 6874191.952040291391313 ], [ 364866.735103470855393, 6874191.897122330963612 ], [ 364866.22958683030447, 6874191.787100283429027 ], [ 364865.986416765546892, 6874191.736368098296225 ], [ 364865.479078013042454, 6874191.635079731233418 ], [ 364865.235069260990713, 6874191.588548408821225 ], [ 364864.726059233187698, 6874191.496023840270936 ], [ 364864.481284359993879, 6874191.453707219101489 ], [ 364863.970754663518164, 6874191.369974003173411 ], [ 364863.725286462984513, 6874191.331884666346014 ], [ 364863.213388502306771, 6874191.256967636756599 ], [ 364862.967299974465277, 6874191.223116913810372 ], [ 364862.454186370887328, 6874191.157038410194218 ], [ 364862.207550700288266, 6874191.127436366863549 ], [ 364861.693373973423149, 6874191.070216026157141 ], [ 364861.446264507307205, 6874191.044871465303004 ], [ 364860.931177400809247, 6874190.996526286005974 ], [ 364860.683667627279647, 6874190.975446745753288 ], [ 364860.167823445575777, 6874190.935991118662059 ], [ 364859.919986971886829, 6874190.919182867743075 ], [ 364859.403539243212435, 6874190.888628533110023 ], [ 364859.155449773650616, 6874190.876096569001675 ], [ 364858.63855169218732, 6874190.854452591389418 ], [ 364858.390283006359823, 6874190.846200643107295 ], [ 364857.873088663036469, 6874190.833473480306566 ], [ 364857.624714593868703, 6874190.82950400095433 ], [ 364857.107377743406687, 6874190.825697431340814 ], [ 364856.858972155081574, 6874190.826011600904167 ], [ 364856.341646664601285, 6874190.831126752309501 ], [ 364856.093283430789597, 6874190.835724476724863 ], [ 364855.576122830505483, 6874190.849759836681187 ], [ 364855.327875812072307, 6874190.858639750629663 ], [ 364854.81103430542862, 6874190.881591135635972 ], [ 364854.56297732895473, 6874190.894750596955419 ], [ 364854.226367276569363, 6874190.914505420252681 ], [ 364853.963078294531442, 6874190.931442455388606 ], [ 364853.559724424441811, 6874190.848687867633998 ], [ 364852.307977546472102, 6874190.602958724834025 ], [ 364851.805884576053359, 6874190.508825688622892 ], [ 364850.550135041412432, 6874190.284446179866791 ], [ 364850.046512048575096, 6874190.198876139707863 ], [ 364848.787123966554645, 6874189.995911323465407 ], [ 364848.28211693232879, 6874189.918929080478847 ], [ 364847.019455467059743, 6874189.737437807954848 ], [ 364846.51321083214134, 6874189.669065688736737 ], [ 364845.247642097179778, 6874189.509100584313273 ], [ 364844.740306694700848, 6874189.449358415789902 ], [ 364843.47219764633337, 6874189.310965860262513 ], [ 364842.963918509194627, 6874189.259870958514512 ], [ 364841.693636840442196, 6874189.143091080710292 ], [ 364841.184561371977907, 6874189.100658264011145 ], [ 364839.912475405784789, 6874189.005524924956262 ], [ 364839.402751250308938, 6874188.971766498871148 ], [ 364838.129229832615238, 6874188.898307281546295 ], [ 364837.619004745269194, 6874188.873233031481504 ], [ 364836.344417138549034, 6874188.821469236165285 ], [ 364835.833839048340451, 6874188.805086432956159 ], [ 364834.558554823859595, 6874188.775033069774508 ], [ 364834.047771835757885, 6874188.767346465028822 ], [ 364832.77216076705372, 6874188.759012246504426 ], [ 364825.874231923837215, 6874189.516549775376916 ], [ 364825.278941254131496, 6874189.652984331361949 ], [ 364824.933752827753779, 6874189.725874774158001 ], [ 364824.587362131918781, 6874189.792819374240935 ], [ 364824.239871597790625, 6874189.853798336349428 ], [ 364823.891384013113566, 6874189.908793622627854 ], [ 364823.542002303642221, 6874189.957788988947868 ], [ 364823.191829945426434, 6874190.00076992623508 ], [ 364822.840970274759457, 6874190.037723750807345 ], [ 364822.489527112105861, 6874190.068639528006315 ], [ 364822.137604291958269, 6874190.093508121557534 ], [ 364821.785305963887367, 6874190.112322173081338 ], [ 364821.432736221700907, 6874190.125076123513281 ], [ 364821.079999333654996, 6874190.131766202859581 ], [ 364820.727199468412437, 6874190.132390432059765 ], [ 364820.374441130377818, 6874190.12694862857461 ], [ 364819.764040768146515, 6874190.107030435465276 ], [ 364816.675640481989831, 6874190.165363367646933 ], [ 364809.797321778954938, 6874190.650334924459457 ], [ 364802.915026188187767, 6874191.075156047940254 ], [ 364801.54839593928773, 6874191.190924583002925 ], [ 364793.874706288916059, 6874192.018028857186437 ], [ 364793.816753023013007, 6874192.017376534640789 ], [ 364793.302389634074643, 6874192.015996660105884 ], [ 364792.766243667923845, 6874192.019154693931341 ], [ 364792.251932285958901, 6874192.026593718677759 ], [ 364791.715919268899597, 6874192.038943444378674 ], [ 364791.201811068342067, 6874192.055199178867042 ], [ 364790.666088571189903, 6874192.076736965216696 ], [ 364790.152334518264979, 6874192.101804638281465 ], [ 364789.617060026561376, 6874192.132524156011641 ], [ 364789.103811347682495, 6874192.166396388784051 ], [ 364788.56914221518673, 6874192.206288605928421 ], [ 364788.056549719942268, 6874192.248955443501472 ], [ 364787.5226431224728, 6874192.298008632846177 ], [ 364787.010857464338187, 6874192.34945753775537 ], [ 364786.47787035361398, 6874192.407657279632986 ], [ 364785.967042030126322, 6874192.467873119749129 ], [ 364785.435131087375339, 6874192.535202304832637 ], [ 364784.92541017831536, 6874192.604167391546071 ], [ 364784.394731768697966, 6874192.680606228299439 ], [ 364783.886268249712884, 6874192.758300269022584 ], [ 364783.356978375755716, 6874192.843826285563409 ], [ 364782.849921598506626, 6874192.930226459167898 ], [ 364782.322175854758825, 6874193.024814514443278 ], [ 364781.816674909263384, 6874193.119895418174565 ], [ 364781.290628436312545, 6874193.223517706617713 ], [ 364780.786832042678725, 6874193.327251364476979 ], [ 364780.262639481574297, 6874193.439877422526479 ], [ 364779.760695540637244, 6874193.552233382128179 ], [ 364779.238510987372138, 6874193.673830103129148 ], [ 364778.738567226042505, 6874193.794775297865272 ], [ 364778.218544186325744, 6874193.925306934863329 ], [ 364777.720747409446631, 6874194.054805848747492 ], [ 364777.400103061867412, 6874194.141161095350981 ], [ 364776.936552618339192, 6874194.259263491258025 ], [ 364776.432239767571446, 6874194.392430516891181 ], [ 364775.773950479575433, 6874194.572392051108181 ], [ 364775.272029051673599, 6874194.71430692076683 ], [ 364774.616968065965921, 6874194.905686244368553 ], [ 364774.117589826404583, 6874195.056306050159037 ], [ 364773.465955164167099, 6874195.25904531031847 ], [ 364772.969271060370374, 6874195.418324523605406 ], [ 364772.32125970715424, 6874195.632362433709204 ], [ 364771.82741994393291, 6874195.800252886489034 ], [ 364771.183227789937519, 6874196.025524742901325 ], [ 364770.692381601897068, 6874196.201975696720183 ], [ 364770.052203382714652, 6874196.438413401134312 ], [ 364769.564499102183618, 6874196.623371535912156 ], [ 364768.92852834018413, 6874196.870903615839779 ], [ 364768.444113468518481, 6874197.06431299354881 ], [ 364767.812542414059862, 6874197.322864620946348 ], [ 364767.331563393352553, 6874197.524666772224009 ], [ 364766.704582966805901, 6874197.794159787707031 ], [ 364766.227185177849606, 6874198.004293711856008 ], [ 364765.604984911915381, 6874198.284646648913622 ], [ 364765.131312605401035, 6874198.50304885674268 ], [ 364764.514080587599892, 6874198.794176967814565 ], [ 364764.044277066015638, 6874199.020781381987035 ], [ 364763.432199882285204, 6874199.322596658952534 ], [ 364762.966407040017657, 6874199.557334840297699 ], [ 364762.359669717727229, 6874199.869746048003435 ], [ 364761.89802847977262, 6874200.112546975724399 ], [ 364761.296814432251267, 6874200.435459672473371 ], [ 364760.839464296761435, 6874200.686249976977706 ], [ 364760.243955267651472, 6874201.019566548056901 ], [ 364759.791034461639356, 6874201.278270431794226 ], [ 364759.201410469890106, 6874201.621890118345618 ], [ 364758.753055928333197, 6874201.888429366983473 ], [ 364758.169495214126073, 6874202.242248294875026 ], [ 364757.725842521118466, 6874202.516542305238545 ], [ 364757.148521491442807, 6874202.880453515797853 ], [ 364756.709704675362445, 6874203.162419422529638 ], [ 364756.138797851104755, 6874203.536312908865511 ], [ 364755.704949672857765, 6874203.825865404680371 ], [ 364755.140629636065569, 6874204.209628138691187 ], [ 364754.711881096649449, 6874204.506679793819785 ], [ 364754.154318438027985, 6874204.900195769034326 ], [ 364753.730799289362039, 6874205.204656686633825 ], [ 364753.180162556993309, 6874205.607806943356991 ], [ 364752.762000741553493, 6874205.91958514880389 ], [ 364752.218456389789935, 6874206.332247817888856 ], [ 364751.805778352485504, 6874206.651249033398926 ], [ 364751.50096748827491, 6874206.891130605712533 ], [ 364749.807466835598461, 6874205.652751046232879 ], [ 364749.408254926616792, 6874205.36581614986062 ], [ 364746.845890821889043, 6874203.555765141732991 ], [ 364746.442030459584203, 6874203.275410724803805 ], [ 364743.850348802981898, 6874201.507592678070068 ], [ 364743.26491306204116, 6874201.118232850916684 ], [ 364730.238545692176558, 6874192.673172648064792 ], [ 364730.059732311347034, 6874192.546301490627229 ], [ 364729.637999688158743, 6874192.252473920583725 ], [ 364729.347442994010635, 6874192.053714146837592 ], [ 364728.920738343440462, 6874191.767155152745545 ], [ 364728.626819022465497, 6874191.573402544483542 ], [ 364728.195267431787215, 6874191.294196129776537 ], [ 364727.898071763396729, 6874191.10550756379962 ], [ 364727.461800070886966, 6874190.833735789172351 ], [ 364727.161415296199266, 6874190.650166653096676 ], [ 364726.720551356556825, 6874190.385909165255725 ], [ 364726.417065652727615, 6874190.207513347268105 ], [ 364725.971739087894093, 6874189.950847843661904 ], [ 364725.665241542621516, 6874189.777677710168064 ], [ 364725.215583005454391, 6874189.528679491020739 ], [ 364724.90616359031992, 6874189.360785875469446 ], [ 364724.452304948586971, 6874189.11952796485275 ], [ 364724.140054492978379, 6874188.956960153765976 ], [ 364723.682129179069307, 6874188.723513481207192 ], [ 364723.367139343346935, 6874188.566319194622338 ], [ 364722.905281743558589, 6874188.340752264484763 ], [ 364722.587644992338028, 6874188.188977645710111 ], [ 364722.121990471379831, 6874187.971356572583318 ], [ 364721.801800046232529, 6874187.825046177022159 ], [ 364721.332485597697087, 6874187.61543498467654 ], [ 364721.009835489676334, 6874187.474631759338081 ], [ 364720.536998703319114, 6874187.273091896437109 ], [ 364720.211983625777066, 6874187.137837174348533 ], [ 364719.735763301083352, 6874186.944427804090083 ], [ 364719.408478661323898, 6874186.814761289395392 ], [ 364718.929014572233427, 6874186.629539181478322 ], [ 364718.599556444038171, 6874186.505498938262463 ], [ 364718.116989584057592, 6874186.328518556430936 ], [ 364717.785454679047689, 6874186.210140993818641 ], [ 364717.299926298030186, 6874186.041454141959548 ], [ 364716.966411937552039, 6874185.928774012252688 ], [ 364716.478064927447122, 6874185.768430335447192 ], [ 364716.142669013876002, 6874185.661480713635683 ], [ 364715.651646498241462, 6874185.509527204558253 ], [ 364715.314467486285139, 6874185.408339486457407 ], [ 364714.820913739094976, 6874185.264820791780949 ], [ 364714.482050606864505, 6874185.169424680061638 ], [ 364713.986110328231007, 6874185.034382879734039 ], [ 364713.645662548253313, 6874184.944806379266083 ], [ 364713.147481593710836, 6874184.818281186744571 ], [ 364712.805549103708472, 6874184.734550590626895 ], [ 364712.305273443635087, 6874184.616579079069197 ], [ 364711.961956617073156, 6874184.538718967698514 ], [ 364711.459733305149712, 6874184.429335814900696 ], [ 364711.115132921840996, 6874184.357369042932987 ], [ 364710.611109270830639, 6874184.256606331095099 ], [ 364710.265326487540733, 6874184.190554024651647 ], [ 364709.75965051073581, 6874184.098441345617175 ], [ 364709.412786831206176, 6874184.038322893902659 ], [ 364708.947327786067035, 6874183.961750732734799 ], [ 364705.089703361387365, 6874183.260517405346036 ], [ 364701.597398292680737, 6874182.571385907009244 ], [ 364700.069235737493727, 6874181.490299115888774 ], [ 364697.541035789705347, 6874179.648351725190878 ], [ 364697.494238918123301, 6874179.61042376793921 ], [ 364697.090930975740775, 6874179.289147703908384 ], [ 364696.69252304820111, 6874178.977230411954224 ], [ 364696.283853962377179, 6874178.662802067585289 ], [ 364695.880242018552963, 6874178.357648509554565 ], [ 364695.46632804244291, 6874178.05015732999891 ], [ 364695.057626976282336, 6874177.751854371279478 ], [ 364694.638585855253041, 6874177.451387826353312 ], [ 364694.224911800120026, 6874177.160020229406655 ], [ 364693.800862738047726, 6874176.866663794033229 ], [ 364693.382333484070841, 6874176.582314525730908 ], [ 364692.953397109289654, 6874176.296151649206877 ], [ 364692.530131635663565, 6874176.018901541829109 ], [ 364692.096429966914002, 6874175.740013629198074 ], [ 364691.668548750167247, 6874175.469941599294543 ], [ 364691.230205161729828, 6874175.198407984338701 ], [ 364690.797829830029514, 6874174.935590800829232 ], [ 364690.354969016683754, 6874174.67148872744292 ], [ 364689.918222685693763, 6874174.416001226752996 ], [ 364689.470970627095085, 6874174.159405821934342 ], [ 364689.029977428261191, 6874173.911320616491139 ], [ 364688.578461353492457, 6874173.662304874509573 ], [ 364688.133346760703716, 6874173.42169255297631 ], [ 364687.6776951115462, 6874173.18032731115818 ], [ 364687.228585800563451, 6874172.947256349958479 ], [ 364686.76892819540808, 6874172.713610268197954 ], [ 364686.315951846481767, 6874172.488146927207708 ], [ 364685.852419043250848, 6874172.26228647120297 ], [ 364685.395704597583972, 6874172.044494929723442 ], [ 364684.928428456594702, 6874171.826484348624945 ], [ 364684.468105802254286, 6874171.616426544263959 ], [ 364683.997219248558395, 6874171.406327854841948 ], [ 364683.533419214945752, 6874171.204063491895795 ], [ 364683.059056200785562, 6874171.001936462707818 ], [ 364682.591910955263302, 6874170.807523177936673 ], [ 364682.114206421771087, 6874170.613425305113196 ], [ 364681.643848647596315, 6874170.426918316632509 ], [ 364681.162938486493658, 6874170.240904816426337 ], [ 364680.689502106979489, 6874170.062357230111957 ], [ 364680.205523121752776, 6874169.884481016546488 ], [ 364679.72914274741197, 6874169.713943595997989 ], [ 364679.242232614720706, 6874169.544255269691348 ], [ 364678.763043807877693, 6874169.381776545196772 ], [ 364678.406142810825258, 6874169.26410835236311 ], [ 364678.004421206307597, 6874169.055843696929514 ], [ 364677.774690960941371, 6874168.939244407229125 ], [ 364677.311791459971573, 6874168.709293592721224 ], [ 364677.08008650096599, 6874168.596669474616647 ], [ 364676.613294062262867, 6874168.37472778186202 ], [ 364676.379683168255724, 6874168.266112266108394 ], [ 364675.909136294096243, 6874168.052245547063649 ], [ 364675.673688809445594, 6874167.947670875117183 ], [ 364675.199527181277517, 6874167.741942618042231 ], [ 364674.962312995514367, 6874167.64143983181566 ], [ 364674.48467747005634, 6874167.443911150097847 ], [ 364674.245766997104511, 6874167.347510081715882 ], [ 364673.76479914149968, 6874167.158239522948861 ], [ 364673.524263298895676, 6874167.065968789160252 ], [ 364673.04010621085763, 6874166.88501266296953 ], [ 364672.798016398446634, 6874166.796899651177227 ], [ 364672.310813404037617, 6874166.624311526305974 ], [ 364672.067241483135149, 6874166.540382393635809 ], [ 364671.577137534215581, 6874166.376213619485497 ], [ 364671.332155806012452, 6874166.29649327788502 ], [ 364670.839296140358783, 6874166.14079250395298 ], [ 364670.592977324384265, 6874166.06530461832881 ], [ 364670.097508445265703, 6874165.918118126690388 ], [ 364669.849925658141728, 6874165.846885103732347 ], [ 364669.351994422380812, 6874165.708256521262228 ], [ 364669.103221155819483, 6874165.641299506649375 ], [ 364668.602975583053194, 6874165.511270043440163 ], [ 364668.353085682203528, 6874165.448608911596239 ], [ 364667.850674141140189, 6874165.327217131853104 ], [ 364667.599741782585625, 6874165.268870483152568 ], [ 364667.095313494384754, 6874165.156152440235019 ], [ 364666.843413164082449, 6874165.10213759355247 ], [ 364666.337117588031106, 6874164.998126688413322 ], [ 364666.084324059367646, 6874164.94845967926085 ], [ 364665.57631192158442, 6874164.853186877444386 ], [ 364665.322700233024079, 6874164.807882446795702 ], [ 364664.813122074468993, 6874164.721375973895192 ], [ 364664.558767507376615, 6874164.680447570048273 ], [ 364664.047774507373106, 6874164.602733095176518 ], [ 364663.792752563545946, 6874164.566192868165672 ], [ 364663.280496551247779, 6874164.49729348346591 ], [ 364663.024882930738386, 6874164.465152279473841 ], [ 364662.511515951075125, 6874164.405088434927166 ], [ 364662.255386529373936, 6874164.377355794422328 ], [ 364661.741060958418529, 6874164.326145315542817 ], [ 364661.484491764334962, 6874164.302829470485449 ], [ 364660.969360189163126, 6874164.260487552732229 ], [ 364660.712427381775342, 6874164.241595424711704 ], [ 364660.196642936323769, 6874164.208134652115405 ], [ 364659.93942278297618, 6874164.193671847693622 ], [ 364659.423138272541109, 6874164.169102133251727 ], [ 364659.165707125561312, 6874164.159072946757078 ], [ 364658.940087943978142, 6874164.151133208535612 ], [ 364647.751745781046338, 6874163.799550221301615 ], [ 364643.975621758960187, 6874163.918895815499127 ], [ 364641.215099906839896, 6874164.180832205340266 ], [ 364640.778186383773573, 6874164.226093198172748 ], [ 364640.601561444695108, 6874164.077698454260826 ], [ 364640.197852875571698, 6874163.744479984045029 ], [ 364639.839472649560776, 6874163.45389461889863 ], [ 364639.430011532502249, 6874163.127770878374577 ], [ 364639.066615684831049, 6874162.843482822179794 ], [ 364638.897386908822227, 6874162.713457486592233 ], [ 364638.740935116948094, 6874162.579113125801086 ], [ 364638.536170826875605, 6874162.397021112963557 ], [ 364638.334594385523815, 6874162.211406422778964 ], [ 364638.136266338522546, 6874162.022324807941914 ], [ 364637.941246246162336, 6874161.829833050258458 ], [ 364637.749592840729747, 6874161.633989120833576 ], [ 364637.561363683256786, 6874161.434851839207113 ], [ 364637.376615328190383, 6874161.232481039129198 ], [ 364637.19540333194891, 6874161.026937572285533 ], [ 364637.017782240523957, 6874160.818283312022686 ], [ 364636.843805327953305, 6874160.606580840423703 ], [ 364636.673524974787142, 6874160.391893894411623 ], [ 364636.506992330600042, 6874160.174286962486804 ], [ 364636.344257490185555, 6874159.953825503587723 ], [ 364636.185369370505214, 6874159.730575787834823 ], [ 364636.030375695670955, 6874159.504604871384799 ], [ 364635.879323095432483, 6874159.275980736128986 ], [ 364635.732256964081898, 6874159.044772089459002 ], [ 364635.589221497240942, 6874158.811048410832882 ], [ 364635.450259746052325, 6874158.574880049563944 ], [ 364635.315413415723015, 6874158.336337883025408 ], [ 364635.184723080892581, 6874158.095493687316775 ], [ 364635.058228040870745, 6874157.852419886738062 ], [ 364634.935966276039835, 6874157.607189464382827 ], [ 364634.817974581674207, 6874157.359876222908497 ], [ 364634.70428839646047, 6874157.110554442740977 ], [ 364634.594941936549731, 6874156.859299162402749 ], [ 364634.489968016685452, 6874156.6061857836321 ], [ 364634.389398246537894, 6874156.351290523074567 ], [ 364634.293262821272947, 6874156.094689912162721 ], [ 364634.201590661657974, 6874155.836461143568158 ], [ 364634.114409316971432, 6874155.576681820675731 ], [ 364633.953284885035828, 6874155.067465215921402 ], [ 364633.00499756418867, 6874152.487828558310866 ], [ 364632.627368924673647, 6874151.589886510744691 ], [ 364632.360292291734368, 6874150.923212569206953 ], [ 364632.104628759610932, 6874150.252079071477056 ], [ 364631.860452725668438, 6874149.576681316830218 ], [ 364631.627835295221303, 6874148.89721598289907 ], [ 364631.406844156852458, 6874148.213880786672235 ], [ 364631.197543663962279, 6874147.526874715462327 ], [ 364630.999994737037923, 6874146.836397736333311 ], [ 364630.814254879776854, 6874146.142650836147368 ], [ 364630.640378171054181, 6874145.445836002007127 ], [ 364630.478415216086432, 6874144.74615603685379 ], [ 364630.328413170471322, 6874144.043814650736749 ], [ 364630.190415695833508, 6874143.339016278274357 ], [ 364630.064462965761777, 6874142.631966098211706 ], [ 364629.9505916457274, 6874141.922869935631752 ], [ 364629.848834884469397, 6874141.211934216320515 ], [ 364629.759222302411217, 6874140.499365884810686 ], [ 364629.681779986422043, 6874139.785372376441956 ], [ 364629.659386880113743, 6874139.539917761459947 ], [ 364630.821062373172026, 6874139.645655865781009 ], [ 364631.318243514571805, 6874139.686745216138661 ], [ 364632.489461001823656, 6874139.773741723038256 ], [ 364632.987256726250052, 6874139.806557955220342 ], [ 364634.159758907684591, 6874139.874066688120365 ], [ 364634.658031449245755, 6874139.898600718006492 ], [ 364635.831494092184585, 6874139.94660301040858 ], [ 364636.330105708446354, 6874139.962848058901727 ], [ 364637.504204314725939, 6874139.991330636665225 ], [ 364638.003017144277692, 6874139.999282209202647 ], [ 364639.177427039830945, 6874140.008237195201218 ], [ 364639.676303102460224, 6874140.007893094792962 ], [ 364640.85069952707272, 6874139.997318013571203 ], [ 364643.534463989315554, 6874139.85275515075773 ], [ 364643.907935784198344, 6874139.815802378579974 ], [ 364644.424679244344588, 6874139.760149742476642 ], [ 364644.79745483311126, 6874139.716732587665319 ], [ 364645.31315670220647, 6874139.65213636495173 ], [ 364645.685124202049337, 6874139.602267857640982 ], [ 364646.199629558308516, 6874139.528747454285622 ], [ 364646.570677328913007, 6874139.472442562691867 ], [ 364647.083831840194762, 6874139.390020033344626 ], [ 364647.453848517441656, 6874139.327295656315982 ], [ 364647.965498227393255, 6874139.235995727591217 ], [ 364648.334372756420635, 6874139.166870689950883 ], [ 364648.844363935873844, 6874139.066720793023705 ], [ 364649.211985604721121, 6874138.991215842776 ], [ 364649.720165263046511, 6874138.882246025837958 ], [ 364650.086423735774588, 6874138.800383824855089 ], [ 364650.592639542417601, 6874138.682626746594906 ], [ 364650.957424892287236, 6874138.594431862235069 ], [ 364651.461524551268667, 6874138.467922951094806 ], [ 364651.824727293511387, 6874138.373421856202185 ], [ 364652.326559736218769, 6874138.2381990281865 ], [ 364652.688070861215238, 6874138.137420085258782 ], [ 364653.187485479516909, 6874137.993523920886219 ], [ 364653.547196485335007, 6874137.886497376486659 ], [ 364654.044043346366379, 6874137.733971074223518 ], [ 364654.401846271299291, 6874137.620729050599039 ], [ 364654.895976189349312, 6874137.459618410095572 ], [ 364655.251763644395396, 6874137.340194895863533 ], [ 364655.743028387078084, 6874137.170548249967396 ], [ 364656.096693588187918, 6874137.044979088008404 ], [ 364656.584945682145189, 6874136.866847361437976 ], [ 364656.93638248211937, 6874136.735170239582658 ], [ 364657.421475473791361, 6874136.548606862314045 ], [ 364657.770578394352924, 6874136.410861300304532 ], [ 364658.252366538858041, 6874136.215922325849533 ], [ 364658.599030802201014, 6874136.072149666957557 ], [ 364659.077369585458655, 6874135.868893569335341 ], [ 364659.421491145680193, 6874135.719136964529753 ], [ 364659.896237027365714, 6874135.507624736055732 ], [ 364660.237712601723615, 6874135.351929131895304 ], [ 364660.708722968527582, 6874135.132224310189486 ], [ 364661.047450068406761, 6874134.970636437647045 ], [ 364661.51458378956886, 6874134.742804854176939 ], [ 364661.850460751273204, 6874134.57537320908159 ], [ 364662.313577338529285, 6874134.339483382180333 ], [ 364662.646503353782464, 6874134.166258218698204 ], [ 364663.105463991058059, 6874133.922380857169628 ], [ 364663.43533913732972, 6874133.743414165452123 ], [ 364663.890006035100669, 6874133.491622486151755 ], [ 364664.216731305466965, 6874133.306967980228364 ], [ 364664.666968003381044, 6874133.047337552532554 ], [ 364664.990445336268749, 6874132.857050653547049 ], [ 364665.436116706405301, 6874132.589659399352968 ], [ 364665.756249015161302, 6874132.393797218799591 ], [ 364666.197221282753162, 6874132.118725398555398 ], [ 364666.513912484631874, 6874131.917346721515059 ], [ 364666.950053340406157, 6874131.634676868095994 ], [ 364667.263208385440521, 6874131.427842134609818 ], [ 364667.694386790331919, 6874131.13765917904675 ], [ 364668.003911689855158, 6874130.925430469214916 ], [ 364668.429998447943944, 6874130.627821358852088 ], [ 364668.735800302936696, 6874130.410262367688119 ], [ 364669.156667323084548, 6874130.10531656909734 ], [ 364669.458654351823498, 6874129.882492595352232 ], [ 364669.874175453325734, 6874129.570301538333297 ], [ 364670.172257019032259, 6874129.342279458418489 ], [ 364670.582307489530649, 6874129.022936838679016 ], [ 364670.876394127728418, 6874128.789785088971257 ], [ 364671.280850769660901, 6874128.463386852294207 ], [ 364671.570854214776773, 6874128.225175411440432 ], [ 364671.969595798233058, 6874127.891819391399622 ], [ 364672.255429010197986, 6874127.648619753308594 ], [ 364672.648335746722296, 6874127.308406095020473 ], [ 364672.929912937164772, 6874127.0602912530303 ], [ 364678.135328555479646, 6874121.076066127978265 ], [ 364678.313292398350313, 6874120.806399323046207 ], [ 364678.597631443233695, 6874120.367261756211519 ], [ 364678.770865826925728, 6874120.094532652758062 ], [ 364679.047503991809208, 6874119.6505036810413 ], [ 364679.215956235595513, 6874119.374795217998326 ], [ 364679.484809487417806, 6874118.926009721122682 ], [ 364679.648428364831489, 6874118.647405739873648 ], [ 364679.909414858033415, 6874118.194000339135528 ], [ 364680.06815061258385, 6874117.912585564889014 ], [ 364680.321191070019267, 6874117.454697985202074 ], [ 364680.474995429976843, 6874117.170557994395494 ], [ 364680.720012810255866, 6874116.708327646367252 ], [ 364680.868839003727771, 6874116.421548848040402 ], [ 364681.105758873512968, 6874115.955116152763367 ], [ 364681.249561642296612, 6874115.665785755030811 ], [ 364681.478311897488311, 6874115.195292664691806 ], [ 364681.61704751115758, 6874114.903498654253781 ], [ 364681.837558633298613, 6874114.429088154807687 ], [ 364681.971184902242385, 6874114.134919265285134 ], [ 364682.183389805082697, 6874113.656735686585307 ], [ 364682.311866093543358, 6874113.360281375236809 ], [ 364682.515700242540333, 6874112.878470142371953 ], [ 364682.638987480720971, 6874112.579820562154055 ], [ 364682.834388919349294, 6874112.094528121873736 ], [ 364682.952449615637306, 6874111.793774090707302 ], [ 364683.13935889385175, 6874111.305148091167212 ], [ 364683.252157145820092, 6874111.002381069585681 ], [ 364683.430517442757264, 6874110.510570053942502 ], [ 364683.538018948514946, 6874110.205882112495601 ], [ 364683.707776012190152, 6874109.711035674437881 ], [ 364683.809948080393951, 6874109.404519469477236 ], [ 364683.971050285967067, 6874108.906788099557161 ], [ 364684.06786184606608, 6874108.598536843433976 ], [ 364684.220260215457529, 6874108.098071861080825 ], [ 364684.311681827006396, 6874107.788179292343557 ], [ 364684.455330007360317, 6874107.28513291478157 ], [ 364684.541333868983202, 6874106.973693272098899 ], [ 364684.676188176206779, 6874106.468218479305506 ], [ 364684.756748134153895, 6874106.155326471664011 ], [ 364684.882767564326059, 6874105.647576957941055 ], [ 364684.957859120157082, 6874105.333327735774219 ], [ 364685.07500534207793, 6874104.823457944206893 ], [ 364685.144605660520028, 6874104.507947071455419 ], [ 364685.252843057503924, 6874103.996112020686269 ], [ 364685.31693097302923, 6874103.679435444064438 ], [ 364685.41622662730515, 6874103.16579079721123 ], [ 364685.474782650766429, 6874102.848044818267226 ], [ 364685.56510637095198, 6874102.332746747881174 ], [ 364685.618112695345189, 6874102.014027992263436 ], [ 364685.699437003291678, 6874101.497233264148235 ], [ 364685.746877509460319, 6874101.177638656459749 ], [ 364685.81917768495623, 6874100.659504362381995 ], [ 364685.861037946189754, 6874100.339131089858711 ], [ 364685.92429199826438, 6874099.819814823567867 ], [ 364685.960559284838382, 6874099.498760311864316 ], [ 364686.014747976732906, 6874098.978420008905232 ], [ 364686.045411259750836, 6874098.656781892292202 ], [ 364686.090518115554005, 6874098.135575762949884 ], [ 364686.115568070264999, 6874097.813451850786805 ], [ 364686.151579371362459, 6874097.291538408957422 ], [ 364686.171008380129933, 6874096.969026658684015 ], [ 364684.809438606956974, 6874086.067030983045697 ], [ 364684.823650226113386, 6874086.047913917340338 ], [ 364685.100269236136228, 6874085.6696797600016 ], [ 364686.504894616140518, 6874083.717248976230621 ], [ 364686.775572134589311, 6874083.334740372374654 ], [ 364688.138492534693796, 6874081.37646824400872 ], [ 364688.598916468617972, 6874080.716735866852105 ], [ 364688.889516004594043, 6874080.29264450725168 ], [ 364689.349352627934422, 6874079.609086129814386 ], [ 364689.632642225886229, 6874079.18007726687938 ], [ 364690.080697786004748, 6874078.488739439286292 ], [ 364690.356594222132117, 6874078.054939106106758 ], [ 364690.792737139214296, 6874077.356024853885174 ], [ 364691.061159410513937, 6874076.917560414411128 ], [ 364691.485261603200343, 6874076.211274986155331 ], [ 364691.746130876708776, 6874075.768275213427842 ], [ 364692.158067799580749, 6874075.054826023057103 ], [ 364692.411307473783381, 6874074.607420997694135 ], [ 364692.810958153975662, 6874073.887017562054098 ], [ 364693.056493850890547, 6874073.435338689945638 ], [ 364693.443740923597943, 6874072.708192569203675 ], [ 364693.681500539241824, 6874072.252372492104769 ], [ 364694.056230282178149, 6874071.518697226420045 ], [ 364694.286143997334875, 6874071.058869795873761 ], [ 364694.648246364318766, 6874070.318880842067301 ], [ 364694.870246662001591, 6874069.855181093327701 ], [ 364695.219615314912517, 6874069.109095762483776 ], [ 364695.433636989037041, 6874068.641659892164171 ], [ 364695.770169329363853, 6874067.889697287231684 ], [ 364695.97614954772871, 6874067.418662526644766 ], [ 364696.299746746546589, 6874066.661043473519385 ], [ 364696.497625000716653, 6874066.186548191122711 ], [ 364696.80819202773273, 6874065.423495179973543 ], [ 364696.997910215053707, 6874064.945678703486919 ], [ 364697.295355866546743, 6874064.17741581890732 ], [ 364697.476858275884297, 6874063.696418458595872 ], [ 364697.761095201480202, 6874062.923171314410865 ], [ 364697.93432852945989, 6874062.439134327694774 ], [ 364698.205273257743102, 6874061.66113000176847 ], [ 364698.370186624641065, 6874061.17419555503875 ], [ 364698.535262910358142, 6874060.672676899470389 ], [ 364698.935724316339474, 6874059.53227359149605 ], [ 364699.367925489437766, 6874058.366899285465479 ], [ 364699.820382001169492, 6874057.20923856832087 ], [ 364700.292956227553077, 6874056.059643567539752 ], [ 364700.785504509229213, 6874054.918463748879731 ], [ 364701.297877054836135, 6874053.786046166904271 ], [ 364701.829918036528397, 6874052.662735220044851 ], [ 364702.381465704587754, 6874051.548872414976358 ], [ 364702.952352314430755, 6874050.444796515628695 ], [ 364703.542404303909279, 6874049.35084318742156 ], [ 364704.11004486848833, 6874048.340992355719209 ], [ 364704.427938619162887, 6874047.804794865660369 ], [ 364704.805831509642303, 6874047.190810330212116 ], [ 364705.193841771921143, 6874046.583168863318861 ], [ 364705.591862908331677, 6874045.982037246227264 ], [ 364705.999785796448123, 6874045.387580286711454 ], [ 364706.417498424882069, 6874044.799961216747761 ], [ 364706.844886303006206, 6874044.219341095536947 ], [ 364707.281832124397624, 6874043.645879288204014 ], [ 364707.72821601445321, 6874043.079733122140169 ], [ 364708.183915553032421, 6874042.521057861857116 ], [ 364708.648805676959455, 6874041.970006830990314 ], [ 364709.122758892946877, 6874041.426731153391302 ], [ 364709.605645135918166, 6874040.891379917040467 ], [ 364710.266776805336121, 6874040.182389025576413 ], [ 364711.499762174033094, 6874038.774559511803091 ], [ 364712.676548200077377, 6874037.343175071291625 ], [ 364713.005166387709323, 6874036.936280984431505 ], [ 364714.156819637981243, 6874035.484598663635552 ], [ 364714.478294318309054, 6874035.072037482634187 ], [ 364715.604464750736952, 6874033.600498517975211 ], [ 364715.918698226625565, 6874033.182395622134209 ], [ 364717.019043544540182, 6874031.691447283141315 ], [ 364717.325940301991068, 6874031.26792975794524 ], [ 364718.40012605820084, 6874029.758025214076042 ], [ 364718.699592803430278, 6874029.329221805557609 ], [ 364719.747292502026539, 6874027.800819990225136 ], [ 364720.039238228113391, 6874027.366861009970307 ], [ 364721.060133423423395, 6874025.820426476188004 ], [ 364721.344469394825865, 6874025.381443823687732 ], [ 364722.338249788270332, 6874023.817446605302393 ], [ 364726.379296225961298, 6874013.883342395536602 ], [ 364726.723719511704985, 6874012.240300178527832 ], [ 364726.824097408913076, 6874011.740331148728728 ], [ 364727.140543193789199, 6874010.091671938076615 ], [ 364727.232408325071447, 6874009.590068961493671 ], [ 364727.520785175729543, 6874007.936269119381905 ], [ 364727.604110998800024, 6874007.433177120983601 ], [ 364727.864335592021234, 6874005.774714493192732 ], [ 364727.939098030212335, 6874005.270278840325773 ], [ 364728.171095177065581, 6874003.607632621191442 ], [ 364728.237272628815845, 6874003.101999063044786 ], [ 364728.440975296427496, 6874001.435649654828012 ], [ 364728.49854864057852, 6874000.92896428797394 ], [ 364728.673897971340921, 6873999.259393163025379 ], [ 364728.675985203590244, 6873999.237750598229468 ], [ 364731.100266475754324, 6873996.329911822453141 ], [ 364732.175933149061166, 6873994.56348789576441 ], [ 364733.153499064734206, 6873993.01351354084909 ], [ 364734.15529466571752, 6873991.4790881248191 ], [ 364735.18107263679849, 6873989.960590455681086 ], [ 364736.230579842231236, 6873988.458395257592201 ], [ 364737.303557187085971, 6873986.972873384132981 ], [ 364738.399739886401221, 6873985.504391424357891 ], [ 364739.541216892364901, 6873984.02431985270232 ], [ 364739.623932280985173, 6873983.919962149113417 ], [ 364739.672768157732207, 6873983.860457054339349 ], [ 364739.722609386371914, 6873983.801791537553072 ], [ 364739.77344160125358, 6873983.74398250784725 ], [ 364739.825250045105349, 6873983.687046748585999 ], [ 364739.878019726835191, 6873983.631000733934343 ], [ 364739.931735402555205, 6873983.575860654935241 ], [ 364739.986381460446864, 6873983.521642537787557 ], [ 364740.041942072100937, 6873983.468362084589899 ], [ 364740.098401269526221, 6873983.416034610010684 ], [ 364740.155742552364245, 6873983.364675406366587 ], [ 364740.213949436321855, 6873983.314299238845706 ], [ 364740.273005016962998, 6873983.264920737594366 ], [ 364740.332892173319124, 6873983.216554217040539 ], [ 364740.393593641580082, 6873983.169213620014489 ], [ 364740.455091791518498, 6873983.12291269749403 ], [ 364740.517368811648339, 6873983.077664859592915 ], [ 364740.580406708759256, 6873983.033483177423477 ], [ 364740.644187201745808, 6873982.990380465053022 ], [ 364740.708691847336013, 6873982.948369186371565 ], [ 364740.773901944688987, 6873982.907461520284414 ], [ 364740.839798656990752, 6873982.867669283412397 ], [ 364740.906362888170406, 6873982.829004009254277 ], [ 364740.973575297743082, 6873982.791476930491626 ], [ 364741.041416542546358, 6873982.755098845809698 ], [ 364741.336825717764441, 6873982.603107357397676 ], [ 364750.023573185841087, 6873975.869449158199131 ], [ 364750.685685798700433, 6873974.772198448888958 ], [ 364750.693656453979202, 6873974.779215266928077 ], [ 364751.088880673632957, 6873975.12108002230525 ], [ 364751.245859307120554, 6873975.254492524079978 ], [ 364751.646978270960972, 6873975.589421379379928 ], [ 364751.806256889540236, 6873975.720079362392426 ], [ 364752.213148770155385, 6873976.047970592975616 ], [ 364752.374679046391975, 6873976.175834414549172 ], [ 364752.787220471480396, 6873976.496588604524732 ], [ 364752.950953394465614, 6873976.621619468554854 ], [ 364753.369019296893384, 6873976.935139372013509 ], [ 364753.53490518766921, 6873977.057299341075122 ], [ 364753.958368385559879, 6873977.363489584997296 ], [ 364754.126356911787298, 6873977.48274159617722 ], [ 364754.555089313653298, 6873977.781509563326836 ], [ 364754.725129505095538, 6873977.897817431949079 ], [ 364755.159000857325736, 6873978.189072348177433 ], [ 364755.331041121098679, 6873978.302400784566998 ], [ 364755.769919666461647, 6873978.586054204031825 ], [ 364755.943907803040929, 6873978.696368823759258 ], [ 364756.387660546519328, 6873978.972334793768823 ], [ 364756.563543765223585, 6873979.079602125100791 ], [ 364757.012035943684168, 6873979.347796835936606 ], [ 364757.189760878798552, 6873979.451984332874417 ], [ 364757.642856662452687, 6873979.712326555512846 ], [ 364757.822369389585219, 6873979.813402604311705 ], [ 364758.27993085590424, 6873980.065813093446195 ], [ 364758.461176908167545, 6873980.163747028447688 ], [ 364758.923065707320347, 6873980.408149465918541 ], [ 364759.105990091862623, 6873980.502911570481956 ], [ 364759.572065700194798, 6873980.739231596700847 ], [ 364759.756612915021833, 6873980.830793119966984 ], [ 364760.226734204275999, 6873981.05895917955786 ], [ 364760.412848254898563, 6873981.147292339242995 ], [ 364760.886872342962306, 6873981.367235084995627 ], [ 364761.07449675956741, 6873981.452313080430031 ], [ 364761.552279985917266, 6873981.663965857587755 ], [ 364761.741357840423007, 6873981.745762874372303 ], [ 364762.222755227936432, 6873981.949061456136405 ], [ 364762.413229151221458, 6873982.027552675455809 ], [ 364762.898094520787708, 6873982.222435330040753 ], [ 364763.089906720153522, 6873982.297596937045455 ], [ 364763.578093043004628, 6873982.48400457110256 ], [ 364763.771185319696087, 6873982.555813760496676 ], [ 364764.262544496858027, 6873982.733689822256565 ], [ 364764.456858263758477, 6873982.802124805748463 ], [ 364764.951241245435085, 6873982.971415335312486 ], [ 364765.146717544819694, 6873983.036455348134041 ], [ 364765.643973962403834, 6873983.197108860127628 ], [ 364765.840553483751137, 6873983.258734170347452 ], [ 364766.340533010486979, 6873983.410702100023627 ], [ 364766.538156108523253, 6873983.468894007615745 ], [ 364767.040706751053222, 6873983.612130149267614 ], [ 364767.239313464029692, 6873983.666870998218656 ], [ 364767.744282773754094, 6873983.801331902854145 ], [ 364767.943812841316685, 6873983.852605083957314 ], [ 364768.451047568698414, 6873983.978249945677817 ], [ 364768.651440450339578, 6873984.026039902120829 ], [ 364769.160786670574453, 6873984.142830595374107 ], [ 364769.361981564143207, 6873984.187122827395797 ], [ 364769.873284924542531, 6873984.295023957267404 ], [ 364770.075220784347039, 6873984.335805024951696 ], [ 364770.588325879420154, 6873984.434783797711134 ], [ 364770.790941435087007, 6873984.472041328437626 ], [ 364771.30569283303339, 6873984.562067760154605 ], [ 364771.508926607959438, 6873984.595790448598564 ], [ 364772.025167940184474, 6873984.676837190054357 ], [ 364772.22895827004686, 6873984.707014804705977 ], [ 364772.746533030702267, 6873984.779057286679745 ], [ 364772.950818082492333, 6873984.805680670775473 ], [ 364773.469569087377749, 6873984.868697014637291 ], [ 364773.674286877911072, 6873984.891758090816438 ], [ 364774.19405680289492, 6873984.945729187689722 ], [ 364774.399145217554178, 6873984.965220958925784 ], [ 364774.919776474183891, 6873985.010130442678928 ], [ 364775.1251732861856, 6873985.026046994142234 ], [ 364779.126015164190903, 6873985.068470282480121 ], [ 364779.294644026143942, 6873985.058995060622692 ], [ 364779.809519634000026, 6873985.025620459578931 ], [ 364779.977960602729581, 6873985.013246576301754 ], [ 364780.492185755691025, 6873984.971022159792483 ], [ 364780.660389008116908, 6873984.955753277055919 ], [ 364781.173812336695846, 6873984.904691474512219 ], [ 364781.341728119994514, 6873984.886532106436789 ], [ 364781.854196940432303, 6873984.826648103073239 ], [ 364782.021775586996228, 6873984.805603623390198 ], [ 364782.533139189821668, 6873984.736915029585361 ], [ 364782.700331131462008, 6873984.71299166046083 ], [ 364783.210437333327718, 6873984.635518916882575 ], [ 364783.37719311658293, 6873984.608723737299442 ], [ 364783.885891863785218, 6873984.522489638999104 ], [ 364784.052162163949106, 6873984.492830572649837 ], [ 364784.559302435663994, 6873984.397860714234412 ], [ 364784.725038071686868, 6873984.365346535108984 ], [ 364785.230470143840648, 6873984.261668959632516 ], [ 364785.395622092939448, 6873984.226309284567833 ], [ 364785.899196426733397, 6873984.113954660482705 ], [ 364786.063715838594362, 6873984.07575994823128 ], [ 364786.565283381089102, 6873983.954761533997953 ], [ 364786.729121592710726, 6873983.913743082433939 ], [ 364787.228533970424905, 6873983.784136673435569 ], [ 364787.391642520029563, 6873983.740306615829468 ], [ 364787.888752152211964, 6873983.602130511775613 ], [ 364788.05108279408887, 6873983.555501812137663 ], [ 364788.545742624497507, 6873983.408796885050833 ], [ 364788.707247342856135, 6873983.359383335337043 ], [ 364789.199310817697551, 6873983.204193053767085 ], [ 364789.359941841219552, 6873983.152009271085262 ], [ 364789.849263698037248, 6873982.988379451446235 ], [ 364790.008973513671663, 6873982.933440870605409 ], [ 364790.495408993796445, 6873982.761419914662838 ], [ 364790.654150361136999, 6873982.703742785379291 ], [ 364791.137555411667563, 6873982.523381635546684 ], [ 364791.295281376573257, 6873982.46298301871866 ], [ 364791.775513200089335, 6873982.274334952235222 ], [ 364791.932177108887117, 6873982.211232712492347 ], [ 364792.409093323512934, 6873982.014353667385876 ], [ 364792.564648836734705, 6873981.948566471226513 ], [ 364793.038108916312922, 6873981.74351445492357 ], [ 364793.192510022141505, 6873981.675061759538949 ], [ 364793.662373291270342, 6873981.461897698231041 ], [ 364793.815574319567531, 6873981.390799753367901 ], [ 364794.281702375388704, 6873981.169586439616978 ], [ 364794.433658010850195, 6873981.095864273607731 ], [ 364794.895912760985084, 6873980.86666723433882 ], [ 364795.046578056702856, 6873980.790342653170228 ], [ 364795.504822445567697, 6873980.553229850716889 ], [ 364795.654152836359572, 6873980.474325432442129 ], [ 364796.108251895406283, 6873980.229366704821587 ], [ 364796.256203210854437, 6873980.147905786521733 ], [ 364796.706022217753343, 6873979.89517380297184 ], [ 364796.852550695475657, 6873979.811180480755866 ], [ 364797.297956655791495, 6873979.550749971531332 ], [ 364797.443018954072613, 6873979.46424909029156 ], [ 364797.883880273730028, 6873979.196196996606886 ], [ 364798.027433484792709, 6873979.107214141637087 ], [ 364798.463619687536266, 6873978.831619791686535 ], [ 364798.605621349764988, 6873978.740181283093989 ], [ 364799.03700340364594, 6873978.457126203924417 ], [ 364799.177411514392588, 6873978.363259088248014 ], [ 364799.603861730836798, 6873978.072827065363526 ], [ 364799.742634758993518, 6873977.976559108123183 ], [ 364800.16402719670441, 6873977.678835911676288 ], [ 364800.301124094461557, 6873977.580195587128401 ], [ 364800.717333802080248, 6873977.275269502773881 ], [ 364800.852714017790277, 6873977.174285989254713 ], [ 364801.263618257129565, 6873976.862246938981116 ], [ 364801.39724174659932, 6873976.758950104936957 ], [ 364801.802718814695254, 6873976.439890500158072 ], [ 364801.934546053584199, 6873976.334310899488628 ], [ 364802.33447592984885, 6873976.008325185626745 ], [ 364802.464467924961355, 6873975.900494048371911 ], [ 364802.858732414490078, 6873975.567678567022085 ], [ 364802.986850715591572, 6873975.457627788186073 ], [ 364803.375333102419972, 6873975.118081066757441 ], [ 364803.501539813471027, 6873975.005843198858202 ], [ 364803.884125250042416, 6873974.659665620885789 ], [ 364804.008383040432818, 6873974.54527386277914 ], [ 364804.384958464826923, 6873974.192567727528512 ], [ 364804.507230580318719, 6873974.076055914163589 ], [ 364804.87768453307217, 6873973.716925608925521 ], [ 364804.997934806859121, 6873973.598328202962875 ], [ 364805.362157568859402, 6873973.232880098745227 ], [ 364805.480350432277191, 6873973.112232181243598 ], [ 364805.838234399154317, 6873972.740574249066412 ], [ 364805.954334891866893, 6873972.617911506444216 ], [ 364806.305774261942133, 6873972.240153616294265 ], [ 364806.419748042651918, 6873972.115512330085039 ], [ 364808.540331330266781, 6873969.51885890122503 ], [ 364810.024545860593207, 6873967.478563024662435 ], [ 364810.313114592980128, 6873967.074902358464897 ], [ 364811.763380804855842, 6873965.010337525978684 ], [ 364812.045233760494739, 6873964.601959307678044 ], [ 364813.46115490316879, 6873962.513690322637558 ], [ 364813.736214963661041, 6873962.10070628952235 ], [ 364815.11740368232131, 6873959.989304442889988 ], [ 364815.385595607804134, 6873959.571827561594546 ], [ 364816.731674049224239, 6873957.437870470806956 ], [ 364816.992924464051612, 6873957.016014961525798 ], [ 364818.303524380375165, 6873954.86008641589433 ], [ 364818.557761817995925, 6873954.433967678807676 ], [ 364819.832524667086545, 6873952.256657477468252 ], [ 364820.079679573944304, 6873951.826392089948058 ], [ 364821.318256617814768, 6873949.628295881673694 ], [ 364821.558261382335331, 6873949.194001546129584 ], [ 364822.760313782200683, 6873946.975720665417612 ], [ 364822.993102738226298, 6873946.537516205571592 ], [ 364824.158301647519693, 6873944.299657511524856 ], [ 364824.383811120525934, 6873943.857662791386247 ], [ 364825.51183777465485, 6873941.600838495418429 ], [ 364825.730006064812187, 6873941.155174443498254 ], [ 364826.82055186846992, 6873938.880001948215067 ], [ 364827.031319296802394, 6873938.430790474638343 ], [ 364828.084085908369161, 6873936.137892199680209 ], [ 364828.287394809012767, 6873935.685256207361817 ], [ 364829.302094222104643, 6873933.375259424559772 ], [ 364829.497888979036361, 6873932.919322736561298 ], [ 364830.474243601318449, 6873930.592859393917024 ], [ 364830.662470651615877, 6873930.133746737614274 ], [ 364831.60021338093793, 6873927.791453287005424 ], [ 364833.45783233968541, 6873920.812962139956653 ], [ 364833.594003912643529, 6873913.592744401656091 ], [ 364833.116307627002243, 6873908.916159289889038 ], [ 364833.068858744460158, 6873908.482810406945646 ], [ 364832.523257854860276, 6873903.813660406507552 ], [ 364832.469517028075643, 6873903.381046750582755 ], [ 364831.856126742786728, 6873898.720317794010043 ], [ 364831.796105319866911, 6873898.288530717603862 ], [ 364831.19397889636457, 6873894.176227230578661 ], [ 364831.060468961717561, 6873892.957051604986191 ], [ 364830.919842078757938, 6873891.441016000695527 ], [ 364830.804367436852772, 6873889.922857415862381 ], [ 364830.714076774485875, 6873888.402993121184409 ], [ 364830.648994908027817, 6873886.881840851157904 ], [ 364830.609139725274872, 6873885.359818695113063 ], [ 364830.594522180559579, 6873883.837344984523952 ], [ 364830.605146291316487, 6873882.314838168211281 ], [ 364830.6410091376747, 6873880.792716708034277 ], [ 364830.712079405784607, 6873879.022911387495697 ], [ 364830.73008199071046, 6873878.426941419951618 ], [ 364830.762907739786897, 6873876.806977900676429 ], [ 364830.813171544694342, 6873875.431659707799554 ], [ 364830.885804530291352, 6873874.057341326028109 ], [ 364830.980787470238283, 6873872.684386545792222 ], [ 364831.098095219582319, 6873871.313158829696476 ], [ 364831.237696727155708, 6873869.944021139293909 ], [ 364831.399555036332458, 6873868.577335928566754 ], [ 364831.583627299929503, 6873867.213464983738959 ], [ 364831.789864794060122, 6873865.852769321762025 ], [ 364832.058707834221423, 6873864.254932423122227 ], [ 364832.470778868824709, 6873859.752443193458021 ], [ 364832.588940596964676, 6873852.293295516632497 ], [ 364832.59270355355693, 6873851.823495022021234 ], [ 364832.594040250580292, 6873844.363411611877382 ], [ 364832.590445651847403, 6873843.893609798513353 ], [ 364832.474956989986822, 6873836.434420255944133 ], [ 364832.464005717425607, 6873835.964732344262302 ], [ 364832.231720020412467, 6873828.508266048505902 ], [ 364832.213414759899024, 6873828.038807230070233 ], [ 364831.864388996269554, 6873820.586892893537879 ], [ 364831.838734237186145, 6873820.117778304032981 ], [ 364831.373054006136954, 6873812.67224352248013 ], [ 364829.939109956554603, 6873805.200434639118612 ], [ 364829.450966564065311, 6873803.711240246891975 ], [ 364829.064474426035304, 6873802.459970165044069 ], [ 364828.69952261162689, 6873801.202248739078641 ], [ 364828.356218714558054, 6873799.938446764834225 ], [ 364828.034663937287405, 6873798.668936798349023 ], [ 364827.734953082341235, 6873797.394093123264611 ], [ 364827.457174499868415, 6873796.11429154407233 ], [ 364827.201410083391238, 6873794.829909365624189 ], [ 364826.967735234065913, 6873793.541325233876705 ], [ 364826.756218838796485, 6873792.248919021338224 ], [ 364826.589228698343504, 6873791.105766527354717 ], [ 364826.760458681441378, 6873790.517197647131979 ], [ 364826.901017961383332, 6873790.018006784841418 ], [ 364827.212951758934651, 6873788.872319650836289 ], [ 364827.344860972836614, 6873788.370773657225072 ], [ 364827.63694369996665, 6873787.219865588471293 ], [ 364827.760163430706598, 6873786.716114336624742 ], [ 364828.032307803921867, 6873785.56032926030457 ], [ 364828.146801229915582, 6873785.054523284547031 ], [ 364828.305818638880737, 6873784.322700660675764 ], [ 364828.357807063264772, 6873784.241844617761672 ], [ 364828.509082920325454, 6873784.002061041072011 ], [ 364828.780669369269162, 6873783.563257789239287 ], [ 364828.927798321528826, 6873783.320907588116825 ], [ 364829.19179672311293, 6873782.877497691661119 ], [ 364829.334735235432163, 6873782.632652577012777 ], [ 364829.591067487141117, 6873782.184767213650048 ], [ 364829.729773264378309, 6873781.937499633990228 ], [ 364829.978363478381652, 6873781.48527140263468 ], [ 364830.112795478024054, 6873781.23565452452749 ], [ 364830.353570163017139, 6873780.779217117466033 ], [ 364830.483688606880605, 6873780.527324800379574 ], [ 364830.716576424892992, 6873780.066813454031944 ], [ 364830.842342811345588, 6873779.812720234505832 ], [ 364831.067274958244525, 6873779.348271002992988 ], [ 364831.1886520733824, 6873779.092052063904703 ], [ 364831.405561907915398, 6873778.623802547343075 ], [ 364831.522513836505823, 6873778.365533704869449 ], [ 364831.731337212026119, 6873777.893622381612659 ], [ 364831.843829348392319, 6873777.633380056358874 ], [ 364832.044504461693577, 6873777.157946594059467 ], [ 364832.152503519726451, 6873776.895807791501284 ], [ 364832.344971014594194, 6873776.41699281334877 ], [ 364832.448445037647616, 6873776.153035098686814 ], [ 364832.632647946651559, 6873775.670980324037373 ], [ 364832.731566317030229, 6873775.405281801708043 ], [ 364832.907450122351293, 6873774.920129905454814 ], [ 364833.001783570449334, 6873774.652769195847213 ], [ 364833.169296257256065, 6873774.164663653820753 ], [ 364833.25901686999714, 6873773.895719867199659 ], [ 364833.418108846934047, 6873773.404805179685354 ], [ 364833.503190076269675, 6873773.134357896633446 ], [ 364833.653814278659411, 6873772.640779295936227 ], [ 364833.734230949252378, 6873772.368908541277051 ], [ 364833.876342821342405, 6873771.87281202711165 ], [ 364833.952071138191968, 6873771.599598244763911 ], [ 364834.085628601023927, 6873771.101130709983408 ], [ 364834.156646156276111, 6873770.826654745265841 ], [ 364834.28160971502075, 6873770.325963596813381 ], [ 364834.347895494836848, 6873770.050306664779782 ], [ 364834.464228159980848, 6873769.547540104947984 ], [ 364834.52576255047461, 6873769.270783772692084 ], [ 364834.633429897250608, 6873768.766090583987534 ], [ 364834.690194690716453, 6873768.488316743634641 ], [ 364834.789164879301097, 6873767.981846171431243 ], [ 364834.841143279045355, 6873767.70313701312989 ], [ 364834.931387001415715, 6873767.195039036683738 ], [ 364834.978563627286348, 6873766.915477031841874 ], [ 364835.060054193891119, 6873766.405901926569641 ], [ 364835.102415086410474, 6873766.125569796189666 ], [ 364835.175128380709793, 6873765.614668366499245 ], [ 364835.21266100538196, 6873765.333649060688913 ], [ 364835.276575514988508, 6873764.821572453714907 ], [ 364835.309268766024616, 6873764.539949123747647 ], [ 364835.364365574729163, 6873764.026848892681301 ], [ 364835.392209778307006, 6873763.744704870507121 ], [ 364835.438472582900431, 6873763.230732848867774 ], [ 364835.461459500016645, 6873762.948151621967554 ], [ 364835.498874614946544, 6873762.43345985468477 ], [ 364835.516997443861328, 6873762.150525035336614 ], [ 364835.545553795876913, 6873761.635265841148794 ], [ 364835.558807173976675, 6873761.352061151526868 ], [ 364835.578496313828509, 6873760.8363869888708 ], [ 364835.586876319546718, 6873760.552996226586401 ], [ 364835.597692420997191, 6873760.037059690803289 ], [ 364835.6011965747457, 6873759.753566711209714 ], [ 364835.254692475660704, 6873756.898328805342317 ], [ 364835.701004787290003, 6873756.716171247884631 ], [ 364836.375440461095423, 6873756.43422781676054 ], [ 364836.842113445803989, 6873756.234483361244202 ], [ 364837.511682037904393, 6873755.941168722696602 ], [ 364837.974908489035442, 6873755.733556680381298 ], [ 364838.639418293430936, 6873755.428954814560711 ], [ 364839.099065586691722, 6873755.213534627109766 ], [ 364839.758326345589012, 6873754.897732745856047 ], [ 364840.214262940688059, 6873754.674566059373319 ], [ 364840.868085899448488, 6873754.347654579207301 ], [ 364841.320181118731853, 6873754.116805358789861 ], [ 364841.96837907936424, 6873753.778877881355584 ], [ 364842.4165036486811, 6873753.540412136353552 ], [ 364843.058891023916658, 6873753.191565412096679 ], [ 364843.502916517376434, 6873752.945551482960582 ], [ 364844.139309383463115, 6873752.58588539250195 ], [ 364844.579108734324109, 6873752.33239368069917 ], [ 364845.209324883820955, 6873751.962011200375855 ], [ 364845.64477212796919, 6873751.701114309951663 ], [ 364846.268631121958606, 6873751.320121485739946 ], [ 364846.699601639120374, 6873751.05189408082515 ], [ 364847.316924858780112, 6873750.660399994812906 ], [ 364847.743295210064389, 6873750.384918903000653 ], [ 364848.353905907890294, 6873749.983035645447671 ], [ 364848.775554017163813, 6873749.700379740446806 ], [ 364849.379277367494069, 6873749.288222376257181 ], [ 364849.796082551125437, 6873748.998472560197115 ], [ 364850.392745700257365, 6873748.576159094460309 ], [ 364850.804588576196693, 6873748.279398357495666 ], [ 364851.394020691863261, 6873747.847049704752862 ], [ 364851.800783373240847, 6873747.543362993746996 ], [ 364852.382815693446901, 6873747.101102940738201 ], [ 364852.784381741832476, 6873746.790577185340226 ], [ 364853.358847623283509, 6873746.338532355614007 ], [ 364857.907748782017734, 6873741.902912831865251 ], [ 364858.189604377665091, 6873741.562737949192524 ], [ 364858.519166968180798, 6873741.157865605317056 ], [ 364858.795060536765959, 6873740.812837683595717 ], [ 364859.117528079077601, 6873740.402291956357658 ], [ 364859.38737607607618, 6873740.052515475079417 ], [ 364859.702650902909227, 6873739.636420708149672 ], [ 364859.966371614369564, 6873739.282001585699618 ], [ 364860.274358270748053, 6873738.860483763739467 ], [ 364860.531871838145889, 6873738.501529323868454 ], [ 364860.832477111951448, 6873738.074716014787555 ], [ 364861.083705556520727, 6873737.711334952153265 ], [ 364861.376838366966695, 6873737.279355474747717 ], [ 364861.621705612982623, 6873736.911657826974988 ], [ 364861.907277162245009, 6873736.474643044173717 ], [ 364862.145709060481749, 6873736.102740157395601 ], [ 364862.423632980615366, 6873735.660822237841785 ], [ 364862.655557330290321, 6873735.284826726652682 ], [ 364862.925749343761709, 6873734.838139676488936 ], [ 364863.151095914829057, 6873734.458165400661528 ], [ 364863.413474298198707, 6873734.006844327785075 ], [ 364863.632174852536991, 6873733.62300634663552 ], [ 364863.886660083662719, 6873733.167188036255538 ], [ 364864.098648395447526, 6873732.779602583497763 ], [ 364864.345163474674337, 6873732.319424955174327 ], [ 364864.55037535080919, 6873731.92820939514786 ], [ 364864.788845564064104, 6873731.463811917230487 ], [ 364864.987218863447197, 6873731.06908471789211 ], [ 364865.217572041612584, 6873730.600607937201858 ], [ 364865.409046693821438, 6873730.202488627284765 ], [ 364865.631213085376658, 6873729.730074397288263 ], [ 364865.815731109236367, 6873729.328683531843126 ], [ 364866.029643419373315, 6873728.852474946528673 ], [ 364866.207148940011393, 6873728.447934073396027 ], [ 364866.412742400891148, 6873727.968075319193304 ], [ 364866.583181667141616, 6873727.560506938956678 ], [ 364866.78039402019931, 6873727.077143328264356 ], [ 364866.94371542049339, 6873726.666670858860016 ], [ 364867.132486945949495, 6873726.179948764853179 ], [ 364867.288641024264507, 6873725.766696503385901 ], [ 364867.468914566619787, 6873725.2767632920295 ], [ 364867.617854037263896, 6873724.860856376588345 ], [ 364867.78957499662647, 6873724.367860437370837 ], [ 364867.931254758441355, 6873723.949424811638892 ], [ 364868.094371146929916, 6873723.453515395522118 ], [ 364868.228748297260609, 6873723.032677766866982 ], [ 364868.383210702450015, 6873722.534005098976195 ], [ 364868.510244550008792, 6873722.110892904922366 ], [ 364868.656006225559395, 6873721.609607904218137 ], [ 364868.775658302591182, 6873721.184349266812205 ], [ 364868.912675086641684, 6873720.680603806860745 ], [ 364869.024909160798416, 6873720.253327501937747 ], [ 364869.153139570378698, 6873719.747274097055197 ], [ 364869.257921655487735, 6873719.318109510466456 ], [ 364869.377326862711925, 6873718.80990139208734 ], [ 364869.474625229253434, 6873718.378978480584919 ], [ 364869.585169074765872, 6873717.868769549764693 ], [ 364869.674954259418882, 6873717.436218802817166 ], [ 364869.776603267819155, 6873716.924163562245667 ], [ 364869.858848082309123, 6873716.490115962922573 ], [ 364869.951571472978685, 6873715.976369471289217 ], [ 364870.026251012342982, 6873715.54095645621419 ], [ 364870.110020711552352, 6873715.025674257427454 ], [ 364870.177112361765467, 6873714.58902767393738 ], [ 364870.251902996154968, 6873714.072365844622254 ], [ 364870.311386440938804, 6873713.634617917239666 ], [ 364870.377175366913434, 6873713.116732883267105 ], [ 364870.429032593674492, 6873712.678016168996692 ], [ 364870.459024712268729, 6873712.403836251236498 ], [ 364870.459479269164149, 6873712.401224981062114 ], [ 364870.544085524859838, 6873711.888997040688992 ], [ 364870.62417644879315, 6873711.376567762345076 ], [ 364870.699905948888045, 6873710.862952429801226 ], [ 364870.771117311436683, 6873710.349213914014399 ], [ 364870.837947378458921, 6873709.834364998154342 ], [ 364870.900257853034418, 6873709.319471101276577 ], [ 364870.958168473851401, 6873708.80354277882725 ], [ 364871.011559399368707, 6873708.287647702731192 ], [ 364871.060533229261637, 6873707.770794494077563 ], [ 364871.10498861601809, 6873707.254052740521729 ], [ 364871.145010987413116, 6873706.73642944637686 ], [ 364871.18051752174506, 6873706.218995773233473 ], [ 364871.211576449917629, 6873705.700757396407425 ], [ 364871.238123498216737, 6873705.182786764577031 ], [ 364871.260209680942353, 6873704.664088515564799 ], [ 364871.277789292682428, 6873704.145736050792038 ], [ 364871.290896115475334, 6873703.626733273267746 ], [ 364871.299503025889862, 6873703.108154213055968 ], [ 364871.303626563458238, 6873702.589002340100706 ], [ 364871.303258194937371, 6873702.070351990871131 ], [ 364871.298397212463897, 6873701.551206502132118 ], [ 364871.28905367536936, 6873701.032640190795064 ], [ 364871.275209628569428, 6873700.513656554743648 ], [ 364871.256893721059896, 6873699.995329583995044 ], [ 364871.234070755890571, 6873699.476663230918348 ], [ 364871.206787963281386, 6873698.958730831742287 ], [ 364871.174992915184703, 6873698.440537098795176 ], [ 364871.138751408318058, 6873697.923154383897781 ], [ 364871.097993798844982, 6873697.405588454566896 ], [ 364871.052804431412369, 6873696.888910371810198 ], [ 364871.003096468281001, 6873696.37212726380676 ], [ 364870.948972773854621, 6873695.85630854871124 ], [ 364870.890329341054894, 6873695.340463003143668 ], [ 364870.827287528722081, 6873694.825658136978745 ], [ 364870.759726192685775, 6873694.310904674232006 ], [ 364870.687785142508801, 6873693.79726783093065 ], [ 364870.611326131795067, 6873693.283760573714972 ], [ 364870.530507388932165, 6873692.771445581689477 ], [ 364870.445173607149627, 6873692.25933835376054 ], [ 364870.355501375626773, 6873691.748498641885817 ], [ 364870.261318377743009, 6873691.237944801338017 ], [ 364870.162819512886927, 6873690.728733357042074 ], [ 364870.059815498592798, 6873690.219885773956776 ], [ 364869.95251949923113, 6873689.712455100379884 ], [ 364869.840725329413544, 6873689.205466229468584 ], [ 364869.724664329085499, 6873688.699968291446567 ], [ 364865.471920443698764, 6873678.809731341898441 ], [ 364865.153047121188138, 6873678.329860902391374 ], [ 364864.868147005909123, 6873677.908897373825312 ], [ 364864.541188993025571, 6873677.434498498216271 ], [ 364864.24919735599542, 6873677.018422444351017 ], [ 364863.914248518121894, 6873676.549631327390671 ], [ 364863.615249193506315, 6873676.138562212698162 ], [ 364863.272405690222513, 6873675.675513438880444 ], [ 364862.966484547068831, 6873675.26956931501627 ], [ 364862.615844804327935, 6873674.812395818531513 ], [ 364862.303089630848262, 6873674.41169317625463 ], [ 364861.944754312746227, 6873673.960526206530631 ], [ 364861.625254925223999, 6873673.565180119127035 ], [ 364861.259326905244961, 6873673.120149199850857 ], [ 364860.93317501922138, 6873672.730273155495524 ], [ 364860.559759350609966, 6873672.291506049223244 ], [ 364860.227048578963149, 6873671.907211950980127 ], [ 364859.846252464456484, 6873671.474834622815251 ], [ 364859.507078356633428, 6873671.096232835203409 ], [ 364859.119011118018534, 6873670.670369414612651 ], [ 364858.773471041000448, 6873670.297568620182574 ], [ 364858.378244087216444, 6873669.878341366536915 ], [ 364858.026437210384756, 6873669.511448561213911 ], [ 364857.624164006090723, 6873669.098977830260992 ], [ 364857.266191378002986, 6873668.7380983941257 ], [ 364856.856987410632428, 6873668.332502599805593 ], [ 364856.492951747670304, 6873667.977740083821118 ], [ 364856.076934494427405, 6873667.579135668464005 ], [ 364855.70694032474421, 6873667.230591939762235 ], [ 364855.284229218785185, 6873666.839093337766826 ], [ 364854.908382805122528, 6873666.496868496760726 ], [ 364854.479099201329518, 6873666.112588101066649 ], [ 364854.0975083928206, 6873665.776780348271132 ], [ 364853.661775533051696, 6873665.39982848148793 ], [ 364853.274549900495913, 6873665.070534243248403 ], [ 364852.832492877962068, 6873664.701019123196602 ], [ 364852.439743578899652, 6873664.378332925960422 ], [ 364851.991489302483387, 6873664.016360635869205 ], [ 364851.593329086143058, 6873663.7003751154989 ], [ 364851.139006243902259, 6873663.346049573272467 ], [ 364850.735549442120828, 6873663.036855466663837 ], [ 364850.275288464326877, 6873662.690278394147754 ], [ 364849.86665088502923, 6873662.387964450754225 ], [ 364849.400583906564862, 6873662.049235345795751 ], [ 364848.986882861121558, 6873661.753888353705406 ], [ 364848.515143683820497, 6873661.423104461282492 ], [ 364848.096497968886979, 6873661.134809231385589 ], [ 364847.619222023058683, 6873660.812065514735878 ], [ 364847.195751775754616, 6873660.530904778279364 ], [ 364846.713076081126928, 6873660.216293893754482 ], [ 364846.284902906802017, 6873659.94234838988632 ], [ 364845.796966033289209, 6873659.635960658080876 ], [ 364845.364212900516577, 6873659.369309061206877 ], [ 364844.871154928638134, 6873659.071232440881431 ], [ 364844.433945964206941, 6873658.811951234936714 ], [ 364843.935908444400411, 6873658.522271301597357 ], [ 364843.49436922755558, 6873658.270434962585568 ], [ 364842.991495140013285, 6873657.989234879612923 ], [ 364842.545752507518046, 6873657.744915746152401 ], [ 364842.327280652069021, 6873657.627563470974565 ], [ 364842.365592750837095, 6873657.530438798479736 ], [ 364842.416748998803087, 6873657.397387078031898 ], [ 364842.599107976187952, 6873656.910539558157325 ], [ 364842.647950931394007, 6873656.776621345430613 ], [ 364842.821846095961519, 6873656.286686896346509 ], [ 364842.868361090659164, 6873656.15194240771234 ], [ 364843.033740237937309, 6873655.65906810760498 ], [ 364843.077913303335663, 6873655.523537807166576 ], [ 364843.234726750059053, 6873655.027871723286808 ], [ 364843.276544620748609, 6873654.891596311703324 ], [ 364843.424745264579542, 6873654.393287333659828 ], [ 364843.464195382432081, 6873654.256307736039162 ], [ 364843.603738739213441, 6873653.755505440756679 ], [ 364843.640809257107321, 6873653.617862792685628 ], [ 364843.771653428615537, 6873653.114717540331185 ], [ 364843.806333214044571, 6873652.976453175768256 ], [ 364843.9284388848464, 6873652.471116147004068 ], [ 364843.960717523295898, 6873652.332271588034928 ], [ 364844.074048030423, 6873651.824894517660141 ], [ 364844.103915828396566, 6873651.685511460527778 ], [ 364844.208437141962349, 6873651.176246700808406 ], [ 364844.235885130008683, 6873651.036367002874613 ], [ 364844.331565862463322, 6873650.525367482565343 ], [ 364844.35658579779556, 6873650.385033150203526 ], [ 364844.443397214286961, 6873649.872452331706882 ], [ 364844.465981583227403, 6873649.731705508194864 ], [ 364844.543897611147258, 6873649.21769733633846 ], [ 364844.564039631513879, 6873649.076580288819969 ], [ 364844.633036871789955, 6873648.561299132183194 ], [ 364844.650730494817253, 6873648.419854239560664 ], [ 364844.710788232448976, 6873647.903454800136387 ], [ 364844.726028144650627, 6873647.761724538169801 ], [ 364844.777128341142088, 6873647.244361910969019 ], [ 364844.789909965766128, 6873647.102388842962682 ], [ 364844.832037272630259, 6873646.584218431264162 ], [ 364844.842356771463528, 6873646.442045192234218 ], [ 364844.875498542445712, 6873645.92322254460305 ], [ 364844.88335281633772, 6873645.780891830101609 ], [ 364844.907499096065294, 6873645.261572786606848 ], [ 364844.912885786383413, 6873645.119127338752151 ], [ 364844.928029323462397, 6873644.599467867054045 ], [ 364844.93094681261573, 6873644.456950463354588 ], [ 364844.937083060503937, 6873643.93710657954216 ], [ 364844.937530472234357, 6873643.794560019858181 ], [ 364844.934657587320544, 6873643.274687863886356 ], [ 364844.932634787284769, 6873643.132154953666031 ], [ 364844.920753633021377, 6873642.612410659901798 ], [ 364844.916261228790972, 6873642.469934204593301 ], [ 364844.895375371910632, 6873641.9504738105461 ], [ 364844.888414712448139, 6873641.808096596039832 ], [ 364844.858530426339712, 6873641.289076138287783 ], [ 364844.849103602056857, 6873641.146840921603143 ], [ 364844.810229861701373, 6873640.628416262567043 ], [ 364844.798339703527745, 6873640.486365756951272 ], [ 364844.750488180259708, 6873639.968692551366985 ], [ 364844.73613825882785, 6873639.826869416050613 ], [ 364844.679323327727616, 6873639.310103174299002 ], [ 364844.662517952441704, 6873639.168549998663366 ], [ 364844.596756665268913, 6873638.65284582413733 ], [ 364844.577500882849563, 6873638.511605119332671 ], [ 364844.502813003084157, 6873637.99711799621582 ], [ 364844.481112596171442, 6873637.856232175603509 ], [ 364844.397520539758261, 6873637.343116512522101 ], [ 364844.373382025107276, 6873637.202627886086702 ], [ 364844.280910900386516, 6873636.691037810407579 ], [ 364844.254341527004726, 6873636.550988567993045 ], [ 364844.153019105608109, 6873636.04107772372663 ], [ 364844.124026852310635, 6873635.901509921997786 ], [ 364844.013883553619962, 6873635.39343139808625 ], [ 364843.982477127050515, 6873635.254386951215565 ], [ 364843.863546052831225, 6873634.748293436132371 ], [ 364843.829734884493519, 6873634.609814098104835 ], [ 364843.731521041074302, 6873634.218974135816097 ], [ 364843.664585182094015, 6873633.959976560436189 ], [ 364843.659489705460146, 6873633.936833729036152 ], [ 364843.597839891561307, 6873633.667772377841175 ], [ 364843.479373042180669, 6873633.170259793289006 ], [ 364843.413145550293848, 6873632.902288470417261 ], [ 364843.286214918014593, 6873632.406867668032646 ], [ 364843.215428994852118, 6873632.140064249746501 ], [ 364843.080071455682628, 6873631.64687916263938 ], [ 364843.004747672646772, 6873631.381321187131107 ], [ 364842.861002570949495, 6873630.890515172854066 ], [ 364842.781162818195298, 6873630.626279815100133 ], [ 364842.629071942355949, 6873630.137995553202927 ], [ 364842.54473942250479, 6873629.875159602612257 ], [ 364842.384346950158942, 6873629.389538924209774 ], [ 364842.295546171546448, 6873629.128178765997291 ], [ 364842.126898734306451, 6873628.645362857729197 ], [ 364842.033655503648333, 6873628.385554445907474 ], [ 364841.856802080001216, 6873627.905683529563248 ], [ 364841.759143495175522, 6873627.647502370178699 ], [ 364841.57413553353399, 6873627.17071604449302 ], [ 364841.47208997560665, 6873626.914237166754901 ], [ 364841.278981212701183, 6873626.440673911944032 ], [ 364841.17257833754411, 6873626.185971852391958 ], [ 364840.97142487228848, 6873625.715769245289266 ], [ 364840.860695602139458, 6873625.462918025441468 ], [ 364840.651555911579635, 6873624.99621275998652 ], [ 364840.536532425961923, 6873624.745285862125456 ], [ 364840.319467323075514, 6873624.282213643193245 ], [ 364840.200183049601037, 6873624.033283988945186 ], [ 364839.975255567987915, 6873623.573979285545647 ], [ 364839.851745172287337, 6873623.327119218185544 ], [ 364839.619020712561905, 6873622.871715580113232 ], [ 364839.491320088680368, 6873622.62699684035033 ], [ 364839.250866225978825, 6873622.17562650423497 ], [ 364839.119012485491112, 6873621.933120212517679 ], [ 364838.870899187517352, 6873621.485914517194033 ], [ 364838.734930649108719, 6873621.245691147632897 ], [ 364838.479229936201591, 6873620.802779905498028 ], [ 364838.339186114259064, 6873620.564909271895885 ], [ 364838.07597237743903, 6873620.126421337947249 ], [ 364837.931893970875535, 6873619.890972567722201 ], [ 364837.661243647045922, 6873619.45703527610749 ], [ 364837.513172527018469, 6873619.224076794460416 ], [ 364837.235164276731666, 6873618.794816263951361 ], [ 364837.083143474941608, 6873618.5644157724455 ], [ 364836.797858110163361, 6873618.139956783503294 ], [ 364836.641931806050707, 6873617.912181239575148 ], [ 364836.349452204827685, 6873617.492647100239992 ], [ 364836.189665712940041, 6873617.267562699504197 ], [ 364835.890076938667335, 6873616.85307542514056 ], [ 364835.726476695155725, 6873616.630747579038143 ], [ 364835.419865717063658, 6873616.221427492797375 ], [ 364835.252499266702216, 6873616.001920814625919 ], [ 364835.214722480508499, 6873615.952635454013944 ], [ 364835.017727457627188, 6873615.67779134772718 ], [ 364834.947335137519985, 6873615.581345073878765 ], [ 364834.639341962174512, 6873615.166893756017089 ], [ 364834.5673000907409, 6873615.071673320606351 ], [ 364834.252219137211796, 6873614.662584267556667 ], [ 364834.178549057280179, 6873614.568617881275713 ], [ 364833.856473828433082, 6873614.165012496523559 ], [ 364833.781197365024127, 6873614.072327996604145 ], [ 364833.452223242027685, 6873613.674325801432133 ], [ 364833.375362696300726, 6873613.582950646057725 ], [ 364833.039587166509591, 6873613.190669576637447 ], [ 364832.961165308719501, 6873613.10063083563 ], [ 364832.618687552807387, 6873612.714186777360737 ], [ 364832.538727615959942, 6873612.625511127524078 ], [ 364832.189649621781427, 6873612.245019157417119 ], [ 364832.108175294299144, 6873612.157732866704464 ], [ 364831.752600096981041, 6873611.783305282704532 ], [ 364831.669635516183916, 6873611.697434211149812 ], [ 364831.30766839440912, 6873611.329181886278093 ], [ 364831.223238138889428, 6873611.244751474820077 ], [ 364830.854986793652643, 6873610.882783972658217 ], [ 364830.769115876464639, 6873610.799819231964648 ], [ 364830.394688740023412, 6873610.44424313865602 ], [ 364830.307402600708883, 6873610.362768650054932 ], [ 364829.926911241025664, 6873610.013689919374883 ], [ 364829.838235738687217, 6873609.933729818090796 ], [ 364829.451792517036665, 6873609.591251524165273 ], [ 364829.361753922188655, 6873609.512829499319196 ], [ 364828.969473435659893, 6873609.177053204737604 ], [ 364828.878098422777839, 6873609.100192489102483 ], [ 364828.480096649029292, 6873608.771217472851276 ], [ 364828.387412288459018, 6873608.695940838195384 ], [ 364827.983807699522004, 6873608.37386502046138 ], [ 364827.889841449388769, 6873608.30019476544112 ], [ 364827.480752929346636, 6873607.985113011673093 ], [ 364827.38553262775531, 6873607.913070963695645 ], [ 364826.971081785741262, 6873607.60507695004344 ], [ 364826.874635642103385, 6873607.534684451296926 ], [ 364826.454945183475502, 6873607.233869358897209 ], [ 364826.35730177059304, 6873607.165147263556719 ], [ 364825.932496108114719, 6873606.871600263752043 ], [ 364825.833684353274293, 6873606.804568930529058 ], [ 364825.403889232431538, 6873606.518376911990345 ], [ 364825.303938409255352, 6873606.453056199476123 ], [ 364824.86928110133158, 6873606.174303912557662 ], [ 364824.768220820638817, 6873606.110713172703981 ], [ 364824.328830231854226, 6873605.839483288116753 ], [ 364824.226690433337353, 6873605.777641359716654 ], [ 364823.782696509268135, 6873605.5140140959993 ], [ 364823.679507452412508, 6873605.453939300961792 ], [ 364823.231042227998842, 6873605.197993047535419 ], [ 364823.126834483118728, 6873605.139703181572258 ], [ 364822.674030145280994, 6873604.891513382084668 ], [ 364822.568834584439173, 6873604.835025715641677 ], [ 364822.111825949745253, 6873604.594666264019907 ], [ 364822.005673737672623, 6873604.539997530169785 ], [ 364821.544595542713068, 6873604.307539290748537 ], [ 364821.437518127611838, 6873604.254705687053502 ], [ 364820.972507375350688, 6873604.030217738822103 ], [ 364820.864536479464732, 6873603.979234917089343 ], [ 364820.395730979391374, 6873603.762783782556653 ], [ 364820.286898589576595, 6873603.713666846044362 ], [ 364819.814437151188031, 6873603.505316607654095 ], [ 364819.704775509773754, 6873603.458080107346177 ], [ 364819.228797844552901, 6873603.257892383262515 ], [ 364819.118339439271949, 6873603.2125503141433 ], [ 364818.638986636244226, 6873603.020584451965988 ], [ 364818.527764190977905, 6873602.977150247432292 ], [ 364818.045178906002548, 6873602.79346336517483 ], [ 364817.933225371118169, 6873602.751949890516698 ], [ 364817.447549529490061, 6873602.576596009545028 ], [ 364817.334898071654607, 6873602.537015565671027 ], [ 364816.846276420808863, 6873602.370046952739358 ], [ 364816.732960413675755, 6873602.332411264069378 ], [ 364816.241537159716245, 6873602.173877192661166 ], [ 364816.127590173797216, 6873602.138197409920394 ], [ 364815.633511278778315, 6873601.988144969567657 ], [ 364815.518967071373481, 6873601.954431662335992 ], [ 364815.022378814173862, 6873601.812905270606279 ], [ 364814.90727131976746, 6873601.781168426387012 ], [ 364814.408320419490337, 6873601.648209906183183 ], [ 364814.29268373909872, 6873601.618458928540349 ], [ 364813.791518532321788, 6873601.494107810780406 ], [ 364813.675386924063787, 6873601.466351512819529 ], [ 364813.172155763546471, 6873601.350644601508975 ], [ 364813.05556363199139, 6873601.324891205877066 ], [ 364812.550415351695847, 6873601.217862724326551 ], [ 364812.43339723785175, 6873601.194119861349463 ], [ 364811.926481816801243, 6873601.095801586285233 ], [ 364811.809072387928609, 6873601.074076289311051 ], [ 364811.300539823481813, 6873600.984497312456369 ], [ 364811.182773862732574, 6873600.964796017855406 ], [ 364810.672774847596884, 6873600.883982883766294 ], [ 364810.554687243769877, 6873600.866311428137124 ], [ 364810.043372937769163, 6873600.79428808670491 ], [ 364809.924998674949165, 6873600.778651705011725 ], [ 364809.412520244368352, 6873600.715439454652369 ], [ 364809.293894391565118, 6873600.701842780224979 ], [ 364808.780404159275349, 6873600.647460407577455 ], [ 364808.66156186000444, 6873600.635907467454672 ], [ 364808.147211461735424, 6873600.590371032245457 ], [ 364808.028187923657242, 6873600.580865249969065 ], [ 364807.513130154635292, 6873600.544188280589879 ], [ 364807.393960639077704, 6873600.536732471548021 ], [ 364806.878347834048327, 6873600.508925812318921 ], [ 364806.759067645703908, 6873600.503522185608745 ], [ 364806.243052834703121, 6873600.484594085253775 ], [ 364806.123697310860734, 6873600.481244240887463 ], [ 364805.607432593300473, 6873600.471200287342072 ], [ 364805.488037093717139, 6873600.469905219972134 ], [ 364804.971676671586465, 6873600.468748411163688 ], [ 364804.852276567835361, 6873600.469508501701057 ], [ 364804.335972070868593, 6873600.477239175699651 ], [ 364804.216602735803463, 6873600.480054201558232 ], [ 364803.700508366513532, 6873600.496670051477849 ], [ 364803.581205163965933, 6873600.50153917632997 ], [ 364803.065472786489408, 6873600.527035307139158 ], [ 364802.946271060674917, 6873600.533957090228796 ], [ 364802.431054176180623, 6873600.568325919099152 ], [ 364802.311989241163246, 6873600.577298308722675 ], [ 364801.945478589797858, 6873600.607177597470582 ], [ 364800.823016018141061, 6873600.705613483674824 ], [ 364800.434483509568963, 6873600.742234423756599 ], [ 364799.550960382563062, 6873600.831311841495335 ], [ 364799.054266170831397, 6873600.885570811107755 ], [ 364798.172349113214295, 6873600.989350413903594 ], [ 364798.004083110776264, 6873601.010573197156191 ], [ 364797.972024173941463, 6873600.89996175840497 ], [ 364797.915535183565225, 6873600.711226537823677 ], [ 364797.761280637176242, 6873600.211732177063823 ], [ 364797.70151150750462, 6873600.024009933695197 ], [ 364797.538576684193686, 6873599.527279312722385 ], [ 364797.47554556443356, 6873599.340627049095929 ], [ 364797.303979924705345, 6873598.846810957416892 ], [ 364797.237705954525154, 6873598.661285351961851 ], [ 364797.057561620662455, 6873598.170533810742199 ], [ 364796.988064924429636, 6873597.98619119822979 ], [ 364796.799396575428545, 6873597.498653165064752 ], [ 364796.726698256214149, 6873597.315549522638321 ], [ 364796.529563187912572, 6873596.831373055465519 ], [ 364796.453685320739169, 6873596.649563983082771 ], [ 364796.248143409495242, 6873596.168896142393351 ], [ 364796.169109035166912, 6873595.988436846993864 ], [ 364795.955222654098179, 6873595.511423495598137 ], [ 364795.873055771633517, 6873595.332368775270879 ], [ 364795.650889932643622, 6873594.859154902398586 ], [ 364795.565615492523648, 6873594.681559126824141 ], [ 364795.335237601306289, 6873594.212288305163383 ], [ 364795.246881497383583, 6873594.036205402575433 ], [ 364795.008361511223484, 6873593.571020137518644 ], [ 364794.916950573329814, 6873593.396503577008843 ], [ 364794.670360945630819, 6873592.935545173473656 ], [ 364794.575922931020614, 6873592.7626479472965 ], [ 364794.321338556881528, 6873592.306056407280266 ], [ 364794.223902142199222, 6873592.134831015951931 ], [ 364793.961400271800812, 6873591.682744885794818 ], [ 364793.860995043884031, 6873591.513243323192 ], [ 364793.590655441745184, 6873591.065799973905087 ], [ 364793.487311889242847, 6873590.898073709569871 ], [ 364793.209216600109357, 6873590.455408936366439 ], [ 364793.102966103702784, 6873590.289508901536465 ], [ 364792.817199598881416, 6873589.851757164113224 ], [ 364792.708074422029313, 6873589.687733734957874 ], [ 364792.414723485358991, 6873589.25502797216177 ], [ 364792.302756764460355, 6873589.092930954881012 ], [ 364792.001910411403514, 6873588.665402469225228 ], [ 364791.887136145553086, 6873588.505281086079776 ], [ 364791.57888582861051, 6873588.083059839904308 ], [ 364791.461338869587053, 6873587.924962711520493 ], [ 364791.145778142963536, 6873587.508176845498383 ], [ 364791.025494184461422, 6873587.352151978760958 ], [ 364790.702718773158267, 6873586.940927929244936 ], [ 364790.579734339902643, 6873586.787022703327239 ], [ 364790.249842474819161, 6873586.381485616788268 ], [ 364790.124194911622908, 6873586.229746763594449 ], [ 364789.787286517908797, 6873585.830019478686154 ], [ 364789.659013978205621, 6873585.680493076331913 ], [ 364789.315191577246878, 6873585.28669723123312 ], [ 364789.184333011624403, 6873585.139428682625294 ], [ 364788.833700800721999, 6873584.75168361980468 ], [ 364788.700295944872778, 6873584.606717645190656 ], [ 364788.342960618960205, 6873584.225141352973878 ], [ 364788.207049981981982, 6873584.082521970383823 ], [ 364787.843119899800513, 6873583.707230152562261 ], [ 364787.704744751506951, 6873583.567000669427216 ], [ 364787.334330408484675, 6873583.198107275180519 ], [ 364787.193532767123543, 6873583.060310273431242 ], [ 364786.816746776283253, 6873582.697927453555167 ], [ 364786.67356939567253, 6873582.562604774720967 ], [ 364786.290525977616198, 6873582.206842381507158 ], [ 364786.145012334338389, 6873582.074035118333995 ], [ 364785.755827918474097, 6873581.72500129416585 ], [ 364785.60802219825564, 6873581.594749773852527 ], [ 364785.21281503996579, 6873581.252550570294261 ], [ 364785.062762124754954, 6873581.124894343316555 ], [ 364784.661652048351243, 6873580.789633511565626 ], [ 364784.5093975024065, 6873580.66461134236306 ], [ 364784.102506399445701, 6873580.336390768177807 ], [ 364783.948096455540508, 6873580.21404062025249 ], [ 364783.912954751576763, 6873580.1862380085513 ], [ 364782.671504050900694, 6873579.205561954528093 ], [ 364782.365996718464885, 6873578.939909339882433 ], [ 364782.000098116055597, 6873578.626865107566118 ], [ 364781.149143818358425, 6873577.910579957067966 ], [ 364780.778267752379179, 6873577.603448987007141 ], [ 364779.915926171233878, 6873576.900914553552866 ], [ 364779.540168225124944, 6873576.59977599978447 ], [ 364778.666661536612082, 6873575.911173284985125 ], [ 364778.286118489282671, 6873575.616104707121849 ], [ 364777.401671746047214, 6873574.941611125133932 ], [ 364777.01644165389007, 6873574.652688555419445 ], [ 364776.121282727166545, 6873573.99247788451612 ], [ 364775.731464823475108, 6873573.709775749593973 ], [ 364774.825824344588909, 6873573.064018089324236 ], [ 364774.431519105273765, 6873572.787609254941344 ], [ 364773.515630405861884, 6873572.156470978632569 ], [ 364773.116939382511191, 6873571.886426631361246 ], [ 364772.191038434626535, 6873571.270070347934961 ], [ 364771.788064377615228, 6873571.006460084579885 ], [ 364770.852389733016025, 6873570.405044592916965 ], [ 364770.445236423751339, 6873570.147936302237213 ], [ 364769.500029152142815, 6873569.561616553924978 ], [ 364760.45419017173117, 6873565.828584008850157 ], [ 364759.91007158177672, 6873565.70258205384016 ], [ 364759.403139992093202, 6873565.589805438183248 ], [ 364758.856921812635846, 6873565.473241151310503 ], [ 364758.348113994346932, 6873565.369256508536637 ], [ 364757.799959907599259, 6873565.262164819985628 ], [ 364757.289428337651771, 6873565.167003312148154 ], [ 364756.73950260609854, 6873565.069416313432157 ], [ 364756.22740025940584, 6873564.983106453903019 ], [ 364755.675867676327471, 6873564.895053388550878 ], [ 364755.162348077748902, 6873564.817621051333845 ], [ 364754.609373917977791, 6873564.739128304645419 ], [ 364754.094590796448756, 6873564.670596671290696 ], [ 364753.540340766776353, 6873564.601687766611576 ], [ 364753.024448545824271, 6873564.542077395133674 ], [ 364752.46908873540815, 6873564.482772980816662 ], [ 364751.952241942868568, 6873564.432101727463305 ], [ 364751.395938773464877, 6873564.38241957500577 ], [ 364750.878292285429779, 6873564.340702621266246 ], [ 364750.321212461392861, 6873564.300657618790865 ], [ 364749.802921354712453, 6873564.267907464876771 ], [ 364749.245231813169084, 6873564.237511613406241 ], [ 364748.726451564405579, 6873564.213738081976771 ], [ 364748.168319425196387, 6873564.193000487983227 ], [ 364747.649205261666793, 6873564.178210693411529 ], [ 364747.09079777734587, 6873564.167137573473155 ], [ 364746.57150547549827, 6873564.161335953511298 ], [ 364746.012989980983548, 6873564.159930624067783 ], [ 364745.493675018078648, 6873564.163118914701045 ], [ 364744.959578373178374, 6873564.17102137580514 ], [ 364744.662384729192127, 6873564.165088471025229 ], [ 364744.496073254500516, 6873564.163203717209399 ], [ 364743.978385894559324, 6873564.16180392447859 ], [ 364743.812066659273114, 6873564.162789266556501 ], [ 364743.294432382623199, 6873564.17032271809876 ], [ 364743.128154913370963, 6873564.174177861772478 ], [ 364742.610727762628812, 6873564.190642311237752 ], [ 364742.444541573466267, 6873564.197366108186543 ], [ 364741.927475423435681, 6873564.222756661474705 ], [ 364741.761430001293775, 6873564.232347110286355 ], [ 364741.244879061821848, 6873564.26665619481355 ], [ 364741.079023851722013, 6873564.279110439121723 ], [ 364740.563141829392407, 6873564.322327844798565 ], [ 364740.397526219720021, 6873564.33764217607677 ], [ 364739.882466822571587, 6873564.389755024574697 ], [ 364739.71714013023302, 6873564.407924882136285 ], [ 364739.203056557162199, 6873564.468917674385011 ], [ 364739.038068013323937, 6873564.489937648177147 ], [ 364738.525113473238889, 6873564.559792208485305 ], [ 364738.360512208018918, 6873564.583656039088964 ], [ 364737.848839394981042, 6873564.662351574748755 ], [ 364737.684674423420802, 6873564.689052156172693 ], [ 364737.174435864668339, 6873564.776565204374492 ], [ 364737.010756071831565, 6873564.806094584986567 ], [ 364736.502103464794345, 6873564.902399128302932 ], [ 364736.338957591273356, 6873564.934748515486717 ], [ 364735.832042463764083, 6873565.039815869182348 ], [ 364735.669479091011453, 6873565.074975630268455 ], [ 364735.164452610595617, 6873565.188774458132684 ], [ 364735.002520146837924, 6873565.226734122261405 ], [ 364734.499532503425144, 6873565.349230579100549 ], [ 364734.338279168936424, 6873565.389978842809796 ], [ 364733.837480049405713, 6873565.52113647852093 ], [ 364733.676953862130176, 6873565.564661208540201 ], [ 364733.178492587816436, 6873565.704440915957093 ], [ 364733.018741349282209, 6873565.750729151070118 ], [ 364732.522766262060031, 6873565.899089332669973 ], [ 364732.363837542943656, 6873565.948127289302647 ], [ 364731.870496452029329, 6873566.105023727752268 ], [ 364731.712437578185927, 6873566.156796802766621 ], [ 364731.221877161704469, 6873566.322182850912213 ], [ 364731.064735199906863, 6873566.376675628125668 ], [ 364730.577101750590373, 6873566.550501967780292 ], [ 364730.420923494559247, 6873566.607698219828308 ], [ 364729.936362160544377, 6873566.789913106709719 ], [ 364729.78119411697844, 6873566.849795801565051 ], [ 364729.299849040922709, 6873567.040345034562051 ], [ 364729.145737415878102, 6873567.102896341122687 ], [ 364728.667752197943628, 6873567.301723074167967 ], [ 364728.514742882689461, 6873567.366924365051091 ], [ 364728.040259520930704, 6873567.573969532735646 ], [ 364727.888398078619502, 6873567.641801393590868 ], [ 364727.417558276676573, 6873567.857003161683679 ], [ 364727.26688992860727, 6873567.927445392124355 ], [ 364726.799833662633318, 6873568.150739776901901 ], [ 364726.650403274805285, 6873568.223771400749683 ], [ 364726.187269634217955, 6873568.455091905780137 ], [ 364726.039121704001445, 6873568.530691175721586 ], [ 364725.580048465344589, 6873568.769968992099166 ], [ 364725.433227108325809, 6873568.848113397136331 ], [ 364724.978351153724361, 6873569.095277180895209 ], [ 364724.8329000902595, 6873569.17594345100224 ], [ 364724.382356940885074, 6873569.43091956153512 ], [ 364724.23831948346924, 6873569.51408367510885 ], [ 364723.792243224394042, 6873569.776796223595738 ], [ 364723.649662264448125, 6873569.862433415837586 ], [ 364723.208185506402515, 6873570.132804309949279 ], [ 364723.067103501758538, 6873570.220889081247151 ], [ 364722.630358022055589, 6873570.49883761908859 ], [ 364722.490816983976401, 6873570.589343738742173 ], [ 364722.058932781626936, 6873570.874787180684507 ], [ 364721.920974262815434, 6873570.967687697149813 ], [ 364721.494079784722999, 6873571.260541151277721 ], [ 364721.357744866341818, 6873571.355808401480317 ], [ 364720.935967364930548, 6873571.655984573997557 ], [ 364720.801296644844115, 6873571.753590188920498 ], [ 364720.384761756111402, 6873572.060999659821391 ], [ 364720.251795336545911, 6873572.160914573818445 ], [ 364719.840626842866186, 6873572.47546599432826 ], [ 364719.709404318535235, 6873572.577660456299782 ], [ 364719.303724877012428, 6873572.899259997531772 ], [ 364719.174285323475488, 6873573.003703575581312 ], [ 364718.774215843295678, 6873573.332255379296839 ], [ 364718.646597804909106, 6873573.438916970975697 ], [ 364718.252257174171973, 6873573.774323400110006 ], [ 364718.126498653145973, 6873573.883171244524419 ], [ 364717.738004313607235, 6873574.225332416594028 ], [ 364717.614142758306116, 6873574.336334101855755 ], [ 364716.738062234362587, 6873575.153580577112734 ], [ 364716.427150629926473, 6873575.455446163192391 ], [ 364716.059597892104648, 6873575.818505111150444 ], [ 364715.753930627775844, 6873576.125679948367178 ], [ 364715.392684321675915, 6873576.495014536194503 ], [ 364715.092352047213353, 6873576.807407530024648 ], [ 364714.7375194192864, 6873577.182908114977181 ], [ 364714.442611202131957, 6873577.50042662024498 ], [ 364714.09429744258523, 6873577.8819818822667 ], [ 364713.804900741728488, 6873578.204531734809279 ], [ 364713.463209174515214, 6873578.592028488405049 ], [ 364713.179409814358223, 6873578.919514031149447 ], [ 364712.844441754044965, 6873579.312837379984558 ], [ 364712.566323898965493, 6873579.645161492750049 ], [ 364712.238178634492215, 6873580.044194852001965 ], [ 364711.965824764105491, 6873580.381258981302381 ], [ 364711.644599709194154, 6873580.78588389325887 ], [ 364711.378090593614615, 6873581.127588076516986 ], [ 364711.063880947360303, 6873581.53768462408334 ], [ 364710.803295623336453, 6873581.883927525021136 ], [ 364710.496194584469777, 6873582.299374069087207 ], [ 364710.24161033204291, 6873582.650053004734218 ], [ 364709.941708963247947, 6873583.070726355537772 ], [ 364709.693201282760128, 6873583.425737327896059 ], [ 364709.400588556949515, 6873583.851512682624161 ], [ 364709.158231146633625, 6873584.210750407539308 ], [ 364708.872993803408463, 6873584.641501552425325 ], [ 364708.636858537502121, 6873585.004859494045377 ], [ 364708.359081184258685, 6873585.440458660945296 ], [ 364708.129238091874868, 6873585.807829060591757 ], [ 364707.859003115503583, 6873586.248147052712739 ], [ 364707.635520359617658, 6873586.619420961476862 ], [ 364707.372907885583118, 6873587.064327223226428 ], [ 364707.155851742892992, 6873587.439394535496831 ], [ 364706.900939680053852, 6873587.888757076114416 ], [ 364706.690374521538615, 6873588.267506559379399 ], [ 364706.443238419946283, 6873588.721192199736834 ], [ 364706.239226691366639, 6873589.103511532768607 ], [ 364705.999939886154607, 6873589.56138564646244 ], [ 364705.802542089950293, 6873589.947161446325481 ], [ 364705.5711755361408, 6873590.40908825956285 ], [ 364705.380450213211589, 6873590.798206118866801 ], [ 364705.157072497298941, 6873591.264048698358238 ], [ 364704.973076209775172, 6873591.65639322064817 ], [ 364704.757753620040603, 6873592.126013327389956 ], [ 364704.580540934461169, 6873592.521468156017363 ], [ 364703.50384738878347, 6873595.281956121325493 ], [ 364703.003406841598917, 6873596.779612561687827 ], [ 364702.851070351083763, 6873597.248277707956731 ], [ 364702.375298076251056, 6873598.753952406346798 ], [ 364702.230680510227103, 6873599.225056626833975 ], [ 364701.779704888991546, 6873600.738343295641243 ], [ 364701.642845269001555, 6873601.211759473197162 ], [ 364701.216787991230376, 6873602.732249773107469 ], [ 364701.087723251723219, 6873603.207850147970021 ], [ 364700.686699283483904, 6873604.7351337922737 ], [ 364700.565464246261399, 6873605.212790044955909 ], [ 364700.189581798797008, 6873606.746454916894436 ], [ 364700.076209179591388, 6873607.226038151420653 ], [ 364699.725569679925684, 6873608.765670411288738 ], [ 364699.620090070995502, 6873609.247051217593253 ], [ 364699.474333506426774, 6873609.939394899643958 ], [ 364698.489483531098813, 6873609.976992313750088 ], [ 364697.058236381039023, 6873610.008572100661695 ], [ 364695.626666373980697, 6873610.017111003398895 ], [ 364694.195144302793778, 6873610.002606807276607 ], [ 364692.764041209651623, 6873609.965063272975385 ], [ 364691.333727814955637, 6873609.904490128159523 ], [ 364690.754000566783361, 6873609.870583546347916 ], [ 364689.202518193400465, 6873609.316993784159422 ], [ 364688.738663097843528, 6873609.155751595273614 ], [ 364687.060553168237675, 6873608.587769587524235 ], [ 364686.594120880530681, 6873608.434141763485968 ], [ 364684.906938585743774, 6873607.89370453171432 ], [ 364684.438054088444915, 6873607.747732237912714 ], [ 364682.742251519463025, 6873607.234984595328569 ], [ 364682.271040427847765, 6873607.096706937998533 ], [ 364680.567071985511575, 6873606.611786279827356 ], [ 364680.093660588492639, 6873606.481240320019424 ], [ 364678.38198286172701, 6873606.024276583455503 ], [ 364677.90649801841937, 6873605.9014973025769 ], [ 364676.187569661939051, 6873605.472612933255732 ], [ 364675.71013878332451, 6873605.357633231207728 ], [ 364673.984420394641347, 6873604.956943150609732 ], [ 364673.505171366967261, 6873604.849793825298548 ], [ 364671.773125362989958, 6873604.477405402809381 ], [ 364671.292186651960947, 6873604.378115178085864 ], [ 364669.554277145245578, 6873604.034128196537495 ], [ 364669.071777613018639, 6873603.942723674699664 ], [ 364667.328470287204254, 6873603.627230307087302 ], [ 364666.844539206358604, 6873603.543735977262259 ], [ 364665.096301191428211, 6873603.256820762529969 ], [ 364664.99714771687286, 6873603.241380320861936 ], [ 364664.570472102670465, 6873603.1232795920223 ], [ 364664.072713783243671, 6873602.990095090121031 ], [ 364663.427378638996743, 6873602.823349047452211 ], [ 364662.927406248461921, 6873602.698733166791499 ], [ 364662.279302432085387, 6873602.543095337226987 ], [ 364661.777263598807622, 6873602.427084872499108 ], [ 364661.126582302036695, 6873602.282601167447865 ], [ 364660.622625002637506, 6873602.175230310298502 ], [ 364659.969558177399449, 6873602.0419433536008 ], [ 364659.463831136294175, 6873601.943243793211877 ], [ 364658.808571438421495, 6873601.821192904375494 ], [ 364658.301223801390734, 6873601.731193747371435 ], [ 364657.643964533577673, 6873601.620414932258427 ], [ 364657.135146029933821, 6873601.539142740890384 ], [ 364656.476081084692851, 6873601.439668678678572 ], [ 364655.9659417415387, 6873601.367147414013743 ], [ 364655.305265544098802, 6873601.279007450677454 ], [ 364654.793955929868389, 6873601.21525852009654 ], [ 364654.131863380782306, 6873601.138478656299412 ], [ 364653.619534275785554, 6873601.083520857617259 ], [ 364652.956220693420619, 6873601.018123744055629 ], [ 364652.443023254163563, 6873600.971973292529583 ], [ 364651.778684317076113, 6873600.917978221550584 ], [ 364651.264769993955269, 6873600.880648734979331 ], [ 364650.599601683323272, 6873600.838071634061635 ], [ 364650.085122010146733, 6873600.809574119746685 ], [ 364649.419320551562123, 6873600.778427549637854 ], [ 364648.904427272384055, 6873600.758770414628088 ], [ 364648.238189078459982, 6873600.739063564687967 ], [ 364647.723034188034944, 6873600.728252610191703 ], [ 364647.056555800023489, 6873600.71999129280448 ], [ 364646.541291167959571, 6873600.718029706738889 ], [ 364645.87476919812616, 6873600.721216360107064 ], [ 364645.359546945313923, 6873600.728104720823467 ], [ 364644.69317801867146, 6873600.742738403379917 ], [ 364644.178150014427956, 6873600.7584746805951 ], [ 364643.512130710994825, 6873600.784551076591015 ], [ 364642.997448950714897, 6873600.809130626730621 ], [ 364642.331975747132674, 6873600.846642043441534 ], [ 364641.817792058049235, 6873600.880057617090642 ], [ 364641.153061270073522, 6873600.928992988541722 ], [ 364640.639527354098391, 6873600.971234723925591 ], [ 364639.975735078332946, 6873601.031579613685608 ], [ 364639.463002426840831, 6873601.08263505063951 ], [ 364639.040971765934955, 6873601.128322343342006 ], [ 364635.582317852939013, 6873601.446375399827957 ], [ 364635.083407555124722, 6873601.49646252207458 ], [ 364631.389940313994884, 6873601.898465486243367 ], [ 364630.891936817904934, 6873601.956884078681469 ], [ 364627.205704291234724, 6873602.420561126433313 ], [ 364626.708746735414024, 6873602.487294866703451 ], [ 364623.030778693675529, 6873603.012516465969384 ], [ 364622.535005894082133, 6873603.087546715512872 ], [ 364619.026218815241009, 6873603.648599971085787 ], [ 364617.392395756731275, 6873603.891790565103292 ], [ 364616.882542904408183, 6873603.972170021384954 ], [ 364615.09342378861038, 6873604.270024131983519 ], [ 364614.58502930321265, 6873604.359163380227983 ], [ 364612.801299377693795, 6873604.687754058279097 ], [ 364612.294513686036225, 6873604.785626722499728 ], [ 364610.516700956155546, 6873605.144856703467667 ], [ 364610.011674140754621, 6873605.251433799043298 ], [ 364608.24030486040283, 6873605.641196744516492 ], [ 364607.73718636209378, 6873605.756446735933423 ], [ 364605.972784877754748, 6873606.176627272740006 ], [ 364605.471723655879032, 6873606.300516036339104 ], [ 364603.714812251506373, 6873606.750989785417914 ], [ 364603.215956619998906, 6873606.883480650372803 ], [ 364601.467055362416431, 6873607.364114265888929 ], [ 364600.970552973565646, 6873607.505168017931283 ], [ 364600.302920446381904, 6873607.701061241328716 ], [ 364600.077638796588872, 6873607.679561810567975 ], [ 364599.56239738088334, 6873607.634868593886495 ], [ 364599.07476900157053, 6873607.596802377142012 ], [ 364598.558833709219471, 6873607.560997826047242 ], [ 364598.070621582213789, 6873607.531343279406428 ], [ 364597.554145788715687, 6873607.504438034258783 ], [ 364597.065495005750563, 6873607.48320396989584 ], [ 364596.548632088233717, 6873607.465206022374332 ], [ 364596.059687871602364, 6873607.452398751862347 ], [ 364595.542591548291966, 6873607.443313454277813 ], [ 364595.053499207424466, 6873607.438936783000827 ], [ 364594.536323082807939, 6873607.438766833394766 ], [ 364594.047227971139364, 6873607.442822062410414 ], [ 364593.530125821183901, 6873607.451567511074245 ], [ 364593.041173292964231, 6873607.464053434319794 ], [ 364592.524298665171955, 6873607.481711684726179 ], [ 364592.035634032275993, 6873607.502624592743814 ], [ 364591.519140587945003, 6873607.529190397821367 ], [ 364591.030909076798707, 6873607.558524075895548 ], [ 364590.514950477576349, 6873607.593989528715611 ], [ 364590.027297185675707, 6873607.631735256873071 ], [ 364589.51202646602178, 6873607.676089839078486 ], [ 364589.02509631915018, 6873607.722236402332783 ], [ 364588.510666909452993, 6873607.775466907769442 ], [ 364588.024604618549347, 6873607.830000589601696 ], [ 364587.511169155593961, 6873607.892091223038733 ], [ 364587.02611917356262, 6873607.954995818436146 ], [ 364586.513830402866006, 6873608.025928109884262 ], [ 364586.029936881794129, 6873608.097184923477471 ], [ 364585.518947092001326, 6873608.176937784068286 ], [ 364585.036353840318043, 6873608.256525637581944 ], [ 364584.526814643992111, 6873608.345075406134129 ], [ 364584.045665083627682, 6873608.432970649562776 ], [ 364583.537728191586211, 6873608.530290961265564 ], [ 364583.058165315480437, 6873608.626467471010983 ], [ 364582.551981537370011, 6873608.732529429718852 ], [ 364582.074147866922431, 6873608.836958623491228 ], [ 364581.569867664540652, 6873608.951730703003705 ], [ 364581.093905207235366, 6873609.06438154540956 ], [ 364580.591678363329265, 6873609.187829656526446 ], [ 364580.117728570534382, 6873609.308668670244515 ], [ 364579.6177045624936, 6873609.440756071358919 ], [ 364579.145908287435304, 6873609.569747341796756 ], [ 364578.648235481174197, 6873609.710434838198125 ], [ 364578.178732937027235, 6873609.847540032118559 ], [ 364577.683559330878779, 6873609.996785788796842 ], [ 364577.216490049264394, 6873610.14196415990591 ], [ 364576.723962899413891, 6873610.299723790958524 ], [ 364576.259465688664932, 6873610.452932192012668 ], [ 364575.769731138541829, 6873610.619158889167011 ], [ 364575.307944042724557, 6873610.780351790599525 ], [ 364574.821147899143398, 6873610.95499606244266 ], [ 364574.362208156846464, 6873611.124125557020307 ], [ 364573.878494857635815, 6873611.307135585695505 ], [ 364573.422538861224893, 6873611.484151411801577 ], [ 364572.942052382219117, 6873611.675472723320127 ], [ 364572.489215637324378, 6873611.860322271473706 ], [ 364572.012098585953936, 6873612.05989808216691 ], [ 364571.562515671248548, 6873612.252526418305933 ], [ 364571.088909880549181, 6873612.460297402925789 ], [ 364570.642714407702442, 6873612.66064728051424 ], [ 364570.172760775138158, 6873612.876551625318825 ], [ 364569.730085348943248, 6873613.084563500247896 ], [ 364569.263923391874414, 6873613.308537106029689 ], [ 364568.824899571249261, 6873613.524149159900844 ], [ 364568.36266777862329, 6873613.756125492975116 ], [ 364567.927426037029363, 6873613.979273649863899 ], [ 364567.469262010650709, 6873614.219183649867773 ], [ 364567.037931697734166, 6873614.449801589362323 ], [ 364566.58397134731058, 6873614.697574089281261 ], [ 364566.156680650194176, 6873614.935593276284635 ], [ 364565.707059032167308, 6873615.191154564730823 ], [ 364565.28393493744079, 6873615.436504261568189 ], [ 364564.838785663770977, 6873615.699778391979635 ], [ 364564.419953919772524, 6873615.952385682612658 ], [ 364563.900767623912543, 6873616.272763350047171 ], [ 364549.146749623818323, 6873625.585583222098649 ], [ 364545.879573727899697, 6873627.116426504217088 ], [ 364542.02310162934009, 6873628.862801953218877 ], [ 364538.406230984488502, 6873630.150047047063708 ], [ 364533.590531664842274, 6873631.79607754573226 ], [ 364533.202902532997541, 6873631.928631421178579 ], [ 364532.711859074479435, 6873632.101321805268526 ], [ 364532.330535996006802, 6873632.239154472947121 ], [ 364531.84256274724612, 6873632.420338510535657 ], [ 364531.463688486197498, 6873632.564766446128488 ], [ 364530.978932172642089, 6873632.754389659501612 ], [ 364530.602620789490175, 6873632.905369384214282 ], [ 364530.121227482508402, 6873633.103374634869397 ], [ 364529.747592265892308, 6873633.260860695503652 ], [ 364529.269706871011294, 6873633.467188378795981 ], [ 364528.89886030415073, 6873633.631133363582194 ], [ 364528.42462658585282, 6873633.845721412450075 ], [ 364528.056680312321987, 6873634.016075966879725 ], [ 364527.586241159355268, 6873634.238859723322093 ], [ 364527.221305949613452, 6873634.415572561323643 ], [ 364526.754802966257557, 6873634.646484965458512 ], [ 364526.39298868435435, 6873634.829502887092531 ], [ 364525.930562252295204, 6873635.06847445294261 ], [ 364525.571977822633926, 6873635.257742361165583 ], [ 364525.113767194503453, 6873635.504701126366854 ], [ 364524.75852056912845, 6873635.700162041932344 ], [ 364524.304663692833856, 6873635.955033658072352 ], [ 364523.952861819008831, 6873636.156628737226129 ], [ 364523.503495333949104, 6873636.419336470775306 ], [ 364523.155244121910073, 6873636.62700502295047 ], [ 364522.71050330036087, 6873636.897469790652394 ], [ 364522.365907591301948, 6873637.111149297095835 ], [ 364521.92592626955593, 6873637.38928971067071 ], [ 364521.585089804255404, 6873637.608915844000876 ], [ 364521.150000573426951, 6873637.894648081623018 ], [ 364520.813025960931554, 6873638.120154721662402 ], [ 364520.382959664391819, 6873638.413392854854465 ], [ 364520.049948351166677, 6873638.644712113775313 ], [ 364519.625034514639992, 6873638.945367829874158 ], [ 364519.296086753951386, 6873639.182430068962276 ], [ 364518.876453324512113, 6873639.490412835031748 ], [ 364518.551668146275915, 6873639.73314668610692 ], [ 364518.137441436061636, 6873640.048363796435297 ], [ 364517.816916617099196, 6873640.296696184203029 ], [ 364517.408221341087483, 6873640.619052733294666 ], [ 364517.092053375614341, 6873640.872908896766603 ], [ 364516.689012507384177, 6873641.202307890169322 ], [ 364516.377296577964444, 6873641.461611406877637 ], [ 364515.980031541956123, 6873641.797953607514501 ], [ 364515.672861490864307, 6873642.062626413069665 ], [ 364515.281491815461777, 6873642.40581062156707 ], [ 364514.978960116510279, 6873642.675773036666214 ], [ 364514.593603673274629, 6873643.02569589484483 ], [ 364514.29580140375765, 6873643.300866646692157 ], [ 364513.916574213712011, 6873643.657422799617052 ], [ 364513.623591027222574, 6873643.93771904706955 ], [ 364513.250607155030593, 6873644.300801251083612 ], [ 364512.96253125439398, 6873644.58613861259073 ], [ 364512.595903077686671, 6873644.955637474544346 ], [ 364512.312821188359521, 6873645.245930048637092 ], [ 364511.952659122704063, 6873645.621734286658466 ], [ 364511.674656466580927, 6873645.91689467895776 ], [ 364511.321068816760089, 6873646.298891282640398 ], [ 364511.04822908679489, 6873646.598830636590719 ], [ 364510.70132237568032, 6873646.98690452799201 ], [ 364510.433727710449602, 6873647.291532546281815 ], [ 364510.093606356531382, 6873647.685566914267838 ], [ 364509.831337315554265, 6873647.99479188863188 ], [ 364509.498103737190831, 6873648.394668081775308 ], [ 364509.241239276831038, 6873648.708396919071674 ], [ 364508.914993775368202, 6873649.113994573242962 ], [ 364508.663611224736087, 6873649.432132825255394 ], [ 364508.344452002842445, 6873649.843329853378236 ], [ 364508.098627040861174, 6873650.165781744755805 ], [ 364507.786650173889939, 6873650.582454368472099 ], [ 364507.546456806361675, 6873650.909122825600207 ], [ 364507.241756289615296, 6873651.331145503558218 ], [ 364507.007266826869454, 6873651.661932180635631 ], [ 364506.709934287355281, 6873652.089178005233407 ], [ 364506.481219322653487, 6873652.423983320593834 ], [ 364506.191344324848615, 6873652.856323597021401 ], [ 364505.968472712906078, 6873653.195046757347882 ], [ 364505.686142550897785, 6873653.632351286709309 ], [ 364505.469181387394201, 6873653.974890317767859 ], [ 364505.194481004029512, 6873654.417027530260384 ], [ 364504.9834956053528, 6873654.763279311358929 ], [ 364504.716507741250098, 6873655.210116034373641 ], [ 364504.511561624589376, 6873655.559976325370371 ], [ 364504.252366609114688, 6873656.011378118768334 ], [ 364504.053521473659202, 6873656.364741595461965 ], [ 364502.822162083932199, 6873658.807244806550443 ], [ 364501.824616284924559, 6873661.032963844947517 ], [ 364501.640157361398451, 6873661.453107532113791 ], [ 364500.676769824000075, 6873663.693823334760964 ], [ 364500.498758422443643, 6873664.116739115677774 ], [ 364499.569754521187861, 6873666.371927491389215 ], [ 364499.398232287319843, 6873666.797516426071525 ], [ 364498.503829353314359, 6873669.066649796441197 ], [ 364498.338836416834965, 6873669.494812312535942 ], [ 364497.479243686480913, 6873671.777359834872186 ], [ 364497.403568290523253, 6873671.983063078485429 ], [ 364497.108715240028687, 6873672.365616209805012 ], [ 364496.419243123265915, 6873673.276382386684418 ], [ 364496.108935672615189, 6873673.693755707703531 ], [ 364495.435355847585015, 6873674.616337437182665 ], [ 364495.132330438005738, 6873675.039027417078614 ], [ 364494.474845346296206, 6873675.973147422075272 ], [ 364494.179193072428461, 6873676.401026993989944 ], [ 364493.538000318338163, 6873677.346404527314007 ], [ 364493.249810020206496, 6873677.779345118440688 ], [ 364492.62510231154738, 6873678.73569605126977 ], [ 364492.344460603490006, 6873679.173567541874945 ], [ 364491.73642569349613, 6873680.140604447573423 ], [ 364491.463416930462699, 6873680.583275224082172 ], [ 364490.872237561561633, 6873681.560707462951541 ], [ 364490.606943786027841, 6873682.008044496178627 ], [ 364490.032797634601593, 6873682.995578305795789 ], [ 364489.775298580294475, 6873683.447447151876986 ], [ 364489.2183582035359, 6873684.444785733707249 ], [ 364488.968731276516337, 6873684.901050554588437 ], [ 364488.429164060566109, 6873685.907894160598516 ], [ 364488.18748426088132, 6873686.368417873978615 ], [ 364487.665452370420098, 6873687.384463903494179 ], [ 364487.431792353105266, 6873687.849108062684536 ], [ 364486.927452682517469, 6873688.87405114620924 ], [ 364486.701882661087438, 6873689.342676129192114 ], [ 364486.215386787545867, 6873690.376208225265145 ], [ 364485.997974561352748, 6873690.848673178814352 ], [ 364485.529468699241988, 6873691.890483663417399 ], [ 364485.320279610401485, 6873692.366646590642631 ], [ 364485.16382414434338, 6873692.731327446177602 ], [ 364484.641451341332868, 6873691.263708618469536 ], [ 364482.727074074093252, 6873686.979602532461286 ], [ 364482.422130310384091, 6873686.41944089718163 ], [ 364482.170037949865218, 6873685.965753985568881 ], [ 364481.855449005030096, 6873685.410951721481979 ], [ 364481.595545577234589, 6873684.961693925783038 ], [ 364481.271405612118542, 6873684.412417092360556 ], [ 364481.003768888069317, 6873683.967722846195102 ], [ 364480.670174922212027, 6873683.424135850742459 ], [ 364480.39488504914334, 6873682.984138321131468 ], [ 364480.051936931791715, 6873682.446403864771128 ], [ 364479.769076272204984, 6873682.011234691366553 ], [ 364479.416876652394421, 6873681.479513726197183 ], [ 364479.126529862172902, 6873681.049303151667118 ], [ 364478.765184158168267, 6873680.523754830472171 ], [ 364478.467438198858872, 6873680.098631705157459 ], [ 364478.097054566373117, 6873679.579413329251111 ], [ 364477.791998480795883, 6873679.159504788927734 ], [ 364477.412687780742999, 6873678.646771769970655 ], [ 364477.100412946252618, 6873678.232203595340252 ], [ 364476.712288711511064, 6873677.726109399460256 ], [ 364476.392888556525577, 6873677.31700562313199 ], [ 364475.996066958003212, 6873676.817701731808484 ], [ 364475.669637077720836, 6873676.414184797555208 ], [ 364475.264236889604945, 6873675.921820660121739 ], [ 364474.930875016900245, 6873675.524011380970478 ], [ 364474.517017581034452, 6873675.038734368048608 ], [ 364474.176823483081535, 6873674.646751797758043 ], [ 364473.75463267264422, 6873674.168707159347832 ], [ 364473.407708150101826, 6873673.782668597996235 ], [ 364472.977310332702473, 6873673.311999420635402 ], [ 364472.623759291949682, 6873672.932020487263799 ], [ 364472.185283291444648, 6873672.468867646530271 ], [ 364471.825211487070192, 6873672.09506200067699 ], [ 364471.378788545436691, 6873671.639564125798643 ], [ 364471.012303763418458, 6873671.272043665871024 ], [ 364470.558067501115147, 6873670.824337094090879 ], [ 364470.185279459052254, 6873670.463211848400533 ], [ 364469.723365835263394, 6873670.023430583998561 ], [ 364469.344386112410575, 6873669.668808639980853 ], [ 364468.874933384242468, 6873669.237084315158427 ], [ 364468.489875380997546, 6873668.88907178491354 ], [ 364468.013024062092882, 6873668.465533621609211 ], [ 364467.622003082244191, 6873668.124234715476632 ], [ 364467.137895900756121, 6873667.709009483456612 ], [ 364466.741028941818513, 6873667.37452632188797 ], [ 364466.249810797686223, 6873666.967738304287195 ], [ 364465.847216682566795, 6873666.640171031467617 ], [ 364465.665169971587602, 6873666.494649360887706 ], [ 364465.451591866964009, 6873665.780693560838699 ], [ 364465.310909870837349, 6873665.488183720968664 ], [ 364465.281992978591006, 6873665.425341554917395 ], [ 364465.254150228283834, 6873665.362016188912094 ], [ 364465.227389656880405, 6873665.298225900158286 ], [ 364465.20171905803727, 6873665.233989265747368 ], [ 364465.177145862253383, 6873665.169324879534543 ], [ 364465.153677195892669, 6873665.104251497425139 ], [ 364465.131319849344436, 6873665.038787944242358 ], [ 364465.110080325044692, 6873664.972953261807561 ], [ 364465.089964760874864, 6873664.906766473315656 ], [ 364465.070979001233354, 6873664.84024681057781 ], [ 364465.053128545405343, 6873664.773413539864123 ], [ 364465.036418567295186, 6873664.70628603361547 ], [ 364465.020853915135376, 6873664.638883767649531 ], [ 364465.00643909414066, 6873664.5712262513116 ], [ 364464.993178289034404, 6873664.503333126194775 ], [ 364464.98107534321025, 6873664.435224070213735 ], [ 364464.970133765484206, 6873664.366918829269707 ], [ 364464.960356724855956, 6873664.298437187448144 ], [ 364464.951747058599722, 6873664.22979901637882 ], [ 364464.944307261437643, 6873664.161024204455316 ], [ 364464.938039490079973, 6873664.09213268943131 ], [ 364464.932945562992245, 6873664.023144457489252 ], [ 364464.929026955273002, 6873663.954079489223659 ], [ 364464.926284803601447, 6873663.884957816451788 ], [ 364464.92471990280319, 6873663.815799473784864 ], [ 364464.924332706606947, 6873663.746624515391886 ], [ 364464.925123327237088, 6873663.677452988922596 ], [ 364464.927091535530053, 6873663.608304949477315 ], [ 364464.930236760876141, 6873663.539200442843139 ], [ 364464.934558091801591, 6873663.470159498043358 ], [ 364464.960346811451018, 6873663.146603685803711 ], [ 364463.651294859475456, 6873651.693168420344591 ], [ 364463.385820817551576, 6873650.856163811869919 ], [ 364463.208369817002676, 6873650.2614506194368 ], [ 364463.041152394202072, 6873649.663779313676059 ], [ 364462.884217819431797, 6873649.063325993716717 ], [ 364462.737612326804083, 6873648.460267559625208 ], [ 364462.601379106636159, 6873647.854781675152481 ], [ 364462.475558293517679, 6873647.247046714648604 ], [ 364462.360186959966086, 6873646.637241747230291 ], [ 364462.255299091979396, 6873646.025546407327056 ], [ 364462.160925593459979, 6873645.412140923552215 ], [ 364462.07709426531801, 6873644.797205994836986 ], [ 364462.00382980791619, 6873644.18092280626297 ], [ 364461.941153805411886, 6873643.563472923822701 ], [ 364461.889084720925894, 6873642.945038232952356 ], [ 364461.847637896426022, 6873642.325800951570272 ], [ 364461.816825542191509, 6873641.70594350900501 ], [ 364461.796656735939905, 6873641.085648524574935 ], [ 364461.793607973726466, 6873640.886904345825315 ], [ 364461.803676512965467, 6873640.807771841064095 ], [ 364461.825971135986038, 6873640.619582976214588 ], [ 364461.882488151371945, 6873640.10448208078742 ], [ 364461.901528969989158, 6873639.915936207398772 ], [ 364461.949140512791928, 6873639.399935950525105 ], [ 364461.964921845938079, 6873639.211089322343469 ], [ 364462.003613707551267, 6873638.694343694485724 ], [ 364462.016130846692249, 6873638.505252657458186 ], [ 364462.045891485118773, 6873637.987915809266269 ], [ 364462.055140695709269, 6873637.79863677918911 ], [ 364462.075961231370457, 6873637.280863064341247 ], [ 364462.081939753785264, 6873637.091452514752746 ], [ 364462.093813974235673, 6873636.573396422900259 ], [ 364462.096520024759229, 6873636.383910865522921 ], [ 364462.099444387538824, 6873635.865726967342198 ], [ 364462.098877158830874, 6873635.676222937181592 ], [ 364462.092850791057572, 6873635.158065809868276 ], [ 364462.089010452211369, 6873634.968599846586585 ], [ 364462.074035152734723, 6873634.450624132528901 ], [ 364462.066922849742696, 6873634.261252766475081 ], [ 364462.043003085069358, 6873633.743612960912287 ], [ 364462.03262093977537, 6873633.554392691701651 ], [ 364461.999763847969007, 6873633.03724327031523 ], [ 364461.986114958126564, 6873632.84823055472225 ], [ 364461.944330342346802, 6873632.331725808791816 ], [ 364461.927418780105654, 6873632.142977038398385 ], [ 364461.87671910651261, 6873631.627271061763167 ], [ 364461.856549917662051, 6873631.43884255271405 ], [ 364461.796950312622357, 6873630.924089210107923 ], [ 364461.773529514786787, 6873630.736037181690335 ], [ 364461.705047762545291, 6873630.222390072420239 ], [ 364461.678382343554404, 6873630.034770631231368 ], [ 364461.601038871449418, 6873629.522382970899343 ], [ 364461.571136787184514, 6873629.335252095945179 ], [ 364461.484954679151997, 6873628.824276812374592 ], [ 364461.451824851159472, 6873628.637690334580839 ], [ 364461.356829815136734, 6873628.128279845230281 ], [ 364461.320482127950527, 6873627.942293434403837 ], [ 364461.216702501929831, 6873627.434599707834423 ], [ 364461.177147800277453, 6873627.249268855899572 ], [ 364461.064614554401487, 6873626.743443400599062 ], [ 364461.021864639711566, 6873626.558823402039707 ], [ 364460.900611357705202, 6873626.05501716863364 ], [ 364460.854678984847851, 6873625.871163105592132 ], [ 364460.724741812970024, 6873625.369526284746826 ], [ 364460.675640686298721, 6873625.186493013985455 ], [ 364460.672144626150839, 6873625.173896565102041 ], [ 364460.682917850906961, 6873625.06687770690769 ], [ 364460.688273417181335, 6873625.008583292365074 ], [ 364460.731570055126213, 6873624.487498791888356 ], [ 364460.73590881342534, 6873624.429119891487062 ], [ 364460.770117062842473, 6873623.907359917648137 ], [ 364460.773437695112079, 6873623.848914265632629 ], [ 364460.798547160287853, 6873623.326637391000986 ], [ 364460.800848657847382, 6873623.268142743036151 ], [ 364460.816851716896053, 6873622.745507487095892 ], [ 364460.818133380496874, 6873622.686981610953808 ], [ 364460.825025166734122, 6873622.164146901108325 ], [ 364460.825286607141607, 6873622.105607576668262 ], [ 364460.823065029690042, 6873621.58273215033114 ], [ 364460.822306167450733, 6873621.524197161197662 ], [ 364460.810971900355071, 6873621.001439857296646 ], [ 364460.809192965971306, 6873620.94292698521167 ], [ 364460.788749450468458, 6873620.420446585863829 ], [ 364460.785950984281953, 6873620.361973606050014 ], [ 364460.756404436659068, 6873619.839928953908384 ], [ 364460.752587288909126, 6873619.781513628549874 ], [ 364460.713946679315995, 6873619.26006319001317 ], [ 364460.70911200955743, 6873619.201723265461624 ], [ 364460.661389075801708, 6873618.681025464087725 ], [ 364460.655538352730218, 6873618.622778663411736 ], [ 364460.598747594398446, 6873618.102991704829037 ], [ 364460.591882595268544, 6873618.04485572129488 ], [ 364460.526041268778499, 6873617.526137537322938 ], [ 364460.518164079112466, 6873617.468130031600595 ], [ 364460.443292186188046, 6873616.95063818898052 ], [ 364460.434405198961031, 6873616.892776782624424 ], [ 364460.350525458052289, 6873616.37666832562536 ], [ 364460.340631372935604, 6873616.318970597349107 ], [ 364460.247769316367339, 6873615.804402618668973 ], [ 364460.236871139029972, 6873615.746886094100773 ], [ 364460.135054907004815, 6873615.234014528803527 ], [ 364460.123155948065687, 6873615.176696682348847 ], [ 364460.012416552286595, 6873614.66567774489522 ], [ 364459.99952042644145, 6873614.60857598669827 ], [ 364459.87989144254243, 6873614.099564601667225 ], [ 364459.866002067457885, 6873614.042696279473603 ], [ 364459.737519867252558, 6873613.535847216844559 ], [ 364459.72264146222733, 6873613.4792296057567 ], [ 364459.585345056664664, 6873612.974696759134531 ], [ 364459.569482141465414, 6873612.918347058817744 ], [ 364459.423413274227642, 6873612.416283823549747 ], [ 364459.40657066780841, 6873612.360219151712954 ], [ 364459.251773641444743, 6873611.860777809284627 ], [ 364459.233956460142508, 6873611.805015197955072 ], [ 364459.070478451438248, 6873611.308347946032882 ], [ 364459.051692107925192, 6873611.252904333174229 ], [ 364458.879582560970448, 6873610.759161389432847 ], [ 364458.859832762158476, 6873610.704053619876504 ], [ 364458.679144069436006, 6873610.213385315611959 ], [ 364458.658436814905144, 6873610.158630129881203 ], [ 364458.469223944761325, 6873609.671185716986656 ], [ 364458.447565525013488, 6873609.616799747571349 ], [ 364458.249885875615291, 6873609.132727080024779 ], [ 364458.227282870095223, 6873609.078726848587394 ], [ 364458.02119644038612, 6873608.598172863014042 ], [ 364457.997655715560541, 6873608.544574774801731 ], [ 364457.783225201652385, 6873608.067685670219362 ], [ 364457.758753908623476, 6873608.014506006613374 ], [ 364457.536044471315108, 6873607.541426686570048 ], [ 364457.51065004413249, 6873607.488681602291763 ], [ 364457.279729229165241, 6873607.019555549137294 ], [ 364457.253419382090215, 6873606.967261067591608 ], [ 364457.014357373584062, 6873606.502230872400105 ], [ 364456.987140099168755, 6873606.450402880087495 ], [ 364456.740009569912218, 6873605.989609909243882 ], [ 364456.711893136205617, 6873605.938264150172472 ], [ 364456.456769046140835, 6873605.481848176568747 ], [ 364456.427761994476896, 6873605.43100024946034 ], [ 364456.164722112764139, 6873604.97910039126873 ], [ 364456.134833254851401, 6873604.928765741176903 ], [ 364455.863957244786434, 6873604.481518848799169 ], [ 364455.833195660379715, 6873604.431712767109275 ], [ 364455.554565728351008, 6873603.989254591055214 ], [ 364455.522940762282815, 6873603.939992208965123 ], [ 364455.236641903582495, 6873603.502457714639604 ], [ 364455.204163162910845, 6873603.453753995709121 ], [ 364454.910282058059238, 6873603.021275640465319 ], [ 364454.876959409273695, 6873602.973145380616188 ], [ 364454.575585277983919, 6873602.545854480005801 ], [ 364454.541428843804169, 6873602.498312301002443 ], [ 364454.232653641898651, 6873602.076339220628142 ], [ 364454.197673798538744, 6873602.0293995635584 ], [ 364453.881590876902919, 6873601.612871870398521 ], [ 364453.84579825057881, 6873601.566548995673656 ], [ 364453.52250374306459, 6873601.155593391507864 ], [ 364453.48590920685092, 6873601.109901371411979 ], [ 364453.155501598841511, 6873600.704643037170172 ], [ 364453.118116269586608, 6873600.659595751203597 ], [ 364452.780695662251674, 6873600.260157454758883 ], [ 364452.742530896910466, 6873600.215768587775528 ], [ 364452.39819983637426, 6873599.822271730750799 ], [ 364452.359267228690442, 6873599.778554767370224 ], [ 364452.008130273607094, 6873599.39111884124577 ], [ 364451.968441650562454, 6873599.348087062127888 ], [ 364451.610605614085216, 6873598.96682992298156 ], [ 364451.570173032465391, 6873598.924496400170028 ], [ 364451.205746641964652, 6873598.549533881247044 ], [ 364451.164582384401001, 6873598.507911474443972 ], [ 364450.793675901950337, 6873598.139357037842274 ], [ 364450.751792473427486, 6873598.098458392545581 ], [ 364450.374519240751397, 6873597.736424662172794 ], [ 364450.331929364590906, 6873597.696262201294303 ], [ 364449.948403792572208, 6873597.340858944691718 ], [ 364449.905120406940114, 6873597.301444868557155 ], [ 364449.515458378416952, 6873596.952779489569366 ], [ 364449.471494631899986, 6873596.914125773124397 ], [ 364449.075815365358721, 6873596.572304953821003 ], [ 364449.031184613471851, 6873596.534423338249326 ], [ 364448.629607751441654, 6873596.199550429359078 ], [ 364448.584323552087881, 6873596.162452423013747 ], [ 364448.176971815002616, 6873595.834629747085273 ], [ 364448.131047924747691, 6873595.798326618038118 ], [ 364447.718043788801879, 6873595.477652749046683 ], [ 364447.671494158450514, 6873595.442155527882278 ], [ 364447.252964337356389, 6873595.128728863783181 ], [ 364447.205803107935935, 6873595.094048332422972 ], [ 364446.781873966683634, 6873594.787963493727148 ], [ 364446.734115464787465, 6873594.754110188223422 ], [ 364446.30491654278012, 6873594.455460698343813 ], [ 364446.256575276725926, 6873594.422444901429117 ], [ 364445.822235853411257, 6873594.131320722401142 ], [ 364445.773326508235186, 6873594.099152465350926 ], [ 364445.333979413320776, 6873593.815642640925944 ], [ 364445.284516846877523, 6873593.784331695176661 ], [ 364444.84029533615103, 6873593.50852220505476 ], [ 364444.790294574340805, 6873593.478078082203865 ], [ 364444.3413336375379, 6873593.210052733309567 ], [ 364444.290809869533405, 6873593.180484681390226 ], [ 364443.837245684000663, 6873592.920324770733714 ], [ 364443.786214258114342, 6873592.891641772352159 ], [ 364439.438463570317253, 6873590.886216191574931 ], [ 364439.274464197689667, 6873590.825925727374852 ], [ 364438.797285562206525, 6873590.655064075253904 ], [ 364438.632291031477507, 6873590.597552865743637 ], [ 364438.152293829014525, 6873590.434777156449854 ], [ 364437.986351235827897, 6873590.380061618052423 ], [ 364437.503672489780001, 6873590.225418322719634 ], [ 364437.336829200270586, 6873590.173514073714614 ], [ 364436.851606884039938, 6873590.027047397568822 ], [ 364436.683910521387588, 6873589.977969252504408 ], [ 364436.196282820426859, 6873589.839720906689763 ], [ 364436.02778125135228, 6873589.793482875451446 ], [ 364435.537887883081567, 6873589.663492468185723 ], [ 364435.368629204225726, 6873589.620107746683061 ], [ 364434.876609177270439, 6873589.498412165790796 ], [ 364434.706641701341141, 6873589.457893140614033 ], [ 364434.4795169174904, 6873589.40468059387058 ], [ 364434.340501899481751, 6873589.372680714353919 ], [ 364432.882969567552209, 6873588.349313757382333 ], [ 364431.738928693172056, 6873587.584618475288153 ], [ 364429.30953298183158, 6873586.040185498073697 ], [ 364428.874998090614099, 6873585.769120066426694 ], [ 364426.41959133738419, 6873584.266384421847761 ], [ 364425.980492415081244, 6873584.002776455134153 ], [ 364423.499790226458572, 6873582.542176100425422 ], [ 364423.056255220493767, 6873582.286102408543229 ], [ 364420.550980575266294, 6873580.868063024245203 ], [ 364420.103138757986017, 6873580.619598244316876 ], [ 364418.381534385611303, 6873579.683572670444846 ], [ 364418.198228847293649, 6873579.572968380525708 ], [ 364417.756042912311386, 6873579.311297787353396 ], [ 364417.570626579516102, 6873579.203707818873227 ], [ 364417.124023944605142, 6873578.949648581445217 ], [ 364416.936792183085345, 6873578.845249897800386 ], [ 364416.485904024681076, 6873578.598876639269292 ], [ 364416.296911755693145, 6873578.497699863277376 ], [ 364415.84187026496511, 6873578.25908481143415 ], [ 364415.651172926300205, 6873578.161159621551633 ], [ 364415.19211145164445, 6873577.930372705683112 ], [ 364414.999764981039334, 6873577.835727827623487 ], [ 364414.536818383086938, 6873577.612836848013103 ], [ 364414.342879202275071, 6873577.521500043570995 ], [ 364413.876183177635539, 6873577.306570331566036 ], [ 364413.680708175466862, 6873577.218568393029273 ], [ 364413.210399682866409, 6873577.011663020588458 ], [ 364413.013446198543534, 6873576.927021761424839 ], [ 364412.539663152128924, 6873576.728201401419938 ], [ 364412.341288958734367, 6873576.646945649757981 ], [ 364411.864170181448571, 6873576.456268562935293 ], [ 364411.664433468715288, 6873576.378422155044973 ], [ 364411.184119275538251, 6873576.195944415405393 ], [ 364410.983078632911202, 6873576.121530184522271 ], [ 364410.499709571537096, 6873575.947305185720325 ], [ 364410.297423970885575, 6873575.876344961114228 ], [ 364409.811142077902332, 6873575.710423900745809 ], [ 364409.607670856406912, 6873575.642938496544957 ], [ 364409.118618480977602, 6873575.485369944944978 ], [ 364408.914021323435009, 6873575.421379158273339 ], [ 364408.422342318226583, 6873575.272209462709725 ], [ 364408.216679239820223, 6873575.211732062511146 ], [ 364407.722517402784433, 6873575.071004850789905 ], [ 364407.515848731389269, 6873575.014058578759432 ], [ 364407.019349472247995, 6873574.881815258413553 ], [ 364406.811735830560792, 6873574.82841681689024 ], [ 364406.313044377486221, 6873574.704696068540215 ], [ 364406.104546665563248, 6873574.654861122369766 ], [ 364405.603809496678878, 6873574.539699289016426 ], [ 364405.394488873833325, 6873574.493442456237972 ], [ 364404.891852750268299, 6873574.386873293668032 ], [ 364404.681770617200527, 6873574.344208143651485 ], [ 364404.177383324073162, 6873574.246262979693711 ], [ 364403.966601304884534, 6873574.207202025689185 ], [ 364403.460610266076401, 6873574.117909489199519 ], [ 364403.249190190050285, 6873574.082464191131294 ], [ 364402.741744365950581, 6873574.001850570552051 ], [ 364402.529748249799013, 6873573.970031323842704 ], [ 364402.020995966682676, 6873573.898120181635022 ], [ 364401.808485995803494, 6873573.869936321862042 ], [ 364401.29857699846616, 6873573.806748826056719 ], [ 364401.08561550907325, 6873573.782208618707955 ], [ 364400.574699037824757, 6873573.727763257920742 ], [ 364400.361348498729058, 6873573.706873902119696 ], [ 364399.849574433406815, 6873573.661186653189361 ], [ 364399.635897427389864, 6873573.643954277038574 ], [ 364399.123416170594282, 6873573.607038563117385 ], [ 364398.909475376131013, 6873573.593468219973147 ], [ 364398.396436685579829, 6873573.565334833227098 ], [ 364398.182294858735986, 6873573.555430506356061 ], [ 364397.668850047688466, 6873573.536087742075324 ], [ 364397.454570003319532, 6873573.52985233347863 ], [ 364396.940868827165104, 6873573.519305830821395 ], [ 364396.726513420813717, 6873573.516741172410548 ], [ 364396.212707195605617, 6873573.514994043856859 ], [ 364395.998339304816909, 6873573.516100886277854 ], [ 364395.4845784358331, 6873573.52315363753587 ], [ 364395.27026094176108, 6873573.527931656688452 ], [ 364394.756696354248561, 6873573.543782216496766 ], [ 364394.542492123495322, 6873573.552230009809136 ], [ 364394.029274093860295, 6873573.576873740181327 ], [ 364393.815245959500317, 6873573.588988831266761 ], [ 364393.302525281789713, 6873573.622418497689068 ], [ 364393.088736025500111, 6873573.638197332620621 ], [ 364392.576663234678563, 6873573.680403115227818 ], [ 364392.363175567938015, 6873573.699841064400971 ], [ 364391.851900678011589, 6873573.750810595229268 ], [ 364391.638777223881334, 6873573.773901957087219 ], [ 364391.128450249612797, 6873573.833620282821357 ], [ 364390.915753524226602, 6873573.860358283855021 ], [ 364390.406523959769402, 6873573.92880791425705 ], [ 364390.194316354230978, 6873573.959184712730348 ], [ 364389.686333948222455, 6873574.036345520056784 ], [ 364389.474677710037213, 6873574.070352204144001 ], [ 364388.968091305054259, 6873574.156201574020088 ], [ 364388.757048520026729, 6873574.193828168325126 ], [ 364388.252006568945944, 6873574.288340947590768 ], [ 364388.041639143018983, 6873574.329576415941119 ], [ 364387.538290088821668, 6873574.432724822312593 ], [ 364387.32865972968284, 6873574.477557067759335 ], [ 364386.827150984376203, 6873574.589310891926289 ], [ 364386.618319183646236, 6873574.637726764194667 ], [ 364378.42083268344868, 6873577.866261310875416 ], [ 364371.514722905179951, 6873583.336898199282587 ], [ 364366.4956204869668, 6873590.577811895869672 ], [ 364365.270111582591198, 6873593.05915131047368 ], [ 364365.088009925500955, 6873593.434408247470856 ], [ 364363.897118159802631, 6873595.932546387426555 ], [ 364363.72025139501784, 6873596.31029886007309 ], [ 364362.564206978888251, 6873598.824752811342478 ], [ 364362.392609296366572, 6873599.204927797429264 ], [ 364361.271635704615619, 6873601.735211491584778 ], [ 364360.878075781278312, 6873602.665549771860242 ], [ 364360.694245052873157, 6873603.121346199885011 ], [ 364360.603125142049976, 6873603.336536005139351 ], [ 364360.508320773544256, 6873603.550128220580518 ], [ 364360.409859963925555, 6873603.762059725821018 ], [ 364360.307771772437263, 6873603.972267971374094 ], [ 364360.20208636415191, 6873604.180690844543278 ], [ 364360.092834956885781, 6873604.387266781181097 ], [ 364359.980049781908747, 6873604.591934838332236 ], [ 364359.863764179230202, 6873604.794634512625635 ], [ 364359.757937721034978, 6873604.971971025690436 ], [ 364358.561151428206358, 6873606.055073134601116 ], [ 364356.957648194395006, 6873607.457682174630463 ], [ 364355.330661725485697, 6873608.832982153631747 ], [ 364353.680657146731392, 6873610.1805799016729 ], [ 364352.105398914194666, 6873611.423333892598748 ], [ 364349.5452951460029, 6873613.340533855371177 ], [ 364346.847365722875111, 6873615.292789688333869 ], [ 364344.117815912351944, 6873617.200585125014186 ], [ 364341.357378257845994, 6873619.063408160582185 ], [ 364338.566793646488804, 6873620.880758822895586 ], [ 364335.746811129210982, 6873622.652149298228323 ], [ 364332.898187532671727, 6873624.377104179002345 ], [ 364330.021687434636988, 6873626.055160484276712 ], [ 364327.118082923989277, 6873627.685867803171277 ], [ 364326.4408817855292, 6873628.051731770858169 ], [ 364326.120540192525368, 6873628.167954267933965 ], [ 364325.852923981670756, 6873628.267653251066804 ], [ 364325.372241958219092, 6873628.451438982971013 ], [ 364325.106375290895812, 6873628.555713805370033 ], [ 364324.628916323650628, 6873628.747717876918614 ], [ 364324.364877433341462, 6873628.856537857092917 ], [ 364323.890782432979904, 6873629.056703601032495 ], [ 364323.628649015328847, 6873629.170036715455353 ], [ 364323.158057160500903, 6873629.378305367194116 ], [ 364322.897906350379344, 6873629.496118267998099 ], [ 364322.430956321943086, 6873629.712428453378379 ], [ 364322.172864670981653, 6873629.834686472080648 ], [ 364321.709693679644261, 6873630.05897462926805 ], [ 364321.453737133415416, 6873630.185641791671515 ], [ 364320.994481621659361, 6873630.417841851711273 ], [ 364320.740735497500282, 6873630.548880884423852 ], [ 364320.285530655470211, 6873630.788924489170313 ], [ 364320.034069620247465, 6873630.924296831712127 ], [ 364319.583049149427097, 6873631.172113480046391 ], [ 364319.333947197766975, 6873631.311779299750924 ], [ 364318.887244011682924, 6873631.567295962944627 ], [ 364318.640574443794321, 6873631.711214161477983 ], [ 364318.198319938965142, 6873631.974355679005384 ], [ 364317.954155339451972, 6873632.122483907267451 ], [ 364317.516479711339343, 6873632.393172811716795 ], [ 364317.274891927663703, 6873632.545467481017113 ], [ 364316.841923863510601, 6873632.823624182492495 ], [ 364316.602983984921593, 6873632.980040479451418 ], [ 364316.174850947340019, 6873633.265583091415465 ], [ 364315.938629283802584, 6873633.426074989140034 ], [ 364315.51545726560289, 6873633.718919481150806 ], [ 364315.282023327366915, 6873633.883439753204584 ], [ 364314.863936734502204, 6873634.183500034734607 ], [ 364314.633359211497009, 6873634.352000270970166 ], [ 364314.22048130229814, 6873634.659187878482044 ], [ 364313.9928280437598, 6873634.831618494354188 ], [ 364313.585280059778597, 6873635.145843220874667 ], [ 364313.36061805463396, 6873635.322153478860855 ], [ 364312.95852012076648, 6873635.643322707153857 ], [ 364312.736915477667935, 6873635.823460725136101 ], [ 364312.340385712508578, 6873636.151480112224817 ], [ 364312.12190364045091, 6873636.335392884910107 ], [ 364311.731058975099586, 6873636.67016570083797 ], [ 364311.51576376426965, 6873636.857799108140171 ], [ 364311.130718948319554, 6873637.199227064847946 ], [ 364310.918673951178789, 6873637.39052589610219 ], [ 364310.539542510581668, 6873637.738508328795433 ], [ 364310.330810123006813, 6873637.93341629114002 ], [ 364309.957703433057759, 6873638.287850975058973 ], [ 364309.752345076354686, 6873638.486310716718435 ], [ 364309.385373072116636, 6873638.847093218937516 ], [ 364309.183449174743146, 6873639.04904634039849 ], [ 364308.822719804127701, 6873639.416070531122386 ], [ 364308.62428978382377, 6873639.621457605622709 ], [ 364308.269909103226382, 6873639.994615579023957 ], [ 364308.075031349610072, 6873640.203376171179116 ], [ 364307.727103774202988, 6873640.582557980902493 ], [ 364307.535835631773807, 6873640.794630659744143 ], [ 364307.194463436782826, 6873641.179724841378629 ], [ 364307.006861187750474, 6873641.39504720363766 ], [ 364306.67214487894671, 6873641.785940380766988 ], [ 364306.488263726816513, 6873642.004449065774679 ], [ 364306.160301765834447, 6873642.40102625079453 ], [ 364305.98019581916742, 6873642.622656960971653 ], [ 364305.659084772807546, 6873643.024801382794976 ], [ 364305.482807029271498, 6873643.249488900415599 ], [ 364305.168641314376146, 6873643.657082315534353 ], [ 364304.996243645204231, 6873643.884760525077581 ], [ 364304.689115719171241, 6873644.297682982869446 ], [ 364304.52064885373693, 6873644.528284888714552 ], [ 364304.220649157068692, 6873644.946414792910218 ], [ 364304.056162668275647, 6873645.17987253703177 ], [ 364303.763379382260609, 6873645.603086984716356 ], [ 364303.602921671466902, 6873645.839331871829927 ], [ 364303.317441014340147, 6873646.267506237141788 ], [ 364303.161059297679458, 6873646.506468749605119 ], [ 364302.89944338100031, 6873646.913358943536878 ], [ 364302.254625978763215, 6873647.934241293929517 ], [ 364302.201269903569482, 6873647.999481538310647 ], [ 364301.885831220250111, 6873648.391851449385285 ], [ 364301.328906633891165, 6873649.096631711348891 ], [ 364301.020096657739487, 6873649.494239734485745 ], [ 364300.475077318085823, 6873650.208266437985003 ], [ 364300.172983061464038, 6873650.611000536940992 ], [ 364299.640022455481812, 6873651.334072597324848 ], [ 364299.344728946161922, 6873651.741819419898093 ], [ 364298.823977164865937, 6873652.473733209073544 ], [ 364298.53556757903425, 6873652.886377904564142 ], [ 364298.027171275229193, 6873653.626927303150296 ], [ 364297.745726850349456, 6873654.044353639706969 ], [ 364297.249829197360668, 6873654.793330094777048 ], [ 364296.97542917355895, 6873655.215420546010137 ], [ 364296.492169824719895, 6873655.972613133490086 ], [ 364296.224891481164377, 6873656.399248828180134 ], [ 364295.754406530817505, 6873657.164444309659302 ], [ 364295.494325147999916, 6873657.595505082048476 ], [ 364295.036747092904989, 6873658.368487964384258 ], [ 364294.783935906772967, 6873658.803852432407439 ], [ 364294.33939360891236, 6873659.584405030123889 ], [ 364294.093923808541149, 6873660.023950600065291 ], [ 364293.662542458798271, 6873660.811853096820414 ], [ 364293.425043973897118, 6873661.254410981200635 ], [ 364291.977837086538784, 6873663.049438503570855 ], [ 364288.626742079621181, 6873667.082941386848688 ], [ 364285.216633416072, 6873671.066676057875156 ], [ 364281.602194599981885, 6873675.165404304862022 ], [ 364279.720698818506207, 6873677.528973449021578 ], [ 364279.454585525556467, 6873677.900195540860295 ], [ 364279.337713933724444, 6873678.057382197119296 ], [ 364279.218126500258222, 6873678.212512565776706 ], [ 364279.095859325199854, 6873678.365539817139506 ], [ 364278.970949421811383, 6873678.516417624428868 ], [ 364278.843434569018427, 6873678.665100357495248 ], [ 364278.713353335682768, 6873678.811543043702841 ], [ 364278.580745009297971, 6873678.955701453611255 ], [ 364278.445649789937306, 6873679.097531884908676 ], [ 364278.308108482393436, 6873679.236991499550641 ], [ 364278.168162681686226, 6873679.374038122594357 ], [ 364278.02585476229433, 6873679.508630257099867 ], [ 364277.881227707548533, 6873679.64072725083679 ], [ 364277.734325307363179, 6873679.770289107225835 ], [ 364277.585191925580148, 6873679.897276698611677 ], [ 364277.433872766036075, 6873680.021651534363627 ], [ 364277.280413531814702, 6873680.14337604958564 ], [ 364277.124860665178858, 6873680.262413406744599 ], [ 364276.967261123994831, 6873680.378727668896317 ], [ 364276.80766275752103, 6873680.492283523082733 ], [ 364276.646113628870808, 6873680.603046772070229 ], [ 364276.482662748137955, 6873680.710983811877668 ], [ 364276.317359527398366, 6873680.816062013618648 ], [ 364276.150253889209125, 6873680.918249643407762 ], [ 364275.981396468123421, 6873681.017515736632049 ], [ 364275.810838222445454, 6873681.113830336369574 ], [ 364275.638630897738039, 6873681.207164221443236 ], [ 364275.464826413313858, 6873681.29748925473541 ], [ 364275.289477452402934, 6873681.384778053499758 ], [ 364275.112637037003879, 6873681.469004225917161 ], [ 364274.93435852060793, 6873681.550142359919846 ], [ 364274.754696021613199, 6873681.628167824819684 ], [ 364274.5737037701183, 6873681.703057069331408 ], [ 364274.391436537960544, 6873681.774787430651486 ], [ 364274.207949415605981, 6873681.843337228521705 ], [ 364274.02329789835494, 6873681.908685729838908 ], [ 364273.837537899264134, 6873681.970813144929707 ], [ 364273.650725565035827, 6873682.029700698330998 ], [ 364273.462917389639188, 6873682.085330582223833 ], [ 364273.022784213069826, 6873682.207416319288313 ], [ 364269.243174899194855, 6873683.533304632641375 ], [ 364268.07926874194527, 6873684.031161091290414 ], [ 364267.145631593361031, 6873684.411682489328086 ], [ 364266.205595150764566, 6873684.776108358986676 ], [ 364265.259436711494345, 6873685.124331201426685 ], [ 364264.307435710041318, 6873685.456248172558844 ], [ 364263.349873068451416, 6873685.771761328913271 ], [ 364262.387031304533593, 6873686.070777581073344 ], [ 364261.419194843503647, 6873686.353208599612117 ], [ 364260.44664913561428, 6873686.618971087038517 ], [ 364259.469681310642045, 6873686.86798657849431 ], [ 364258.72139433369739, 6873687.045081892050803 ], [ 364246.659071012691129, 6873688.40549429692328 ], [ 364245.68125396349933, 6873688.398961208760738 ], [ 364245.181676469859667, 6873688.399783113971353 ], [ 364242.417037451232318, 6873688.427351897582412 ], [ 364241.91754288400989, 6873688.436492667533457 ], [ 364239.153746271622367, 6873688.510094478726387 ], [ 364238.654473188507836, 6873688.527551580220461 ], [ 364235.892285408801399, 6873688.647166007198393 ], [ 364235.393372256134171, 6873688.672934596426785 ], [ 364232.633559289504774, 6873688.83852846827358 ], [ 364232.135144402680453, 6873688.872601401992142 ], [ 364229.378471570904367, 6873689.084128798916936 ], [ 364228.747576512803789, 6873689.139243269339204 ], [ 364228.292943521693815, 6873689.183799619786441 ], [ 364227.79032234067563, 6873689.237337698228657 ], [ 364227.336504575854633, 6873689.289547480642796 ], [ 364226.83485679369187, 6873689.351546227000654 ], [ 364226.381983086233959, 6873689.411394619382918 ], [ 364225.88145103037823, 6873689.481836443766952 ], [ 364225.429649943194818, 6873689.549306456930935 ], [ 364224.930375873635057, 6873689.628171336837113 ], [ 364224.479775665153284, 6873689.703243815340102 ], [ 364223.981901056191418, 6873689.790509404614568 ], [ 364223.532629644032568, 6873689.873163038864732 ], [ 364223.036296020669397, 6873689.968804532662034 ], [ 364222.588480945210904, 6873690.059015857987106 ], [ 364222.093829166551586, 6873690.163006111979485 ], [ 364221.647597554663662, 6873690.260749518871307 ], [ 364221.154768048843835, 6873690.373059011995792 ], [ 364220.710246577917133, 6873690.478306752629578 ], [ 364220.219379225280136, 6873690.598903606645763 ], [ 364219.77669408719521, 6873690.711625803261995 ], [ 364219.28792827273719, 6873690.840475774370134 ], [ 364218.847205138183199, 6873690.960640426725149 ], [ 364218.360679581412114, 6873691.097706944681704 ], [ 364217.922043564030901, 6873691.225279940292239 ], [ 364217.437896428920794, 6873691.370524080470204 ], [ 364217.001472049742006, 6873691.5054692029953 ], [ 364216.519840653054416, 6873691.658849772065878 ], [ 364216.0857518055127, 6873691.801128714345396 ], [ 364215.606772965169512, 6873691.962602142244577 ], [ 364215.17514287942322, 6873692.112174513749778 ], [ 364214.698952664562967, 6873692.281694926321507 ], [ 364214.269903872977011, 6873692.438518264330924 ], [ 364213.796637294115499, 6873692.61603759881109 ], [ 364213.370291596103925, 6873692.780067385174334 ], [ 364212.900083076732699, 6873692.965535221621394 ], [ 364212.476561504474375, 6873693.136724891141057 ], [ 364212.009544557775371, 6873693.330088566988707 ], [ 364211.588967341696844, 6873693.5083895213902 ], [ 364211.125274512043688, 6873693.709594155661762 ], [ 364210.707761046709493, 6873693.894955778494477 ], [ 364210.247524011239875, 6873694.103944234549999 ], [ 364209.833192821359262, 6873694.296313904225826 ], [ 364209.376542068610433, 6873694.513026931323111 ], [ 364208.965510775742587, 6873694.712350039742887 ], [ 364208.512576219916809, 6873694.936725983396173 ], [ 364208.104961508593988, 6873695.142945943400264 ], [ 364207.65587146562757, 6873695.374921237118542 ], [ 364207.251789050642401, 6873695.587979508563876 ], [ 364199.970119281555526, 6873700.97268195822835 ], [ 364199.648787924554199, 6873701.295856159180403 ], [ 364199.284439920564182, 6873701.668717910535634 ], [ 364198.968772782653105, 6873701.997426996007562 ], [ 364198.610958873468917, 6873702.376563644036651 ], [ 364198.301051277492661, 6873702.710708353668451 ], [ 364197.949879529536702, 6873703.096005394123495 ], [ 364197.64582505915314, 6873703.435484825633466 ], [ 364197.301401550706942, 6873703.826825871132314 ], [ 364197.003292022098321, 6873704.171537510119379 ], [ 364196.665720721764956, 6873704.568804428912699 ], [ 364196.37364615581464, 6873704.918644182384014 ], [ 364196.043029032007325, 6873705.321716972626746 ], [ 364195.75707762723323, 6873705.676579197868705 ], [ 364195.433514457487036, 6873706.085336219519377 ], [ 364195.153772563382518, 6873706.445113759487867 ], [ 364194.837361150421202, 6873706.859431454911828 ], [ 364194.563913241494447, 6873707.224015664309263 ], [ 364194.254749039071612, 6873707.643769045360386 ], [ 364193.987677688943222, 6873708.013049831613898 ], [ 364193.68585409555817, 6873708.438112091273069 ], [ 364193.425239952630363, 6873708.811977941542864 ], [ 364193.130848144821357, 6873709.242220673710108 ], [ 364192.87676990730688, 6873709.6205586893484 ], [ 364192.58989871601807, 6873710.055852070450783 ], [ 364192.34243310871534, 6873710.438548005186021 ], [ 364192.063169223256409, 6873710.878760494291782 ], [ 364191.822390973917209, 6873711.265698783099651 ], [ 364191.550818675663322, 6873711.710697525180876 ], [ 364191.316800492757466, 6873712.101761324331164 ], [ 364191.053001814056188, 6873712.551411902531981 ], [ 364190.825814364652615, 6873712.94648312125355 ], [ 364190.569868956692517, 6873713.400649767369032 ], [ 364190.349580845271703, 6873713.799609105102718 ], [ 364190.101566006371286, 6873714.25815465580672 ], [ 364189.888243753812276, 6873714.660881637595594 ], [ 364189.648234375985339, 6873715.123667627573013 ], [ 364189.441942399891559, 6873715.530040640383959 ], [ 364189.21001095167594, 6873715.996927335858345 ], [ 364189.010811546409968, 6873716.406823666766286 ], [ 364188.787028063554317, 6873716.877670084126294 ], [ 364188.594981382077094, 6873717.290965955704451 ], [ 364188.3794134571217, 6873717.765629877336323 ], [ 364188.194577492133249, 6873718.182200484909117 ], [ 364187.987290205666795, 6873718.660538607276976 ], [ 364187.809720772667788, 6873719.080258158035576 ], [ 364187.610776714631356, 6873719.562126050703228 ], [ 364187.440527434693649, 6873719.984867801889777 ], [ 364187.249986706185155, 6873720.470119889825583 ], [ 364187.087108989944682, 6873720.895756183192134 ], [ 364186.905029101646505, 6873721.384246003814042 ], [ 364186.749572133645415, 6873721.81264831032604 ], [ 364186.576008081203327, 6873722.304228321649134 ], [ 364186.42801880533807, 6873722.73526727501303 ], [ 364186.263022999686655, 6873723.229789034463465 ], [ 364186.122546104539651, 6873723.66333447303623 ], [ 364185.966168373590335, 6873724.160648635588586 ], [ 364185.83324627939146, 6873724.596569639630616 ], [ 364185.685533832758665, 6873725.096526069566607 ], [ 364185.560206678404938, 6873725.534691004082561 ], [ 364185.421204136044253, 6873726.037138679996133 ], [ 364185.303509766818024, 6873726.477415230125189 ], [ 364185.173259097675327, 6873726.98220244422555 ], [ 364185.063233054068405, 6873727.424457658082247 ], [ 364184.941773581667803, 6873727.931432015262544 ], [ 364184.839449088554829, 6873728.375532345846295 ], [ 364184.726817502873018, 6873728.884540702216327 ], [ 364184.63222545949975, 6873729.330352041870356 ], [ 364184.528455767722335, 6873729.841240707784891 ], [ 364184.441624738217797, 6873730.288628433831036 ], [ 364184.346748274459969, 6873730.801243144087493 ], [ 364184.267704479454551, 6873731.250072157941759 ], [ 364184.181749895797111, 6873731.764258104376495 ], [ 364184.1105172043317, 6873732.214392871595919 ], [ 364184.033510454930365, 6873732.72999479714781 ], [ 364183.970110377413221, 6873733.181299389339983 ], [ 364183.902074717800133, 6873733.698161584325135 ], [ 364183.846526399196591, 6873734.15049972012639 ], [ 364183.787482372543309, 6873734.668466119095683 ], [ 364183.778428383811843, 6873734.754531635902822 ], [ 364183.713583109667525, 6873735.033873300999403 ], [ 364183.495044196897652, 6873736.01281784567982 ], [ 364183.388668103783857, 6873736.509030288085341 ], [ 364183.18671990884468, 6873737.491531485691667 ], [ 364183.088752773299348, 6873737.989472355693579 ], [ 364182.90345308551332, 6873738.97524905577302 ], [ 364182.813922943081707, 6873739.474775856360793 ], [ 364182.64532478741603, 6873740.463545971550047 ], [ 364182.56425725936424, 6873740.964515751227736 ], [ 364182.412408881704323, 6873741.955996334552765 ], [ 364182.339827164076269, 6873742.458265747874975 ], [ 364182.204772017081268, 6873743.452173080295324 ], [ 364182.140696881280746, 6873743.955598388798535 ], [ 364182.022473612159956, 6873744.951648053713143 ], [ 364181.966923392610624, 6873745.456085207872093 ], [ 364181.865565831947606, 6873746.453992178663611 ], [ 364181.818556425743736, 6873746.95929682161659 ], [ 364181.734093577833846, 6873747.958775538019836 ], [ 364181.695638436474837, 6873748.464803078211844 ], [ 364181.628094471176155, 6873749.465567531064153 ], [ 364181.598204599460587, 6873749.972173158079386 ], [ 364181.547598844917957, 6873750.973936970345676 ], [ 364181.826583149319049, 6873756.83846056368202 ], [ 364181.8822714916314, 6873757.218374131247401 ], [ 364181.962180319242179, 6873757.732422937639058 ], [ 364182.024448028998449, 6873758.11131374258548 ], [ 364182.113258497673087, 6873758.623899613507092 ], [ 364182.182086850865744, 6873759.001653724350035 ], [ 364182.279772261506878, 6873759.512622561305761 ], [ 364182.355140561354347, 6873759.889126385562122 ], [ 364182.461671535973437, 6873760.398324518464506 ], [ 364182.543557119031902, 6873760.773464840836823 ], [ 364182.658901627582964, 6873761.280739169567823 ], [ 364182.747279870847706, 6873761.65440318454057 ], [ 364182.871403219702188, 6873762.159601133316755 ], [ 364182.966247547592502, 6873762.531676480546594 ], [ 364183.099112426221836, 6873763.03464618884027 ], [ 364183.20039431884652, 6873763.405020982958376 ], [ 364183.34196076419903, 6873763.905611166730523 ], [ 364183.449649766029324, 6873764.274174036458135 ], [ 364183.599875207350124, 6873764.772234164178371 ], [ 364183.713938935950864, 6873765.138874282129109 ], [ 364183.872778213175479, 6873765.634254628792405 ], [ 364183.993182369566057, 6873765.998861744999886 ], [ 364184.160587701597251, 6873766.491413292475045 ], [ 364184.287296079914086, 6873766.853877769783139 ], [ 364184.463217144773807, 6873767.343452459201217 ], [ 364184.596191643620841, 6873767.703665303066373 ], [ 364184.780575532699004, 6873768.190115891396999 ], [ 364184.91977616638178, 6873768.547968785278499 ], [ 364185.112567434902303, 6873769.031148996204138 ], [ 364185.257952345535159, 6873769.386534333229065 ], [ 364185.459093020705041, 6873769.866298873908818 ], [ 364185.610618490900379, 6873770.219109789468348 ], [ 364185.820048095367383, 6873770.695314407348633 ], [ 364185.977668560983147, 6873771.045444809831679 ], [ 364186.19532411074033, 6873771.517946290783584 ], [ 364186.358992175199091, 6873771.865290896035731 ], [ 364186.584808215091471, 6873772.333947147242725 ], [ 364186.754474662942812, 6873772.678401508368552 ], [ 364186.988383317075204, 6873773.143071659840643 ], [ 364187.163997129478958, 6873773.484532197937369 ], [ 364187.405928033171222, 6873773.945076466538012 ], [ 364187.587436402624007, 6873774.283440504223108 ], [ 364187.837316823308356, 6873774.739720434881747 ], [ 364188.024665169941727, 6873775.074886225163937 ], [ 364188.282419945171569, 6873775.526764571666718 ], [ 364188.475551933050156, 6873775.858631330542266 ], [ 364188.741103593434673, 6873776.305972280912101 ], [ 364188.939961147436406, 6873776.634440214373171 ], [ 364189.21322981081903, 6873777.077109198085964 ], [ 364189.308197895588819, 6873777.228005487471819 ], [ 364189.396843475813512, 6873777.413137385621667 ], [ 364189.626554136280902, 6873777.882344112731516 ], [ 364189.799620232137386, 6873778.228190701454878 ], [ 364190.037466542271432, 6873778.693326325155795 ], [ 364190.216528733901214, 6873779.036106819286942 ], [ 364190.462438501941506, 6873779.497030161321163 ], [ 364190.647442489396781, 6873779.836640615947545 ], [ 364190.901341207209043, 6873780.293212020769715 ], [ 364191.092230888607446, 6873780.629549448378384 ], [ 364191.354041510960087, 6873781.08163037057966 ], [ 364191.550758999714162, 6873781.414592779241502 ], [ 364191.820402164070401, 6873781.862046178430319 ], [ 364192.022887806233484, 6873782.191532597877085 ], [ 364192.300281720352359, 6873782.634222748689353 ], [ 364192.508474112779368, 6873782.960133263841271 ], [ 364192.793534688826185, 6873783.39792597014457 ], [ 364193.007370697916485, 6873783.720161749050021 ], [ 364193.300011460087262, 6873784.152924202382565 ], [ 364193.519426240818575, 6873784.471387528814375 ], [ 364193.819558499264531, 6873784.898988570086658 ], [ 364194.044485514808912, 6873785.213582869619131 ], [ 364194.352018179313745, 6873785.635892723686993 ], [ 364194.582389221293852, 6873785.946522598154843 ], [ 364194.897229079622775, 6873786.363413265906274 ], [ 364195.132974288833793, 6873786.669984517619014 ], [ 364195.455025852133986, 6873787.081329558044672 ], [ 364195.696073739614803, 6873787.383749220520258 ], [ 364196.025239399750717, 6873787.789423961192369 ], [ 364196.27151686855359, 6873788.087600325234234 ], [ 364196.607696707942523, 6873788.487481624819338 ], [ 364196.859129075193778, 6873788.78132427111268 ], [ 364197.2022212461452, 6873789.175290983170271 ], [ 364197.458732265920844, 6873789.464710803702474 ], [ 364197.808632630622014, 6873789.852643349207938 ], [ 364198.07014451676514, 6873790.13755257986486 ], [ 364198.426747089950368, 6873790.519333451986313 ], [ 364198.693180539819878, 6873790.799645693041384 ], [ 364199.056377046974376, 6873791.175158974714577 ], [ 364199.327651265601162, 6873791.450789224356413 ], [ 364199.697331683011726, 6873791.819921159185469 ], [ 364199.973364407313056, 6873792.09078583214432 ], [ 364200.349416594952345, 6873792.453424445353448 ], [ 364200.630124119052198, 6873792.719441402703524 ], [ 364201.012433970114216, 6873793.075476659461856 ], [ 364201.297731170256156, 6873793.336565233767033 ], [ 364201.686182867037132, 6873793.68588927667588 ], [ 364201.975983227952383, 6873793.9419702924788 ], [ 364202.37045886379201, 6873794.28447708953172 ], [ 364202.664674504369032, 6873794.535472892224789 ], [ 364203.065054536098614, 6873794.871058652177453 ], [ 364203.363596236507874, 6873795.116893127560616 ], [ 364203.769759274902754, 6873795.44545610062778 ], [ 364204.072536503372248, 6873795.686054699122906 ], [ 364204.4843592394609, 6873796.007495137862861 ], [ 364204.791280179750174, 6873796.242784900590777 ], [ 364205.208637849777006, 6873796.557005425915122 ], [ 364205.519609429233242, 6873796.78691500145942 ], [ 364205.94237545831129, 6873797.093820314854383 ], [ 364206.25730337575078, 6873797.318279983475804 ], [ 364206.685349547944497, 6873797.617777005769312 ], [ 364207.004138302640058, 6873797.836718700826168 ], [ 364207.437334792746697, 6873798.128716596402228 ], [ 364207.759887713007629, 6873798.342073924839497 ], [ 364207.877214486128651, 6873798.41822125017643 ], [ 364208.183531896560453, 6873798.657971395179629 ], [ 364208.779758420772851, 6873799.116335948929191 ], [ 364209.195571471180301, 6873799.430295950733125 ], [ 364209.79966848436743, 6873799.878236719407141 ], [ 364210.220871428551618, 6873800.18492800090462 ], [ 364210.832656713901088, 6873800.622309867292643 ], [ 364211.259122378658503, 6873800.921639828942716 ], [ 364211.87841140042292, 6873801.348330865614116 ], [ 364212.310011259804014, 6873801.64020929671824 ], [ 364212.936617218772881, 6873802.05608079675585 ], [ 364213.373220965557266, 6873802.340419575572014 ], [ 364214.006954855518416, 6873802.745346100069582 ], [ 364214.448430919612292, 6873803.022059540264308 ], [ 364215.089101584278978, 6873803.415918947197497 ], [ 364215.535316733119544, 6873803.684923539869487 ], [ 364216.182730923814233, 6873804.067597027868032 ], [ 364216.633550561207812, 6873804.328811629675329 ], [ 364217.287512995302677, 6873804.700183771550655 ], [ 364217.742801169864833, 6873804.953529610298574 ], [ 364218.403114589338657, 6873805.313488386571407 ], [ 364218.862733932794072, 6873805.558889023959637 ], [ 364219.529199164186139, 6873805.907325859181583 ], [ 364219.993011056038085, 6873806.144707282073796 ], [ 364220.665427070111036, 6873806.481517075560987 ], [ 364221.133291602018289, 6873806.710807679221034 ], [ 364221.811455574643333, 6873807.035888837650418 ], [ 364222.283231671608519, 6873807.257019482553005 ], [ 364222.966939044825267, 6873807.570273948833346 ], [ 364223.066581822116859, 6873807.614884507842362 ], [ 364223.336511118570343, 6873807.85267371404916 ], [ 364223.728815214009956, 6873808.192286555655301 ], [ 364224.261310749338008, 6873808.645264836028218 ], [ 364224.65942998038372, 6873808.978041853755713 ], [ 364225.199680328834802, 6873809.421742628328502 ], [ 364225.603495481074788, 6873809.747584173455834 ], [ 364226.151339024130721, 6873810.181874709203839 ], [ 364226.560729381395504, 6873810.500683375634253 ], [ 364227.116002228925936, 6873810.925433751195669 ], [ 364227.530845284287352, 6873811.237114137038589 ], [ 364228.09338132373523, 6873811.652197286486626 ], [ 364228.513552954304032, 6873811.956656137481332 ], [ 364229.083183900278527, 6873812.361947887577116 ], [ 364229.508558490837459, 6873812.659094179980457 ], [ 364230.085113935347181, 6873813.054473283700645 ], [ 364230.515564105240628, 6873813.344218037091196 ], [ 364231.098871569032781, 6873813.729566217400134 ], [ 364231.534268680261448, 6873814.01182284206152 ], [ 364232.124153663869947, 6873814.387024817988276 ], [ 364232.564367363229394, 6873814.66170881036669 ], [ 364233.160653399827424, 6873815.026652339845896 ], [ 364233.605552081658971, 6873815.293681579641998 ], [ 364234.208060789271258, 6873815.648257486522198 ], [ 364234.657511251280084, 6873815.907552025280893 ], [ 364235.266062386508565, 6873816.251654238440096 ], [ 364235.719930300139822, 6873816.503136581741273 ], [ 364236.334341811831109, 6873816.836662159301341 ], [ 364236.792491294327192, 6873817.080257013440132 ], [ 364237.412579378404189, 6873817.403106180950999 ], [ 364237.874873442400713, 6873817.638740713708103 ], [ 364238.500452596344985, 6873817.950816888362169 ], [ 364238.966752899461426, 6873818.178420582786202 ], [ 364239.597635978308972, 6873818.479630406014621 ], [ 364240.067803034384269, 6873818.699135180562735 ], [ 364240.703801306255627, 6873818.989388544112444 ], [ 364241.177694478072226, 6873819.200728739611804 ], [ 364241.81861768104136, 6873819.479938812553883 ], [ 364242.296095174271613, 6873819.683051194064319 ], [ 364242.941751572943758, 6873819.951134449802339 ], [ 364243.422670622530859, 6873820.145958285778761 ], [ 364244.072867065726314, 6873820.402834524400532 ], [ 364244.557083691470325, 6873820.589311486110091 ], [ 364245.211625669617206, 6873820.83490386325866 ], [ 364245.698995107086375, 6873821.012978203594685 ], [ 364246.35768681083573, 6873821.247213248163462 ], [ 364246.848063157696743, 6873821.416831655427814 ], [ 364247.510707536130212, 6873821.63963929656893 ], [ 364248.003944261872675, 6873821.800751088187099 ], [ 364248.670343081699684, 6873822.012064669281244 ], [ 364249.166292454232462, 6873822.16462158691138 ], [ 364249.83624635898741, 6873822.364377894438803 ], [ 364250.334760097437538, 6873822.508334330283105 ], [ 364251.008068667084444, 6873822.696473605930805 ], [ 364251.508997660886962, 6873822.831786497496068 ], [ 364252.065227135084569, 6873822.976887916214764 ], [ 364253.043403961986769, 6873823.39987260196358 ], [ 364253.52091779850889, 6873823.601481375284493 ], [ 364254.585542543325573, 6873824.040173784829676 ], [ 364255.066468256467488, 6873824.233502437360585 ], [ 364256.138513388868887, 6873824.653735839761794 ], [ 364256.622707489470486, 6873824.838726690970361 ], [ 364257.701852985483129, 6873825.240375638008118 ], [ 364258.189170909347013, 6873825.416973453946412 ], [ 364259.275094625307247, 6873825.799918046221137 ], [ 364259.765390865097288, 6873825.96807009819895 ], [ 364260.857768634159584, 6873826.332196021452546 ], [ 364261.350896867923439, 6873826.491852127946913 ], [ 364262.449402596335858, 6873826.837050683796406 ], [ 364262.945215637388173, 6873826.988163189031184 ], [ 364264.049521402397659, 6873827.314331328496337 ], [ 364264.547871168993879, 6873827.45685510057956 ], [ 364265.657647316111252, 6873827.763895458541811 ], [ 364266.158385111717507, 6873827.897787973284721 ], [ 364267.273300353670493, 6873828.185608891770244 ], [ 364267.776276640710421, 6873828.310830163769424 ], [ 364268.895998156105634, 6873828.579345724545419 ], [ 364269.401062854332849, 6873828.695858389139175 ], [ 364270.525256386899855, 6873828.944988434202969 ], [ 364271.032258672465105, 6873829.052757698111236 ], [ 364272.16058863105718, 6873829.282427858561277 ], [ 364274.412860371288843, 6873829.652269371785223 ], [ 364276.978937888983637, 6873829.973943749442697 ], [ 364277.467529528425075, 6873830.031127103604376 ], [ 364280.038536557927728, 6873830.310682261362672 ], [ 364280.528000139922369, 6873830.359846490435302 ], [ 364283.10324538970599, 6873830.597207262180746 ], [ 364283.59344932687236, 6873830.638339146971703 ], [ 364286.172240365704056, 6873830.833441710099578 ], [ 364286.663052822870668, 6873830.866530190221965 ], [ 364289.244696266250685, 6873831.019322087056935 ], [ 364289.735985310398974, 6873831.044358268380165 ], [ 364292.319787006767001, 6873831.154798414558172 ], [ 364292.811420510872267, 6873831.171775562688708 ], [ 364295.396685728512239, 6873831.239834263920784 ], [ 364295.888531511183828, 6873831.248747814446688 ], [ 364298.474565124663059, 6873831.274406771175563 ], [ 364298.741417477489449, 6873831.27586758416146 ], [ 364301.854248391347937, 6873831.279063097201288 ], [ 364304.715805228275713, 6873831.329854858107865 ], [ 364307.576112826995086, 6873831.428486154414713 ], [ 364310.434371438808739, 6873831.574929410591722 ], [ 364313.540028512943536, 6873831.786164515651762 ], [ 364314.584172254486475, 6873831.838924158364534 ], [ 364317.947774836909957, 6873831.950167687609792 ], [ 364321.076200517010875, 6873832.102375199086964 ], [ 364324.201880354026798, 6873832.303222031332552 ], [ 364326.664383699651808, 6873832.499956765212119 ], [ 364326.710647352098022, 6873832.945636245422065 ], [ 364326.768891081796028, 6873833.462975296191871 ], [ 364326.884986913471948, 6873834.419449273496866 ], [ 364326.952199219085742, 6873834.935699727386236 ], [ 364327.084875191387255, 6873835.89001508243382 ], [ 364327.161035832134075, 6873836.405021470971406 ], [ 364327.310251990158577, 6873837.35689081531018 ], [ 364327.395338030939456, 6873837.870498050004244 ], [ 364327.561049438721966, 6873838.819634730927646 ], [ 364327.655035254079849, 6873839.33168812841177 ], [ 364327.837192008213606, 6873840.277806318365037 ], [ 364327.940049299795646, 6873840.788151703774929 ], [ 364328.138596544391476, 6873841.730966479517519 ], [ 364328.250294329947792, 6873842.23945012781769 ], [ 364328.465172273106873, 6873843.178677566349506 ], [ 364328.585676922346465, 6873843.685146382078528 ], [ 364328.816820854321122, 6873844.620503636077046 ], [ 364328.946096071973443, 6873845.12480507325381 ], [ 364329.193436384492088, 6873846.056010464206338 ], [ 364329.331443240516819, 6873846.557992658577859 ], [ 364329.594905447913334, 6873847.484765757806599 ], [ 364329.74160238832701, 6873847.984277561306953 ], [ 364330.021107149776071, 6873848.90633927192539 ], [ 364330.176449987746309, 6873849.403230225667357 ], [ 364330.471913131361362, 6873850.320302873849869 ], [ 364330.635855092899874, 6873850.814423363655806 ], [ 364330.947187640878838, 6873851.726230775006115 ], [ 364331.119679356459528, 6873852.217431999742985 ], [ 364331.446787552151363, 6873853.123699585907161 ], [ 364331.627777064219117, 6873853.611833589151502 ], [ 364331.970562399888877, 6873854.512288432568312 ], [ 364332.159995220019482, 6873854.997208257205784 ], [ 364332.518354467174504, 6873855.891579187475145 ], [ 364332.672011993883643, 6873856.267671926878393 ], [ 364334.685778039915022, 6873861.10280201677233 ], [ 364336.53679603227647, 6873865.750781128183007 ], [ 364338.314858553290833, 6873870.427154868841171 ], [ 364338.465927692130208, 6873870.843993099406362 ], [ 364337.014431696501561, 6873873.152719479985535 ], [ 364331.325575055496302, 6873885.933869785629213 ], [ 364325.987400676589459, 6873897.518992343917489 ], [ 364325.866781520249788, 6873897.737349058501422 ], [ 364325.624389091623016, 6873898.18508692830801 ], [ 364325.34237019153079, 6873898.716748243197799 ], [ 364325.107611125626136, 6873899.168535158038139 ], [ 364324.834655511775054, 6873899.704905967228115 ], [ 364324.60759737243643, 6873900.160611905157566 ], [ 364324.343783663120121, 6873900.701537722721696 ], [ 364324.124491890717763, 6873901.161031344905496 ], [ 364323.869896071089897, 6873901.70635636895895 ], [ 364323.65843381267041, 6873902.169505359604955 ], [ 364323.413129212916829, 6873902.719072522595525 ], [ 364323.209557382680941, 6873903.185743465088308 ], [ 364322.973614656890277, 6873903.739394476637244 ], [ 364322.777991875365842, 6873904.209452988579869 ], [ 364322.551478981098626, 6873904.767028383910656 ], [ 364322.363861595280468, 6873905.240339072421193 ], [ 364322.146843774127774, 6873905.801678256131709 ], [ 364321.967285840481054, 6873906.27810474857688 ], [ 364321.759825599205215, 6873906.843046038411558 ], [ 364321.588378817308694, 6873907.322451157495379 ], [ 364321.390535909798928, 6873907.890831836499274 ], [ 364321.227249658841174, 6873908.373077508993447 ], [ 364321.039081068942323, 6873908.944733870215714 ], [ 364320.884002392122056, 6873909.429681160487235 ], [ 364320.705562317336444, 6873910.004448550753295 ], [ 364320.558735876751598, 6873910.491957793943584 ], [ 364320.390075712406542, 6873911.069670665077865 ], [ 364320.251543791673612, 6873911.559601466171443 ], [ 364320.092712116194889, 6873912.140093423426151 ], [ 364319.96251462661894, 6873912.632304633036256 ], [ 364319.813557187677361, 6873913.215408477932215 ], [ 364319.691731618018821, 6873913.709758370183408 ], [ 364319.552691319258884, 6873914.295306155458093 ], [ 364319.43927276879549, 6873914.791652302257717 ], [ 364319.310189657320734, 6873915.379475373774767 ], [ 364319.205210786953103, 6873915.877674844115973 ], [ 364319.086122042150237, 6873916.467603893950582 ], [ 364318.989613091922365, 6873916.967513175681233 ], [ 364318.880553014343604, 6873917.559378288686275 ], [ 364318.792541779286694, 6873918.060853406786919 ], [ 364318.693541781045496, 6873918.654484110884368 ], [ 364318.614053610595874, 6873919.157380628399551 ], [ 364318.525142206286546, 6873919.752605943009257 ], [ 364318.454199996136595, 6873920.256779005751014 ], [ 364318.375402794568799, 6873920.853427490219474 ], [ 364318.313026977295522, 6873921.358731889165938 ], [ 364318.244366674101911, 6873921.956631693989038 ], [ 364318.190575217478909, 6873922.462921869941056 ], [ 364318.132071588537656, 6873923.06190078239888 ], [ 364318.086879982904065, 6873923.569030939601362 ], [ 364318.038549878809135, 6873924.168916440568864 ], [ 364318.001971142191906, 6873924.676740494556725 ], [ 364317.963828483305406, 6873925.277359800413251 ], [ 364317.935873151232954, 6873925.785731486976147 ], [ 364317.90792892355239, 6873926.386911604553461 ], [ 364317.888605047774035, 6873926.895684498362243 ], [ 364317.87086729996372, 6873927.497252270579338 ], [ 364317.860180445946753, 6873928.006279841065407 ], [ 364317.8526542870095, 6873928.608062002807856 ], [ 364319.609868922969326, 6873939.1063471743837 ], [ 364320.308978030050639, 6873941.056649698875844 ], [ 364320.480464983906131, 6873941.522858465090394 ], [ 364321.211770761525258, 6873943.461317991837859 ], [ 364321.390953545749653, 6873943.924623411148787 ], [ 364322.15425548737403, 6873945.850708462297916 ], [ 364322.341084976156708, 6873946.310983514413238 ], [ 364323.136173802777193, 6873948.224166003987193 ], [ 364323.330598774657119, 6873948.681284498423338 ], [ 364324.157256492006127, 6873950.581039876677096 ], [ 364324.3592236355762, 6873951.034876470454037 ], [ 364325.217223593906965, 6873952.920683871023357 ], [ 364325.426677540526725, 6873953.371114146895707 ], [ 364325.458848581765778, 6873953.438825947232544 ], [ 364325.463032723288052, 6873953.455074181780219 ], [ 364325.502182601951063, 6873953.618385104462504 ], [ 364325.538591370859649, 6873953.782328935340047 ], [ 364325.572248803742696, 6873953.946859628893435 ], [ 364325.60314546135487, 6873954.111931039951742 ], [ 364325.631272673083004, 6873954.277496845461428 ], [ 364325.656622544454876, 6873954.443510577082634 ], [ 364325.712952198635321, 6873954.858929585665464 ], [ 364325.791113781568129, 6873955.39848645683378 ], [ 364325.836814318667166, 6873955.694949960336089 ], [ 364325.843861620000098, 6873955.746293261647224 ], [ 364325.850058658572379, 6873955.797746114432812 ], [ 364325.85540373675758, 6873955.849294422194362 ], [ 364325.859895395173226, 6873955.900924111716449 ], [ 364325.863532401446719, 6873955.952621016651392 ], [ 364325.86631376290461, 6873956.004371026530862 ], [ 364325.868238716910128, 6873956.056159955449402 ], [ 364325.869306737266015, 6873956.107973639853299 ], [ 364325.869517531711608, 6873956.159797904081643 ], [ 364325.868871042446699, 6873956.211618566885591 ], [ 364325.867367446480785, 6873956.263421443291008 ], [ 364325.86500715528382, 6873956.315192359499633 ], [ 364325.846390731516294, 6873956.61457937117666 ], [ 364325.788666823762469, 6873958.396279994398355 ], [ 364325.787107809446752, 6873958.979760355316103 ], [ 364325.780668002262246, 6873959.316019986756146 ], [ 364325.768688757438213, 6873959.652127867564559 ], [ 364325.751173327094875, 6873959.987992754206061 ], [ 364325.7281264665653, 6873960.323523457162082 ], [ 364325.699554432649165, 6873960.658628887496889 ], [ 364325.665464983030688, 6873960.993218062445521 ], [ 364325.625867370225023, 6873961.327200165949762 ], [ 364325.580772347399034, 6873961.660484500229359 ], [ 364325.530192155623809, 6873961.992980597540736 ], [ 364325.47414052800741, 6873962.324598181061447 ], [ 364325.367430811340455, 6873962.898239880800247 ], [ 364324.900199358933605, 6873966.860764456912875 ], [ 364324.866850872873329, 6873967.516382581554353 ], [ 364324.839432684937492, 6873967.922105334699154 ], [ 364324.805261656118091, 6873968.327315218746662 ], [ 364324.764347263262607, 6873968.731899851933122 ], [ 364324.716700855176896, 6873969.135747010819614 ], [ 364324.662335645407438, 6873969.538744700141251 ], [ 364324.601266714511439, 6873969.940781130455434 ], [ 364324.533510997483972, 6873970.341744813136756 ], [ 364324.459087288181763, 6873970.741524529643357 ], [ 364324.378016226692125, 6873971.140009407885373 ], [ 364324.290320301020984, 6873971.537088913843036 ], [ 364324.196023833530489, 6873971.93265291955322 ], [ 364324.095152973313816, 6873972.326591730117798 ], [ 364323.987735704169609, 6873972.71879605948925 ], [ 364323.873801812937018, 6873973.109157148748636 ], [ 364323.753382898343261, 6873973.497566734440625 ], [ 364323.626512372400612, 6873973.883917045779526 ], [ 364323.493225405691192, 6873974.268100981600583 ], [ 364323.267757200752385, 6873974.884632688947022 ], [ 364321.511913081398234, 6873987.223530854098499 ], [ 364321.740802033396903, 6873990.589764844626188 ], [ 364321.902088709874079, 6873993.714737401343882 ], [ 364322.012342168483883, 6873996.841926408931613 ], [ 364322.071533027628902, 6873999.970498501323164 ], [ 364322.080280367983505, 6874003.344493892043829 ], [ 364322.306076838809531, 6874004.849154903553426 ], [ 364319.014039994508494, 6874005.26586842816323 ], [ 364303.321344699594192, 6874005.475104365497828 ], [ 364302.957225886522792, 6874005.482170020230114 ], [ 364286.996637011587154, 6874005.888809227384627 ], [ 364255.676094982540235, 6874002.010104333050549 ], [ 364238.40191922232043, 6873995.044710881076753 ], [ 364226.63161327195121, 6873989.654570773243904 ], [ 364225.53831580420956, 6873989.179942553862929 ], [ 364221.14377660327591, 6873987.37504252512008 ], [ 364220.398484955483582, 6873986.927867536433041 ], [ 364215.381834857282229, 6873980.992675870656967 ], [ 364213.435024449019693, 6873978.900295168161392 ], [ 364209.612094151729252, 6873975.165248326025903 ], [ 364206.271090348949656, 6873960.857036388479173 ], [ 364202.552753173746169, 6873951.868364984169602 ], [ 364189.6893093897379, 6873931.124613296240568 ], [ 364186.770805339387152, 6873927.179722780361772 ], [ 364179.469931840372737, 6873918.835867355577648 ], [ 364173.485136660106946, 6873913.5972312502563 ], [ 364145.904058997170068, 6873895.287104061804712 ], [ 364145.525274924642872, 6873895.039736745879054 ], [ 364096.897961381007917, 6873863.803838868625462 ], [ 364045.932300865533762, 6873827.383434276096523 ], [ 364045.501027446938679, 6873827.080928064882755 ], [ 364031.100171433936339, 6873817.167295303195715 ], [ 364026.372293706284836, 6873812.923127838410437 ], [ 364037.032129219325725, 6873810.102887891232967 ], [ 364039.482957406376954, 6873809.340916527435184 ], [ 364057.908971475320868, 6873802.735364314168692 ], [ 364065.445468977559358, 6873798.746213488280773 ], [ 364071.555165947938804, 6873792.797791693359613 ], [ 364075.744452372367959, 6873785.370679322630167 ], [ 364077.67487059236737, 6873777.064922017976642 ], [ 364077.190459719917271, 6873768.551552237011492 ], [ 364076.089534350729082, 6873763.104868833906949 ], [ 364073.026290525333025, 6873754.692501859739423 ], [ 364067.617097422131337, 6873747.558638193644583 ], [ 364060.343682037084363, 6873742.338598973117769 ], [ 364051.853793577407487, 6873739.497265698388219 ], [ 364042.903516802180093, 6873739.287679242901504 ], [ 364025.114880578476004, 6873741.547473420388997 ], [ 364020.68492549424991, 6873742.453738725744188 ], [ 363999.428366409323644, 6873748.502353098243475 ], [ 363979.25416724209208, 6873754.055140974000096 ], [ 363966.930847711861134, 6873756.860449484549463 ], [ 363963.949589961674064, 6873757.270372425206006 ], [ 363961.887343327805866, 6873757.503495958633721 ], [ 363958.926256561942864, 6873754.17227334715426 ], [ 363954.928343154431786, 6873749.568615484051406 ], [ 363945.513648434600327, 6873734.221702407114208 ], [ 363940.566530968761072, 6873724.431617317721248 ], [ 363940.252684214618057, 6873723.827651111409068 ], [ 363936.399445423448924, 6873716.613692772574723 ], [ 363936.344186435453594, 6873716.643208617344499 ], [ 363935.28334715263918, 6873713.998083190061152 ], [ 363931.150206986174453, 6873709.270092607475817 ], [ 363928.42794275394408, 6873704.566433522850275 ], [ 363928.083252247190103, 6873703.986022661440074 ], [ 363926.016457741730846, 6873700.59335998352617 ], [ 363921.180627066351008, 6873689.725204444490373 ], [ 363918.279046149400529, 6873684.618462346494198 ], [ 363908.747350192454178, 6873671.117640716955066 ], [ 363905.452975313412026, 6873667.206997934728861 ], [ 363899.659339530102443, 6873661.413362151943147 ], [ 363893.314846890454646, 6873654.37284922413528 ], [ 363892.985486685996875, 6873654.013276384212077 ], [ 363889.856540900655091, 6873650.652556836605072 ], [ 363884.734470783558208, 6873646.263857727870345 ], [ 363877.897144808317535, 6873641.62838249001652 ], [ 363877.412046206416562, 6873641.306328943930566 ], [ 363873.404102815140504, 6873638.701165740378201 ], [ 363869.204994872037787, 6873635.663513185456395 ], [ 363864.884302554884925, 6873632.176638684235513 ], [ 363861.541762195643969, 6873628.581831127405167 ], [ 363859.627166237682104, 6873625.889430562034249 ], [ 363848.925899981928524, 6873608.154726168140769 ], [ 363841.433290202578064, 6873599.800253220833838 ], [ 363822.329587409563828, 6873585.229632446542382 ], [ 363821.544224247336388, 6873584.468811883591115 ], [ 363821.045333288493566, 6873583.810275818221271 ], [ 363819.649764784495346, 6873581.465720730833709 ], [ 363818.277072241413407, 6873578.644074947573245 ], [ 363816.017543711117469, 6873573.694631500169635 ], [ 363813.877764546370599, 6873568.964593347162008 ], [ 363811.6002825081232, 6873563.840258761309087 ], [ 363809.657634162518661, 6873560.175356138497591 ], [ 363806.412801496277098, 6873554.960446496494114 ], [ 363800.75118235318223, 6873548.280393681488931 ], [ 363797.390462806040887, 6873545.32527821790427 ], [ 363796.400269970530644, 6873544.491770363412797 ], [ 363794.314306113636121, 6873542.811410590074956 ], [ 363786.331312980793882, 6873538.199722687713802 ], [ 363783.496286481560674, 6873537.101469178684056 ], [ 363783.357447518559638, 6873536.268435400910676 ], [ 363782.277543674979825, 6873531.869233207777143 ], [ 363781.234561746590771, 6873528.682343982160091 ], [ 363777.771394013194367, 6873521.504114929586649 ], [ 363776.091034239565488, 6873518.954603549093008 ], [ 363775.41200010990724, 6873517.967800921760499 ], [ 363773.789583776786458, 6873515.708006743341684 ], [ 363764.591456757043488, 6873507.323271131142974 ], [ 363761.230737209902145, 6873505.353194155730307 ], [ 363759.294770875014365, 6873504.311681684106588 ], [ 363752.004055732744746, 6873500.727419490925968 ], [ 363751.1867070774897, 6873500.059918088838458 ], [ 363750.342264390201308, 6873499.395143787376583 ], [ 363748.391962245921604, 6873497.91560423001647 ], [ 363746.866106931003742, 6873496.445234562270343 ], [ 363743.936026772425976, 6873493.412344573996961 ], [ 363740.192016901099123, 6873490.131420956924558 ], [ 363736.193919508776162, 6873487.176305493339896 ], [ 363732.746763636299875, 6873484.975101660937071 ], [ 363727.126249910914339, 6873481.904099316336215 ], [ 363725.775255275366362, 6873481.209748067893088 ], [ 363721.042144421546254, 6873478.926718126051128 ], [ 363718.081876584736165, 6873477.446584208868444 ], [ 363716.350607897271402, 6873476.565763297490776 ], [ 363713.85452977247769, 6873474.92654781229794 ], [ 363712.316745948919561, 6873473.981615790165961 ], [ 363708.782196080312133, 6873471.953595373779535 ], [ 363708.190517251263373, 6873471.622935387305915 ], [ 363706.328264077194035, 6873470.609650571830571 ], [ 363705.190222327189986, 6873469.734233841300011 ], [ 363702.143365362659097, 6873467.674875787459314 ], [ 363697.089131056854967, 6873464.69287754688412 ], [ 363694.36780110176187, 6873462.869586477056146 ], [ 363683.073671529069543, 6873451.717819881625473 ], [ 363682.50224449869711, 6873449.481564896181226 ], [ 363676.238788242044393, 6873440.602866804227233 ], [ 363667.223564351559617, 6873434.537563654594123 ], [ 363663.225466959294863, 6873432.799260440282524 ], [ 363654.760701352497563, 6873430.515878124162555 ], [ 363645.997266761492938, 6873430.777231810614467 ], [ 363637.683619815157726, 6873433.561000125482678 ], [ 363631.182354906341061, 6873438.167101356200874 ], [ 363629.825260891171638, 6873438.256383857689798 ], [ 363626.094030421925709, 6873438.73827451467514 ], [ 363620.705290458339732, 6873439.781256442889571 ], [ 363618.164313812158071, 6873440.388933532871306 ], [ 363616.947501562302932, 6873440.73659417591989 ], [ 363616.117449075565673, 6873440.9867796106264 ], [ 363607.715650207712315, 6873443.652177872136235 ], [ 363605.266282874217723, 6873444.548156310804188 ], [ 363599.2750272374833, 6873447.040094495750964 ], [ 363594.5094270122936, 6873448.801294579170644 ], [ 363594.317213668546174, 6873448.873077973723412 ], [ 363588.1752089788788, 6873451.190815592184663 ], [ 363585.627843858615961, 6873452.289171093143523 ], [ 363581.108255502069369, 6873454.491021829657257 ], [ 363580.564614465809427, 6873454.762720381841063 ], [ 363575.929139228363056, 6873457.138401441276073 ], [ 363573.560300521552563, 6873458.491826690733433 ], [ 363568.345390879374463, 6873461.794602797366679 ], [ 363568.316709215985611, 6873461.81279060523957 ], [ 363564.666272466478404, 6873464.130528223700821 ], [ 363562.816563610220328, 6873465.404536769725382 ], [ 363559.629674384486862, 6873467.780217829160392 ], [ 363556.2451693014591, 6873470.721130539663136 ], [ 363550.219051492807921, 6873476.80519178789109 ], [ 363545.48621526703937, 6873483.032486839219928 ], [ 363543.16847764828708, 6873487.088527671992779 ], [ 363541.220566824660636, 6873492.354232039302588 ], [ 363541.046448681736365, 6873492.494957661256194 ], [ 363537.194500038749538, 6873495.383919143117964 ], [ 363530.394523270311765, 6873499.434969132766128 ], [ 363524.419874384766445, 6873504.111046140082181 ], [ 363521.428395814844407, 6873507.135398101061583 ], [ 363520.580748879758175, 6873507.685223139822483 ], [ 363514.215172308846377, 6873511.315959406085312 ], [ 363511.212178979534656, 6873512.817456071265042 ], [ 363507.850815061829053, 6873514.225595009513199 ], [ 363507.398049870098475, 6873514.419651684351265 ], [ 363503.168178715917747, 6873516.273841778747737 ], [ 363502.731265620212071, 6873516.469536033459008 ], [ 363494.135099506471306, 6873520.402422490529716 ], [ 363484.610906826332211, 6873524.534611907787621 ], [ 363476.612070457777008, 6873527.233605775050819 ], [ 363470.666020022355951, 6873529.123004978522658 ], [ 363466.891833393892739, 6873530.610055869445205 ], [ 363452.724662199500017, 6873537.331494963727891 ], [ 363444.331111476349179, 6873543.262209048494697 ], [ 363436.595662173873279, 6873551.026630071923137 ], [ 363435.925107662857044, 6873551.721723498776555 ], [ 363424.017730646592099, 6873564.469280402176082 ], [ 363422.647254048381001, 6873566.626738586463034 ], [ 363420.636969002662227, 6873567.366037368774414 ], [ 363417.285612863488495, 6873568.836366868577898 ], [ 363391.732555616938043, 6873581.960556135512888 ], [ 363390.846603040525224, 6873582.434501277282834 ], [ 363359.673032068472821, 6873599.788561697117984 ], [ 363358.418883781298064, 6873600.527144036255777 ], [ 363309.051072502275929, 6873631.237167485058308 ], [ 363307.416621977637988, 6873632.329770450480282 ], [ 363301.274617288028821, 6873636.733471926301718 ], [ 363299.684032903751358, 6873637.956448000855744 ], [ 363295.743878951878287, 6873641.201280666515231 ], [ 363293.793856088013854, 6873642.955742919817567 ], [ 363287.504980979778338, 6873649.132316687144339 ], [ 363284.205433235911187, 6873652.253510499373078 ], [ 363279.941460139409173, 6873655.742215760052204 ], [ 363276.965814728697296, 6873658.535534426569939 ], [ 363269.317280586925335, 6873666.763502972200513 ], [ 363266.878055569191929, 6873669.751757469959557 ], [ 363262.82201473636087, 6873675.430214636027813 ], [ 363259.423027674376499, 6873681.617970749735832 ], [ 363255.251099960703868, 6873691.931903153657913 ], [ 363254.01768381067086, 6873695.669808192178607 ], [ 363252.279380596650299, 6873702.391247286461294 ], [ 363252.233037023281213, 6873702.572778957895935 ], [ 363250.378846928302664, 6873709.931595897302032 ], [ 363249.821569762949366, 6873712.679580907337368 ], [ 363248.836531274951994, 6873719.05335935857147 ], [ 363248.484872111293953, 6873723.498342462815344 ], [ 363248.426928670785856, 6873736.18795592430979 ], [ 363248.51846458716318, 6873738.670678157359362 ], [ 363248.750238349020947, 6873741.625793620944023 ], [ 363249.147021426993888, 6873743.81735138874501 ], [ 363248.084498975658789, 6873745.466667079366744 ], [ 363242.17426804790739, 6873755.374995399266481 ], [ 363239.062639941170346, 6873762.609199857339263 ], [ 363237.903771131823305, 6873766.723184131085873 ], [ 363237.081499577616341, 6873770.614688022062182 ], [ 363236.789993549871724, 6873772.655230215750635 ], [ 363235.423002233961597, 6873774.04539087601006 ], [ 363234.268038735433947, 6873775.288364387117326 ], [ 363223.963930083671585, 6873787.026550016365945 ], [ 363216.877448197221383, 6873793.70490990858525 ], [ 363215.153723337629344, 6873794.618578277528286 ], [ 363214.33926211373182, 6873795.066586164757609 ], [ 363197.883325020724442, 6873804.453423520550132 ], [ 363197.479231137898751, 6873804.688117823563516 ], [ 363167.000981451594271, 6873822.708527809008956 ], [ 363166.025149069027975, 6873823.310957567766309 ], [ 363165.308167904906441, 6873823.772742046043277 ], [ 363160.900349848961923, 6873825.425673817284405 ], [ 363155.613167235569563, 6873828.02634416334331 ], [ 363153.932807461998891, 6873829.069326092489064 ], [ 363153.632753234240226, 6873829.259734728373587 ], [ 363151.934251454193145, 6873829.571704442612827 ], [ 363146.737034134217538, 6873831.019531708210707 ], [ 363144.593126836873125, 6873831.83073987532407 ], [ 363142.596059388190042, 6873832.670009397901595 ], [ 363140.650918650324456, 6873833.571416080929339 ], [ 363138.364212082698941, 6873834.544482705183327 ], [ 363134.036133807327133, 6873836.819239172153175 ], [ 363132.313941191590857, 6873837.912169101648033 ], [ 363127.887056191277225, 6873840.125611601397395 ], [ 363127.209420176863205, 6873840.475264243781567 ], [ 363113.708598547789734, 6873847.660250862129033 ], [ 363110.806777738034725, 6873849.422156224958599 ], [ 363106.171302500588354, 6873852.60904545057565 ], [ 363104.291220327024348, 6873854.012957056052983 ], [ 363099.892302089487202, 6873857.573986105620861 ], [ 363097.899334805901162, 6873859.058942121453583 ], [ 363094.162261401419528, 6873861.618581438437104 ], [ 363089.679960712615866, 6873865.385181363672018 ], [ 363086.86243961454602, 6873866.241486795246601 ], [ 363083.944379515247419, 6873867.296047828160226 ], [ 363081.742528777453117, 6873868.223142876289785 ], [ 363076.874837923678569, 6873870.823457987979054 ], [ 363074.325326543068513, 6873872.503817761316895 ], [ 363072.543404578056652, 6873873.773844229057431 ], [ 363071.183979880006518, 6873874.819555534981191 ], [ 363068.7734259624267, 6873876.398883963935077 ], [ 363065.001597950526047, 6873879.324042534455657 ], [ 363064.589942317688838, 6873879.69937561172992 ], [ 363062.681393019505776, 6873881.002036243677139 ], [ 363061.75490438065026, 6873881.660470829345286 ], [ 363058.979093645932153, 6873883.713414185680449 ], [ 363058.396089156682137, 6873883.96455458085984 ], [ 363057.490894949063659, 6873884.372371988371015 ], [ 363054.535779485187959, 6873885.76301455963403 ], [ 363054.211747984634712, 6873885.917875740677118 ], [ 363050.271594032761641, 6873887.830009276047349 ], [ 363041.446611443418078, 6873894.340809006243944 ], [ 363039.186817265173886, 6873896.759947647340596 ], [ 363036.869026903703343, 6873899.564354597590864 ], [ 363016.12527521600714, 6873928.014583868905902 ], [ 363011.439828973496333, 6873937.734382582828403 ], [ 363010.802451128372923, 6873940.052120201289654 ], [ 363010.118394814315252, 6873943.186546630226076 ], [ 363009.946460330334958, 6873944.242715603671968 ], [ 363009.59811892680591, 6873945.561436630785465 ], [ 363008.538940870843362, 6873949.215600923635066 ], [ 363008.493203141493723, 6873949.375043251551688 ], [ 363006.205067208560649, 6873957.435522107407451 ], [ 363005.5395652296138, 6873959.314586518332362 ], [ 363004.831333797017578, 6873961.600121267139912 ], [ 363004.13601251138607, 6873964.207576087675989 ], [ 363003.606963395781349, 6873966.570892460644245 ], [ 363002.911642110149842, 6873970.395159532316029 ], [ 363002.724837548215874, 6873979.973328165709972 ], [ 363003.528664782235865, 6873985.642425499856472 ], [ 363003.528664782235865, 6873986.799541280604899 ], [ 363003.394882527005393, 6873988.89546327944845 ], [ 363003.057866858725902, 6873990.37833222001791 ], [ 363002.870072886638809, 6873991.266617137007415 ], [ 363002.757103951822501, 6873991.844013914465904 ], [ 362999.499067781667691, 6873999.198190075345337 ], [ 362998.919633376935963, 6874002.037418657913804 ], [ 362998.876290524320211, 6874002.253859899006784 ], [ 362998.670685569290072, 6874003.300576034002006 ], [ 362998.474835194880143, 6874003.848957082256675 ], [ 362998.466104328283109, 6874003.867410959675908 ], [ 362997.290472993510775, 6874004.086014939472079 ], [ 362994.451244410593063, 6874004.72339278459549 ], [ 362984.983143296674825, 6874008.642515269108117 ], [ 362982.143914713698905, 6874010.438761924393475 ], [ 362976.564256726007443, 6874014.991541487164795 ], [ 362972.230337586719543, 6874020.742848286405206 ], [ 362971.300792991998605, 6874022.345975920557976 ], [ 362968.706877607270144, 6874024.253266644664109 ], [ 362967.192453657626174, 6874025.443569410592318 ], [ 362963.947620991384611, 6874028.166911113075912 ], [ 362961.772473082120996, 6874030.183953007683158 ], [ 362959.338848582468927, 6874032.67552094720304 ], [ 362958.129461470874958, 6874033.989790515974164 ], [ 362956.478573644242715, 6874035.894661085680127 ], [ 362954.058814777410589, 6874038.360075780190527 ], [ 362951.354080459394027, 6874041.528817107900977 ], [ 362949.210173162049614, 6874044.42598913051188 ], [ 362948.791237555153202, 6874045.006477112881839 ], [ 362946.14239375165198, 6874048.770623571239412 ], [ 362942.808706129144412, 6874052.818672826513648 ], [ 362940.60194610664621, 6874055.870100670494139 ], [ 362939.211303535383195, 6874058.071951407939196 ], [ 362937.853114534344058, 6874060.457630899734795 ], [ 362936.404528522689361, 6874063.296859482303262 ], [ 362935.653738349676132, 6874064.881124881096184 ], [ 362934.205152337963227, 6874068.18390098772943 ], [ 362933.610747032449581, 6874069.642028269357979 ], [ 362932.678560444910545, 6874072.11232272721827 ], [ 362931.012081116088666, 6874076.014323106966913 ], [ 362930.311818611400668, 6874077.08531282003969 ], [ 362927.924725680204574, 6874081.504460027441382 ], [ 362926.534083108941559, 6874084.691349253058434 ], [ 362925.018028341815807, 6874089.054883955977857 ], [ 362924.14887673483463, 6874092.357660062611103 ], [ 362923.444616849941667, 6874095.877867286093533 ], [ 362922.923125885718036, 6874099.644190915860236 ], [ 362922.758490729087498, 6874106.426740809343755 ], [ 362923.048207931395154, 6874109.671573475934565 ], [ 362923.337521376030054, 6874111.935584956780076 ], [ 362923.916955780703574, 6874115.412191384471953 ], [ 362925.013715417357162, 6874119.862740889191628 ], [ 362926.28298644797178, 6874123.717564018443227 ], [ 362926.368087539507542, 6874124.043784869834781 ], [ 362925.336233044043183, 6874126.881384732201695 ], [ 362924.34990365075646, 6874128.738004766404629 ], [ 362923.657881034305319, 6874130.126097586005926 ], [ 362921.395665288320743, 6874134.973702755756676 ], [ 362920.467631767620333, 6874136.829769797623158 ], [ 362917.179818612465169, 6874142.769045175053179 ], [ 362916.314479688182473, 6874144.455931319855154 ], [ 362914.298922642250545, 6874148.710996193811297 ], [ 362912.169104193977546, 6874153.082728798501194 ], [ 362911.104168211400975, 6874155.541951668448746 ], [ 362908.877135331858881, 6874161.387912977486849 ], [ 362903.998828606214374, 6874171.046960294246674 ], [ 362902.140340026118793, 6874174.454189357347786 ], [ 362900.811375759018119, 6874177.217952989041805 ], [ 362899.304846306797117, 6874180.810446297749877 ], [ 362897.211484254687093, 6874185.811239825561643 ], [ 362897.076309507945552, 6874186.139599734917283 ], [ 362895.106232532009017, 6874191.006848733872175 ], [ 362893.719098545145243, 6874195.361867848783731 ], [ 362892.607845077815, 6874200.063324825838208 ], [ 362892.130592626868747, 6874201.384946997277439 ], [ 362890.480409089766908, 6874204.945869367569685 ], [ 362889.709677535283845, 6874206.763537704013288 ], [ 362886.907110072672367, 6874214.029453347437084 ], [ 362882.437059835414402, 6874223.812959527596831 ], [ 362879.072143261495512, 6874228.374290882609785 ], [ 362878.492609442793764, 6874229.187894654460251 ], [ 362869.569319610658567, 6874242.167225319892168 ], [ 362867.946769986592699, 6874244.810257035307586 ], [ 362858.791706392541528, 6874261.613854770548642 ], [ 362856.961828179715667, 6874265.659241802990437 ], [ 362855.675324490643106, 6874269.175685219466686 ], [ 362854.495139235048555, 6874271.69341376516968 ], [ 362854.226047498057596, 6874272.284016687422991 ], [ 362851.09710171277402, 6874279.353116423822939 ], [ 362849.759430287405849, 6874282.995145557448268 ], [ 362848.27064685797086, 6874288.034104857593775 ], [ 362846.550340307003353, 6874293.768460026942194 ], [ 362846.34221422590781, 6874294.495374421589077 ], [ 362844.951571654644795, 6874299.594397183507681 ], [ 362844.674245480913669, 6874300.692514516413212 ], [ 362843.515376671566628, 6874305.675650396384299 ], [ 362843.270961725909729, 6874306.828887113370001 ], [ 362842.227979797462467, 6874312.275570517405868 ], [ 362841.702071593084838, 6874317.194897641427815 ], [ 362840.658367155061569, 6874318.872279774397612 ], [ 362839.905346985091455, 6874320.152048442512751 ], [ 362836.428740556992125, 6874326.409940013661981 ], [ 362835.820643111423124, 6874327.562820082530379 ], [ 362831.996376040508039, 6874335.211354224011302 ], [ 362830.235463755845558, 6874339.550388117320836 ], [ 362828.018611389445141, 6874346.53347307164222 ], [ 362826.88060263596708, 6874349.85996019653976 ], [ 362824.308291020337492, 6874356.239293003454804 ], [ 362822.014585746277589, 6874361.85887092538178 ], [ 362821.095695153344423, 6874364.441581555642188 ], [ 362819.797890421818011, 6874368.695497064851224 ], [ 362817.094660554546863, 6874373.942943278700113 ], [ 362816.031593848252669, 6874376.239641660824418 ], [ 362812.612930860603228, 6874384.525553647428751 ], [ 362811.385572699131444, 6874388.135694794356823 ], [ 362809.306386125390418, 6874395.823849799111485 ], [ 362808.735969050205313, 6874397.297427242621779 ], [ 362807.277186488267034, 6874400.604001049883664 ], [ 362805.664804553962313, 6874405.261946740560234 ], [ 362804.714786077383906, 6874408.967018799856305 ], [ 362803.726135607983451, 6874412.085070279426873 ], [ 362802.743889284785837, 6874414.654022201895714 ], [ 362801.587799349508714, 6874417.351565384306014 ], [ 362801.533132717944682, 6874417.479944616556168 ], [ 362800.258377027697861, 6874420.493003521114588 ], [ 362800.033093834121246, 6874421.040482953190804 ], [ 362797.715356215368956, 6874426.834826999343932 ], [ 362797.317399593186565, 6874427.88645538315177 ], [ 362796.158530783839524, 6874431.131288049742579 ], [ 362796.137955767975654, 6874431.18908460251987 ], [ 362795.359518961166032, 6874433.382861058227718 ], [ 362791.355996138649061, 6874441.890347055159509 ], [ 362789.580778658157215, 6874446.686388202011585 ], [ 362788.190136086894199, 6874451.727467522956431 ], [ 362787.553561988461297, 6874454.565102224238217 ], [ 362786.692812499008141, 6874459.514411789365113 ], [ 362783.478722252650186, 6874470.36196636967361 ], [ 362783.016505540290382, 6874472.114714770577848 ], [ 362781.020546019542962, 6874480.731418067589402 ], [ 362779.034778565808665, 6874486.350717457942665 ], [ 362775.265651766618248, 6874495.923837058246136 ], [ 362774.949708519969136, 6874496.484797516837716 ], [ 362772.569029687962029, 6874500.596879135817289 ], [ 362762.04652656899998, 6874518.335634394548833 ], [ 362761.22199649765389, 6874519.81978821195662 ], [ 362757.313970664865337, 6874527.348485036753118 ], [ 362755.588619680900592, 6874530.634867862798274 ], [ 362747.23073907365324, 6874543.383280688896775 ], [ 362745.155867073975969, 6874547.098586306907237 ], [ 362744.685878674499691, 6874548.101228225044906 ], [ 362743.804896378482226, 6874549.709978505037725 ], [ 362743.154731043672655, 6874550.966708231717348 ], [ 362741.995862234267406, 6874553.342389291152358 ], [ 362741.904434742056765, 6874553.531492838636041 ], [ 362741.556109515833668, 6874554.258432441391051 ], [ 362741.482104587135836, 6874554.36697300337255 ], [ 362739.801949402259197, 6874556.607179916463792 ], [ 362739.414563522324897, 6874557.135619884356856 ], [ 362737.320900491322391, 6874560.058024532161653 ], [ 362734.862688431923743, 6874562.974547314457595 ], [ 362733.724703534448054, 6874564.269495645537972 ], [ 362732.305250852543395, 6874565.777664121240377 ], [ 362730.312451258068904, 6874567.116576348431408 ], [ 362726.500424640369602, 6874569.657927427440882 ], [ 362720.093639429716859, 6874573.57574572134763 ], [ 362718.410286164027639, 6874574.408372067846358 ], [ 362710.782813989906572, 6874576.550920431502163 ], [ 362708.40315807342995, 6874577.327844805084169 ], [ 362704.897251349815633, 6874578.636716648936272 ], [ 362702.332517887814902, 6874579.423234909772873 ], [ 362695.03363798832288, 6874575.355348318815231 ], [ 362690.571993072226178, 6874574.022649188525975 ], [ 362689.358211565297097, 6874573.68766934517771 ], [ 362685.244227292074356, 6874572.644687416963279 ], [ 362680.198134772304911, 6874571.815041167661548 ], [ 362674.983225130126812, 6874571.409437083639205 ], [ 362672.096267811779398, 6874571.324345231987536 ], [ 362665.896319681662135, 6874571.440232113003731 ], [ 362664.304259751166683, 6874571.512328514829278 ], [ 362649.118117296602577, 6874572.60485674906522 ], [ 362644.364129288704135, 6874572.653366830199957 ], [ 362642.13036792242201, 6874572.759513936936855 ], [ 362633.265021530794911, 6874573.51277866307646 ], [ 362632.28604132955661, 6874573.612156104296446 ], [ 362625.362064797431231, 6874574.429948608390987 ], [ 362616.643155258789193, 6874575.202510212548077 ], [ 362615.533459028694779, 6874575.32167951669544 ], [ 362598.092483447690029, 6874577.523530255071819 ], [ 362596.881443942838814, 6874577.701589207164943 ], [ 362589.55537727283081, 6874578.931921014562249 ], [ 362583.44312146527227, 6874579.846352986060083 ], [ 362578.754854208906181, 6874580.233457621186972 ], [ 362572.397849122353364, 6874580.485719728283584 ], [ 362567.190242147480603, 6874580.586838309653103 ], [ 362557.159451527229976, 6874580.476000844500959 ], [ 362553.338317860092502, 6874580.677823183126748 ], [ 362546.906595968117472, 6874581.431087909266353 ], [ 362546.861725962720811, 6874581.436377208679914 ], [ 362540.853896262007765, 6874582.149170562624931 ], [ 362535.197918265941553, 6874582.502669187262654 ], [ 362531.557251720572822, 6874582.954965621232986 ], [ 362525.357303590455558, 6874584.113834431394935 ], [ 362520.039495644799899, 6874585.626072403043509 ], [ 362514.65075568127213, 6874587.71203625947237 ], [ 362508.296313335362356, 6874591.098409799858928 ], [ 362502.931808085355442, 6874595.901382494717836 ], [ 362500.535485593776684, 6874598.632075565867126 ], [ 362498.66169443144463, 6874600.726312748156488 ], [ 362494.381442170182709, 6874606.930012242868543 ], [ 362493.901611923589371, 6874607.856196206994355 ], [ 362491.410789396148175, 6874610.791187819093466 ], [ 362487.818296087090857, 6874615.774323699064553 ], [ 362487.31030328432098, 6874616.501378605142236 ], [ 362482.211280523100868, 6874624.034025866538286 ], [ 362480.572161915129982, 6874626.755545780062675 ], [ 362476.747894844214898, 6874633.940532398410141 ], [ 362474.417136942327488, 6874639.681259366683662 ], [ 362470.424284549604636, 6874653.451481079682708 ], [ 362464.685332848981488, 6874666.722806887701154 ], [ 362463.825104572693817, 6874668.951782655902207 ], [ 362457.683099883026443, 6874686.972192640416324 ], [ 362457.213509600260295, 6874688.478574966080487 ], [ 362453.727289392787497, 6874700.792804409749806 ], [ 362444.514394410594832, 6874730.377069661393762 ], [ 362444.40959965006914, 6874730.720823922194541 ], [ 362436.628907149424776, 6874756.802581881172955 ], [ 362426.915790355938952, 6874780.157716644927859 ], [ 362425.761819093371741, 6874783.464961738325655 ], [ 362419.478874962893315, 6874805.538668107241392 ], [ 362413.114552603976335, 6874823.431803920306265 ], [ 362409.201561352121644, 6874832.254491743631661 ], [ 362408.910064760362729, 6874832.596246368251741 ], [ 362405.008941422216594, 6874836.949078723788261 ], [ 362394.564741867594421, 6874845.829171098768711 ], [ 362394.415232600120362, 6874845.957137336023152 ], [ 362382.163873095589224, 6874856.512996194884181 ], [ 362378.696322021482047, 6874859.133511892519891 ], [ 362378.272445300826803, 6874859.297187061980367 ], [ 362373.764288256468717, 6874860.501953167840838 ], [ 362367.821961712790653, 6874861.805094953626394 ], [ 362366.100187146628741, 6874862.236434256657958 ], [ 362356.807957078388426, 6874864.858781392686069 ], [ 362345.835813495796174, 6874867.830403612926602 ], [ 362344.439276680175681, 6874868.245280698873103 ], [ 362336.393075779022183, 6874870.849831280298531 ], [ 362329.575156156264711, 6874872.052993566729128 ], [ 362326.734969040320721, 6874872.69776061642915 ], [ 362325.708811221062206, 6874872.983739024959505 ], [ 362323.055843576439656, 6874871.080151916481555 ], [ 362319.579237148340326, 6874869.168018381111324 ], [ 362311.203300288936589, 6874866.077398615889251 ], [ 362302.288745952595491, 6874865.588553249835968 ], [ 362293.625089156092145, 6874867.744776735082269 ], [ 362288.178405752056278, 6874870.004570912569761 ], [ 362280.934139823308215, 6874874.288225537165999 ], [ 362276.588381788169499, 6874877.764831965789199 ], [ 362275.078829354897607, 6874879.056733885779977 ], [ 362270.144030717434362, 6874883.571549660526216 ], [ 362264.799938315409236, 6874888.024959995411336 ], [ 362262.446721562882885, 6874889.537742192856967 ], [ 362262.18917563802097, 6874889.699188891798258 ], [ 362258.572417818766553, 6874890.769939562305808 ], [ 362253.304904548742343, 6874891.842088281176984 ], [ 362250.279836994188372, 6874892.623849125579 ], [ 362247.150891208904795, 6874893.608887612819672 ], [ 362246.069375548511744, 6874893.972107789479196 ], [ 362241.584313465224113, 6874895.573915676213801 ], [ 362238.956993865256663, 6874896.432847084477544 ], [ 362237.46718117815908, 6874896.963762807659805 ], [ 362232.368158416938968, 6874898.933839784003794 ], [ 362228.048062203859445, 6874901.013723929412663 ], [ 362223.436870754638221, 6874903.70739022269845 ], [ 362217.846324484038632, 6874906.291256145574152 ], [ 362215.457216461305507, 6874907.528365552425385 ], [ 362210.151405978307594, 6874910.584973766468465 ], [ 362207.968852133431938, 6874911.836732588708401 ], [ 362201.589908366499003, 6874914.442216662690043 ], [ 362200.886925735569093, 6874914.739842135459185 ], [ 362194.28840787592344, 6874917.633038426749408 ], [ 362188.642646592110395, 6874919.663531520403922 ], [ 362186.207427187997382, 6874920.662051586434245 ], [ 362180.065422498330008, 6874923.501280169002712 ], [ 362178.364962249586824, 6874924.353778852149844 ], [ 362172.802391964651179, 6874927.366837756708264 ], [ 362170.449880533269607, 6874928.784087923355401 ], [ 362165.493977519974578, 6874932.088023265823722 ], [ 362158.571524748927914, 6874936.498295595869422 ], [ 362158.309802441683132, 6874936.666953817009926 ], [ 362151.820137109258212, 6874940.896824970841408 ], [ 362150.291001747129485, 6874941.962609495036304 ], [ 362147.799433807027526, 6874943.816799590364099 ], [ 362145.932750709005632, 6874945.325648551806808 ], [ 362141.702879554766696, 6874949.034028741531074 ], [ 362139.181061348412186, 6874951.523234467022121 ], [ 362136.758157836506143, 6874954.215349479578435 ], [ 362132.534448567894287, 6874958.291720053181052 ], [ 362130.021870401396882, 6874961.037510355934501 ], [ 362125.198100031528156, 6874967.014791031368077 ], [ 362122.609237371827476, 6874969.891305098310113 ], [ 362122.104421431140509, 6874970.466812567785382 ], [ 362119.033419086306822, 6874974.059305876493454 ], [ 362117.356324982712977, 6874976.212220130488276 ], [ 362114.401209518837277, 6874980.384147844277322 ], [ 362112.677514278446324, 6874983.118920381180942 ], [ 362108.73736032663146, 6874990.188020118512213 ], [ 362106.736071260180324, 6874994.5743044950068 ], [ 362104.091742445714772, 6875001.872652024030685 ], [ 362103.061863807030022, 6875004.328516469337046 ], [ 362102.61366175475996, 6875005.306411856785417 ], [ 362101.571458086429629, 6875007.088243934325874 ], [ 362100.551965898252092, 6875008.984222633764148 ], [ 362098.697775803273544, 6875012.750546264462173 ], [ 362098.6231962001184, 6875012.903124425560236 ], [ 362096.711062664631754, 6875016.843278377316892 ], [ 362096.066376060887706, 6875018.264719634316862 ], [ 362094.328072846867144, 6875022.378703907132149 ], [ 362092.517741574323736, 6875028.309894460253417 ], [ 362091.132454492675606, 6875035.40949075575918 ], [ 362089.577494609577116, 6875039.066065155901015 ], [ 362088.302738919272088, 6875042.948275667615235 ], [ 362087.144028006994631, 6875056.801550374366343 ], [ 362087.987842417147476, 6875062.370725479908288 ], [ 362088.369996423600242, 6875065.100396955385804 ], [ 362088.649950180668384, 6875066.44879858288914 ], [ 362079.605242620804347, 6875063.525256745517254 ], [ 362074.663802642084192, 6875062.37874326761812 ], [ 362052.20360821520444, 6875059.137065720744431 ], [ 362018.850041640165728, 6875054.273003929294646 ], [ 362013.504469477687962, 6875053.97621494717896 ], [ 362000.163508851139341, 6875054.428450901061296 ], [ 361980.564825747569557, 6875054.656342565082014 ], [ 361978.209178857970983, 6875054.77646510489285 ], [ 361951.323422480665613, 6875057.210089604370296 ], [ 361950.714937216893304, 6875057.271427107043564 ], [ 361937.156172147311736, 6875058.777956559322774 ], [ 361936.104298215475865, 6875058.91369453817606 ], [ 361928.223990311787929, 6875060.072563347406685 ], [ 361920.877989298896864, 6875062.133477200753987 ], [ 361906.392129181826022, 6875068.275481889955699 ], [ 361904.950240947538987, 6875068.932288728654385 ], [ 361896.616694857017137, 6875072.997433163225651 ], [ 361888.79167658102233, 6875076.007055576890707 ], [ 361888.614837988454383, 6875076.075713014230132 ], [ 361880.046323573915288, 6875079.433644339442253 ], [ 361864.186890868877526, 6875085.639509310945868 ], [ 361842.41054987674579, 6875093.935258259065449 ], [ 361840.086231404507998, 6875094.934888055548072 ], [ 361832.939873643510509, 6875098.372376599349082 ], [ 361820.60601526661776, 6875102.187886743806303 ], [ 361814.881653227901552, 6875103.2612046264112 ], [ 361813.573775256925728, 6875103.536724871024489 ], [ 361797.233725044818129, 6875107.360991942696273 ], [ 361792.928538776934147, 6875108.71733658015728 ], [ 361783.65222544001881, 6875112.427861914969981 ], [ 361768.474654848221689, 6875117.784651535563171 ], [ 361766.174187550088391, 6875118.705089819617569 ], [ 361746.709083246882074, 6875127.442267319187522 ], [ 361724.141277774702758, 6875135.780126484110951 ], [ 361723.138273003336508, 6875136.171288075856864 ], [ 361701.699200030067004, 6875144.978691026568413 ], [ 361700.176087540225126, 6875145.654429653659463 ], [ 361673.348274603369646, 6875158.459929998964071 ], [ 361672.934518046909943, 6875158.661335782147944 ], [ 361665.112153583671898, 6875162.543546292930841 ], [ 361659.039556685078423, 6875166.540780954062939 ], [ 361655.373804853763431, 6875169.65111584123224 ], [ 361650.392603872111067, 6875172.523487210273743 ], [ 361633.166156323859468, 6875181.416361105628312 ], [ 361628.855441339837853, 6875184.128168334253132 ], [ 361619.844396488042548, 6875190.928956901654601 ], [ 361615.992860090802424, 6875193.73507627658546 ], [ 361615.195565800531767, 6875194.33653004001826 ], [ 361612.169986436725594, 6875196.698968721553683 ], [ 361605.777438398508821, 6875200.717141773551702 ], [ 361598.348387502599508, 6875205.046300929039717 ], [ 361593.499330545542762, 6875207.777378985658288 ], [ 361590.706710314261727, 6875209.560209833085537 ], [ 361585.686716697411612, 6875213.170092883519828 ], [ 361576.882320651551709, 6875213.479195010848343 ], [ 361572.884223259228747, 6875214.464233499020338 ], [ 361568.243339260283392, 6875216.018820949830115 ], [ 361563.573053801956121, 6875218.020371860824525 ], [ 361557.972647733229678, 6875219.949923531152308 ], [ 361551.800328803947195, 6875221.951756697148085 ], [ 361551.568636759067886, 6875222.027942325919867 ], [ 361546.179896795540117, 6875223.824188981205225 ], [ 361544.005714619590435, 6875224.643763091415167 ], [ 361540.297334429633338, 6875226.208235983736813 ], [ 361538.671723892155569, 6875226.951845379546285 ], [ 361533.862418333243113, 6875229.327526438981295 ], [ 361525.671666146663483, 6875235.748437074013054 ], [ 361523.305332841991913, 6875236.217588995583355 ], [ 361516.865843269857578, 6875237.88112380169332 ], [ 361512.400802283547819, 6875238.867586344480515 ], [ 361509.275143514329102, 6875239.737820582464337 ], [ 361504.813498598290607, 6875241.244350034743547 ], [ 361498.876919784292113, 6875244.00271769054234 ], [ 361494.473218308703508, 6875246.668115952052176 ], [ 361489.914235582749825, 6875250.056026615202427 ], [ 361486.959120118815918, 6875252.721424876712263 ], [ 361480.219367495155893, 6875261.582108722068369 ], [ 361479.060498685808852, 6875263.899846341460943 ], [ 361476.618020207271911, 6875270.762083858251572 ], [ 361474.879716993309557, 6875278.526504881680012 ], [ 361474.251648867037147, 6875287.486692885868251 ], [ 361474.60285146109527, 6875291.851639412343502 ], [ 361474.694952353951521, 6875294.476514858193696 ], [ 361476.822201441507787, 6875304.566250945441425 ], [ 361477.056468661292456, 6875305.151918995194137 ], [ 361478.755667542864103, 6875314.837352620437741 ], [ 361480.007298690732569, 6875323.554069542326033 ], [ 361480.007298690732569, 6875324.482214745134115 ], [ 361480.010448793123942, 6875324.916951700113714 ], [ 361480.059119343466591, 6875328.275219676084816 ], [ 361480.02642691397341, 6875329.435800924897194 ], [ 361479.63455142598832, 6875331.563125002197921 ], [ 361479.576453292160295, 6875331.888569329865277 ], [ 361478.060063407290727, 6875340.661967949010432 ], [ 361477.090521357080434, 6875345.152478497475386 ], [ 361476.846137737273239, 6875346.414943549782038 ], [ 361476.317559461807832, 6875349.498316823504865 ], [ 361476.272016317932867, 6875349.68807992246002 ], [ 361475.758102271880489, 6875351.073413438163698 ], [ 361475.275637419777922, 6875352.239370164461434 ], [ 361474.383966031193268, 6875354.69086834974587 ], [ 361474.075128331198357, 6875355.670629329048097 ], [ 361473.57943231984973, 6875356.384131163358688 ], [ 361471.421567580080591, 6875358.988450677134097 ], [ 361468.973447642463725, 6875361.708583940751851 ], [ 361467.529537250520661, 6875363.228489616885781 ], [ 361466.472633786324877, 6875363.928331099450588 ], [ 361464.605455408454873, 6875364.826467534527183 ], [ 361460.624732128460892, 6875366.437712672166526 ], [ 361459.113076371315401, 6875367.098511015996337 ], [ 361447.408501396712381, 6875372.603137861005962 ], [ 361444.083561166829895, 6875374.432068057358265 ], [ 361437.246235191589221, 6875378.777826092205942 ], [ 361431.713621964910999, 6875383.303240461274981 ], [ 361430.914400740177371, 6875384.134430535137653 ], [ 361426.332491057866719, 6875386.923621063120663 ], [ 361418.912536019168328, 6875392.818927806802094 ], [ 361415.40848576137796, 6875395.129290614277124 ], [ 361412.070640771533363, 6875397.085958366282284 ], [ 361400.585080163960811, 6875402.653195167891681 ], [ 361387.820116938033607, 6875408.022149657830596 ], [ 361385.944839453382883, 6875408.888033600524068 ], [ 361379.452424806891941, 6875412.161519976332784 ], [ 361369.315499221615028, 6875416.895798409357667 ], [ 361361.718088707362767, 6875421.981579220853746 ], [ 361358.878860124386847, 6875424.589034042321146 ], [ 361352.30857780657243, 6875433.327920153737068 ], [ 361347.554363867791835, 6875442.889172630384564 ], [ 361328.029370812058914, 6875476.183235934004188 ], [ 361325.857744279317558, 6875480.719696271233261 ], [ 361316.598597957927268, 6875505.130172937177122 ], [ 361304.107993855024688, 6875526.034949677996337 ], [ 361303.880355378496461, 6875526.422498784027994 ], [ 361291.77017632056959, 6875547.398024233989418 ], [ 361290.133509760140441, 6875550.681485904380679 ], [ 361287.636387973150704, 6875556.567558688111603 ], [ 361285.183407675242051, 6875560.766728350892663 ], [ 361284.293315353803337, 6875562.405344991013408 ], [ 361280.237274520972278, 6875570.459483215585351 ], [ 361279.954801372601651, 6875571.035652003251016 ], [ 361275.57106659701094, 6875580.224634514190257 ], [ 361274.996267421927769, 6875580.575359434820712 ], [ 361268.207943592860829, 6875584.558590771630406 ], [ 361266.186632679775357, 6875585.856135848909616 ], [ 361265.027763870428316, 6875586.66734401602298 ], [ 361261.018430773052387, 6875590.031098190695047 ], [ 361259.511901320889592, 6875591.537627642974257 ], [ 361254.129866503702942, 6875598.869429770857096 ], [ 361251.192277492198627, 6875607.477111922577024 ], [ 361250.612843087525107, 6875610.721944588236511 ], [ 361250.171250602521468, 6875617.234276129864156 ], [ 361250.356924110616092, 6875621.727575025521219 ], [ 361250.021065727283712, 6875624.372459794394672 ], [ 361248.964201700466219, 6875628.177170290611684 ], [ 361247.633301357971504, 6875630.292351191863418 ], [ 361245.464074880408589, 6875633.522088391706347 ], [ 361243.275763179990463, 6875636.626437548547983 ], [ 361240.324384494917467, 6875640.704000205732882 ], [ 361238.771514614345506, 6875641.744753424078226 ], [ 361236.921453139046207, 6875642.780787849798799 ], [ 361233.275031129189301, 6875645.187408529222012 ], [ 361229.677235022885725, 6875647.95812507160008 ], [ 361220.293092923937365, 6875653.519098167307675 ], [ 361220.152291966311168, 6875653.603056407533586 ], [ 361216.541696997825056, 6875655.769413389265537 ], [ 361213.229805332201067, 6875657.603691849857569 ], [ 361212.142024108325131, 6875658.236324237659574 ], [ 361206.679435909260064, 6875661.568503038957715 ], [ 361200.063109537470154, 6875665.372890703380108 ], [ 361198.691510117147118, 6875666.211241181008518 ], [ 361194.403695522458293, 6875668.992526322603226 ], [ 361193.336778022523504, 6875669.717639700509608 ], [ 361190.323719118197914, 6875671.861546997912228 ], [ 361188.840422909299377, 6875672.987926110625267 ], [ 361185.171323989459779, 6875675.958149044774473 ], [ 361183.531978154846001, 6875676.799392302520573 ], [ 361182.828264582552947, 6875677.172391592524946 ], [ 361179.75726223771926, 6875678.852751365862787 ], [ 361176.064356452669017, 6875681.240838685072958 ], [ 361173.688675393466838, 6875683.037085339426994 ], [ 361171.348805365618318, 6875685.001263132318854 ], [ 361169.808280502504203, 6875686.434309516102076 ], [ 361168.777536982728634, 6875687.238792263902724 ], [ 361166.500407676969189, 6875688.918641751632094 ], [ 361164.235323904373217, 6875690.334319109097123 ], [ 361161.493450770387426, 6875692.269337859936059 ], [ 361159.813090996816754, 6875693.602036991156638 ], [ 361156.256730129185598, 6875696.926783540286124 ], [ 361155.097861319838557, 6875698.201539230532944 ], [ 361149.163600699859671, 6875707.962292375974357 ], [ 361147.653607037558686, 6875712.039275264367461 ], [ 361146.518056482018437, 6875714.736207833513618 ], [ 361145.997824610734824, 6875716.058473818935454 ], [ 361144.074347160407342, 6875721.30904739908874 ], [ 361142.712028632173315, 6875724.587126357480884 ], [ 361140.12806498556165, 6875726.740429396741092 ], [ 361137.596855124458671, 6875729.110654804855585 ], [ 361135.337060946214478, 6875731.486335864290595 ], [ 361129.876340966380667, 6875739.501861437223852 ], [ 361128.311868073709775, 6875742.862580983899534 ], [ 361126.915601890825201, 6875746.446094417944551 ], [ 361125.790138822281733, 6875749.991303084418178 ], [ 361125.230787648702972, 6875751.709310259670019 ], [ 361122.870364313828759, 6875755.688309595920146 ], [ 361119.474815876688808, 6875764.100586481392384 ], [ 361118.489777388749644, 6875768.272514194250107 ], [ 361118.14019579498563, 6875769.971258286386728 ], [ 361117.213100747496355, 6875775.244111369363964 ], [ 361116.795499860891141, 6875778.977471179328859 ], [ 361116.563726098975167, 6875783.728833298198879 ], [ 361117.3439101925469, 6875792.139125730842352 ], [ 361118.213061799586285, 6875795.78956247959286 ], [ 361119.337360130914021, 6875799.454272212460637 ], [ 361123.024018794996664, 6875809.20119169447571 ], [ 361125.643331562401727, 6875819.07398597151041 ], [ 361125.653130110236816, 6875819.110824517905712 ], [ 361126.81316788319964, 6875823.460966166108847 ], [ 361127.71105144743342, 6875827.868758209981024 ], [ 361128.425455954915378, 6875833.137491452507675 ], [ 361129.21240175125422, 6875841.356703101657331 ], [ 361128.957145844760817, 6875847.142503648996353 ], [ 361129.411895589961205, 6875853.831310046836734 ], [ 361130.26160437904764, 6875858.504708386957645 ], [ 361131.007730986864772, 6875863.407826094888151 ], [ 361131.033407147042453, 6875863.573443388566375 ], [ 361131.361617392569315, 6875865.652108277194202 ], [ 361131.361617392569315, 6875868.165516659617424 ], [ 361131.477721891831607, 6875870.802330968901515 ], [ 361131.82538253464736, 6875874.742484920658171 ], [ 361132.863559605902992, 6875880.347304447554052 ], [ 361133.790654653392266, 6875883.592137114144862 ], [ 361134.124459211714566, 6875884.681675090454519 ], [ 361136.210423068609089, 6875891.055453541688621 ], [ 361139.898063707107212, 6875898.569324278272688 ], [ 361142.099914444901515, 6875901.814156944863498 ], [ 361146.291848240070976, 6875906.747694912366569 ], [ 361147.967529027489945, 6875908.335181973874569 ], [ 361147.98521647695452, 6875908.918867805972695 ], [ 361146.433632029627915, 6875919.873994358815253 ], [ 361146.243034432234708, 6875921.767671601846814 ], [ 361144.617912810179405, 6875923.794157849624753 ], [ 361143.632874322240241, 6875925.590404503978789 ], [ 361142.08294585486874, 6875928.873662551864982 ], [ 361141.945681682380382, 6875929.216822982765734 ], [ 361141.131916312151588, 6875929.904314416460693 ], [ 361137.066401503339875, 6875934.080031756311655 ], [ 361135.212211408361327, 6875936.397769374772906 ], [ 361131.63883597496897, 6875942.060767193324864 ], [ 361129.842589320440311, 6875945.769147383980453 ], [ 361129.811978944286238, 6875945.832532428205013 ], [ 361128.822076827578712, 6875947.888482977636158 ], [ 361128.253190457413439, 6875948.863716755062342 ], [ 361122.95027805515565, 6875955.962103435769677 ], [ 361120.198113699560054, 6875958.876159812323749 ], [ 361119.709683887194842, 6875959.405923853628337 ], [ 361116.580738101911265, 6875962.882530282251537 ], [ 361114.302604876167607, 6875965.747601897455752 ], [ 361111.868980376515538, 6875969.224208325147629 ], [ 361110.896188489568885, 6875970.705155887641013 ], [ 361109.209541591408197, 6875973.445957097224891 ], [ 361107.065110831463244, 6875976.769824774935842 ], [ 361105.760372786724474, 6875978.996999258175492 ], [ 361102.631427001440898, 6875984.907230186276138 ], [ 361101.327809379261453, 6875987.709970309399068 ], [ 361098.925073102931492, 6875993.659602993167937 ], [ 361097.102191345999017, 6875998.102877276018262 ], [ 361096.496060449164361, 6875999.709847462363541 ], [ 361092.33871871442534, 6876011.766138491220772 ], [ 361091.037696437735576, 6876014.604732549749315 ], [ 361089.687897160416469, 6876018.115727 ], [ 361087.486046422622167, 6876025.126883297227323 ], [ 361086.825076458160765, 6876027.594589663669467 ], [ 361083.754074113327079, 6876041.385128494352102 ], [ 361083.318154164764564, 6876043.8069470776245 ], [ 361082.854606641049031, 6876047.167666624300182 ], [ 361083.245787082996685, 6876057.583470816724002 ], [ 361084.056995249527972, 6876061.349794447422028 ], [ 361086.058851304289419, 6876067.415023483335972 ], [ 361087.185919175157323, 6876069.902345680631697 ], [ 361088.424101968412288, 6876073.446110227145255 ], [ 361091.699296671897173, 6876080.064559385180473 ], [ 361093.838007918209769, 6876083.30827144253999 ], [ 361096.842304581659846, 6876090.013513270765543 ], [ 361097.896429564803839, 6876092.137089393101633 ], [ 361100.272110624006018, 6876096.482847427949309 ], [ 361102.659533392637968, 6876100.177691541612148 ], [ 361104.629610368574504, 6876102.785146363079548 ], [ 361105.184359964274336, 6876103.496861045248806 ], [ 361107.560041023476515, 6876106.451976508833468 ], [ 361110.893276617222, 6876109.972892491146922 ], [ 361113.959896934742574, 6876112.727653115987778 ], [ 361119.006743842852302, 6876117.557431339286268 ], [ 361124.645403739414178, 6876121.775685649365187 ], [ 361125.349360775318928, 6876122.454942438751459 ], [ 361134.424574036209378, 6876128.467092948965728 ], [ 361140.682465606776532, 6876131.132491210475564 ], [ 361141.476831610372756, 6876131.457487705163658 ], [ 361147.676779740490019, 6876133.891112205572426 ], [ 361152.810835389827844, 6876135.39396986272186 ], [ 361158.663122877129354, 6876136.552838671952486 ], [ 361159.713590012455825, 6876136.741498771123588 ], [ 361165.102329976041801, 6876137.610650378279388 ], [ 361168.517073318420444, 6876137.962472964078188 ], [ 361173.616096079582348, 6876138.194246725179255 ], [ 361174.978325902600773, 6876138.225190518423915 ], [ 361179.512191043817438, 6876138.225190518423915 ], [ 361187.0020679065492, 6876138.594409801065922 ], [ 361197.806710913951974, 6876139.117227450013161 ], [ 361201.041539311408997, 6876139.099139987491071 ], [ 361209.283398759143893, 6876138.607903331518173 ], [ 361217.29649947717553, 6876138.402439210563898 ], [ 361229.815881655551493, 6876138.51372260786593 ], [ 361234.219838686229195, 6876138.228250537998974 ], [ 361243.035482390027028, 6876137.000755845569074 ], [ 361252.651208326511551, 6876135.885119133628905 ], [ 361290.912817260948941, 6876132.82419041916728 ], [ 361319.969782688945998, 6876131.118093365803361 ], [ 361338.049784366507083, 6876132.719464943744242 ], [ 361340.255436868406832, 6876132.83320713788271 ], [ 361348.135744772094768, 6876132.949094018898904 ], [ 361349.366074009565637, 6876132.941955017857254 ], [ 361369.182730649714358, 6876132.420464052818716 ], [ 361374.348571843234822, 6876131.833864665590227 ], [ 361381.745225131395273, 6876130.335808304138482 ], [ 361382.280059311189689, 6876130.292734410613775 ], [ 361382.280327332613524, 6876131.68483773060143 ], [ 361382.627987975429278, 6876135.277331040240824 ], [ 361384.422222132328898, 6876142.98405265621841 ], [ 361386.566129429615103, 6876148.662509822286665 ], [ 361388.765428037790116, 6876153.261455907486379 ], [ 361396.356018739170395, 6876166.18284313287586 ], [ 361399.470401888422202, 6876170.54045188613236 ], [ 361402.657291114155669, 6876174.248832075856626 ], [ 361409.410847903753165, 6876180.073597853071988 ], [ 361414.741644426831044, 6876183.434317400678992 ], [ 361418.716107110434677, 6876185.541269371286035 ], [ 361424.692447013105266, 6876188.155918078497052 ], [ 361430.909304580185562, 6876191.157159662805498 ], [ 361431.493006069620606, 6876191.431250689551234 ], [ 361436.823802592756692, 6876193.86487518902868 ], [ 361436.907346480060369, 6876193.902860478498042 ], [ 361439.526405503274873, 6876195.088849470019341 ], [ 361439.879428552289028, 6876196.627363500185311 ], [ 361437.785128105897456, 6876198.126986041665077 ], [ 361437.080187400570139, 6876198.647498936392367 ], [ 361433.197976889205165, 6876201.602614399977028 ], [ 361429.272640284791123, 6876205.181592318229377 ], [ 361426.665185463731177, 6876208.020820900797844 ], [ 361422.4746048541856, 6876213.85540839843452 ], [ 361420.562471318698954, 6876217.332014827057719 ], [ 361419.046770532790106, 6876220.518424057401717 ], [ 361418.177618925808929, 6876222.662331354804337 ], [ 361417.198831925983541, 6876225.468494894914329 ], [ 361416.329680318944156, 6876228.423610358498991 ], [ 361415.738815683638677, 6876230.781585986725986 ], [ 361414.771108509914484, 6876235.435796678997576 ], [ 361413.308546245738398, 6876240.399644363671541 ], [ 361412.377860813227016, 6876243.295110153965652 ], [ 361412.15775260492228, 6876244.010395845398307 ], [ 361410.998883795575239, 6876247.950549797154963 ], [ 361409.908812362933531, 6876253.636838449165225 ], [ 361409.445264839217998, 6876258.619974329136312 ], [ 361409.362490722793154, 6876263.062775985337794 ], [ 361409.710151365608908, 6876269.320667556487024 ], [ 361409.725409734353889, 6876269.575704931281507 ], [ 361410.228226855630055, 6876277.419652023352683 ], [ 361410.093093894887716, 6876285.978072873316705 ], [ 361408.652888787735719, 6876300.433464874513447 ], [ 361408.815275182423647, 6876307.710541906766593 ], [ 361409.974143991770688, 6876315.706736691296101 ], [ 361412.941105870413594, 6876325.037974772043526 ], [ 361415.838277893839404, 6876330.716431938111782 ], [ 361417.517953610513359, 6876333.600164062343538 ], [ 361421.110446919570677, 6876339.046847466379404 ], [ 361428.716481483250391, 6876346.941009228117764 ], [ 361435.033329836500343, 6876351.453043766319752 ], [ 361438.03642425040016, 6876354.756447620689869 ], [ 361440.690029556222726, 6876358.07345425337553 ], [ 361441.130347545258701, 6876358.610970685258508 ], [ 361445.769940304104239, 6876364.142792820930481 ], [ 361446.371434298809618, 6876365.114436966367066 ], [ 361447.413084120897111, 6876367.626651243306696 ], [ 361448.168322049139533, 6876369.301259518601 ], [ 361450.601946548791602, 6876374.284395398572087 ], [ 361453.02459006261779, 6876378.373858111910522 ], [ 361446.704072907159571, 6876381.392121415585279 ], [ 361439.63497317006113, 6876386.838804819621146 ], [ 361437.8461818076903, 6876388.331241077743471 ], [ 361435.470500748488121, 6876390.475148375146091 ], [ 361432.87854119669646, 6876393.12238391302526 ], [ 361431.024351101659704, 6876395.26629121042788 ], [ 361428.29952746006893, 6876398.952178076840937 ], [ 361426.155620162782725, 6876402.370841064490378 ], [ 361423.481463651231024, 6876407.775808937847614 ], [ 361422.090821079968009, 6876411.484189127571881 ], [ 361420.884983202558942, 6876415.555602699518204 ], [ 361420.015831595519558, 6876419.495756652206182 ], [ 361419.690611275902484, 6876421.204069343395531 ], [ 361418.937346549821086, 6876425.897488021291792 ], [ 361418.57017539528897, 6876429.806729663163424 ], [ 361418.456014021998271, 6876433.859458413906395 ], [ 361418.342102881579194, 6876437.390703768469393 ], [ 361418.409696533461101, 6876440.590540333651006 ], [ 361418.699413735768758, 6876444.472750844433904 ], [ 361419.511948509374633, 6876449.516221849247813 ], [ 361420.439043556863908, 6876453.224602039903402 ], [ 361423.993569061742164, 6876461.671456062234938 ], [ 361426.311306680494454, 6876465.437779692001641 ], [ 361427.977417147601955, 6876467.442130192182958 ], [ 361424.041374064341653, 6876466.082251247949898 ], [ 361420.506824195792433, 6876465.444873402826488 ], [ 361412.25053849699907, 6876465.112336189486086 ], [ 361405.760873164515942, 6876465.749714034609497 ], [ 361403.728013950632885, 6876466.148844628594816 ], [ 361404.287852268607821, 6876464.673141781240702 ], [ 361406.033316677436233, 6876463.082527604885399 ], [ 361407.713676451006904, 6876461.286280950531363 ], [ 361412.638349774002563, 6876454.207974955439568 ], [ 361413.043953857268207, 6876453.396766789257526 ], [ 361415.41365317965392, 6876446.851538931950927 ], [ 361415.645426941569895, 6876445.866500443778932 ], [ 361415.913068884576205, 6876444.608683666214347 ], [ 361416.144842646433972, 6876443.391871416009963 ], [ 361416.66892030305462, 6876437.190385933034122 ], [ 361416.639948582800571, 6876435.712828201241791 ], [ 361416.541648060898297, 6876434.431491508148611 ], [ 361416.614164010621607, 6876434.163820332847536 ], [ 361416.903881212987471, 6876432.425517119467258 ], [ 361417.312063498422503, 6876427.493547498248518 ], [ 361417.312063498422503, 6876425.291696759872139 ], [ 361416.016676695609931, 6876416.571307938545942 ], [ 361415.321355409978423, 6876414.28254204057157 ], [ 361415.077241154620424, 6876413.516097882762551 ], [ 361414.599193377711345, 6876412.08195455186069 ], [ 361414.430150451371446, 6876411.47079935669899 ], [ 361411.23429522337392, 6876404.022997546009719 ], [ 361406.161469938640948, 6876397.702421140857041 ], [ 361404.591090127592906, 6876396.212869702838361 ], [ 361403.814160227484535, 6876395.064739961177111 ], [ 361403.04469401150709, 6876393.980225520208478 ], [ 361400.611069511855021, 6876390.706421134062111 ], [ 361399.942516066890676, 6876389.873533247038722 ], [ 361399.002352176059503, 6876387.879932707175612 ], [ 361396.791329203406349, 6876380.973335174843669 ], [ 361393.516515806259122, 6876373.993308234959841 ], [ 361390.561400342325214, 6876369.357832997106016 ], [ 361382.430032276548445, 6876360.880744527094066 ], [ 361379.938464336446486, 6876359.142441313713789 ], [ 361372.784288523136638, 6876355.465966502204537 ], [ 361364.910427961091045, 6876353.822488950565457 ], [ 361361.665595294849481, 6876353.590715188533068 ], [ 361354.081759413471445, 6876354.013010771945119 ], [ 361350.315435783064459, 6876354.708332057110965 ], [ 361343.128520969068632, 6876356.999528436921537 ], [ 361339.883688302827068, 6876358.506057889200747 ], [ 361334.517027495487127, 6876361.716326922178268 ], [ 361332.199289876734838, 6876363.454630136489868 ], [ 361331.07225845719222, 6876364.342800501734018 ], [ 361324.350819362851325, 6876369.905370786786079 ], [ 361319.566884188156109, 6876374.899096865206957 ], [ 361311.760651535762008, 6876385.201199821196496 ], [ 361276.644026675669011, 6876424.684845861047506 ], [ 361276.523697589698713, 6876424.462088546715677 ], [ 361274.553620613762178, 6876422.144350928254426 ], [ 361269.209515806578565, 6876417.216932089067996 ], [ 361262.83716137293959, 6876413.719502806663513 ], [ 361261.918641450582072, 6876413.352094837464392 ], [ 361260.342214490578044, 6876411.07429925352335 ], [ 361258.980543639569078, 6876409.596741521731019 ], [ 361254.806323105178308, 6876405.842434669844806 ], [ 361250.866169153421652, 6876402.916290925815701 ], [ 361243.717790159862489, 6876398.988644735887647 ], [ 361236.764577303663827, 6876396.323246474377811 ], [ 361223.962434204935562, 6876394.406720140948892 ], [ 361217.240995110594667, 6876394.870267665013671 ], [ 361205.68728442012798, 6876398.067992609925568 ], [ 361199.545279730460607, 6876401.196938394568861 ], [ 361199.353538235882297, 6876401.295487359166145 ], [ 361196.22459245059872, 6876402.91790369246155 ], [ 361192.202375550346915, 6876405.425255392678082 ], [ 361189.536977288837079, 6876407.395332369022071 ], [ 361189.145205896173138, 6876407.68988162279129 ], [ 361185.205051944300067, 6876410.70294052734971 ], [ 361181.833226311311591, 6876413.70960839651525 ], [ 361178.704280526028015, 6876416.954441062174737 ], [ 361177.187779751780909, 6876418.651476762257516 ], [ 361174.406494609313086, 6876422.012196309864521 ], [ 361172.680763530544937, 6876424.313783372752368 ], [ 361170.24713903083466, 6876427.90627668146044 ], [ 361167.899205544905271, 6876432.045157077722251 ], [ 361165.465581045253202, 6876437.260066719725728 ], [ 361164.266155696241185, 6876440.236000308766961 ], [ 361162.75962624407839, 6876444.639701784588397 ], [ 361161.205473306938075, 6876456.261336782947183 ], [ 361161.72696427104529, 6876464.431361887603998 ], [ 361164.468538810906466, 6876475.181167087517679 ], [ 361170.929357378510758, 6876484.199612975120544 ], [ 361173.594755640078802, 6876486.749124355614185 ], [ 361183.105613992840517, 6876492.890381617471576 ], [ 361189.711166206223425, 6876495.555779878981411 ], [ 361191.869671409309376, 6876496.332186033017933 ], [ 361196.621033527713735, 6876497.838715485297143 ], [ 361196.865773884288501, 6876497.915166616439819 ], [ 361200.691638686461374, 6876499.092355786822736 ], [ 361201.978184090228751, 6876499.63530155364424 ], [ 361201.823986326111481, 6876500.210340440273285 ], [ 361201.083567579975352, 6876503.912434170953929 ], [ 361197.446257152827457, 6876521.694840704090893 ], [ 361197.161601250758395, 6876523.310267955996096 ], [ 361196.065822871343698, 6876530.706772016361356 ], [ 361188.535458915866911, 6876530.165847908705473 ], [ 361180.375777474138886, 6876531.880494019016623 ], [ 361176.203849760408048, 6876533.387023471295834 ], [ 361169.569315301661845, 6876536.765012219548225 ], [ 361163.97090411442332, 6876541.672725296579301 ], [ 361158.408333829429466, 6876547.930616866797209 ], [ 361152.081980566203129, 6876559.287378382869065 ], [ 361150.111903590266593, 6876565.892930596135557 ], [ 361149.199822706228588, 6876570.574858575128019 ], [ 361142.765602770727128, 6876573.580116940662265 ], [ 361138.709561937896069, 6876576.47728896420449 ], [ 361134.788379198056646, 6876579.822214482352138 ], [ 361131.762383046618197, 6876582.890044681727886 ], [ 361129.898433661786839, 6876583.87262433487922 ], [ 361128.2851354983286, 6876582.868117931298912 ], [ 361122.641614427499007, 6876580.127049703150988 ], [ 361119.280894880357664, 6876578.910237452946603 ], [ 361117.373807231313549, 6876578.291004317812622 ], [ 361113.955144243664108, 6876577.305965829640627 ], [ 361109.313655417237896, 6876576.357844133861363 ], [ 361105.547331786772702, 6876575.894296610727906 ], [ 361101.882675751287024, 6876575.669626939110458 ], [ 361097.884578359022271, 6876575.669626939110458 ], [ 361090.321852959867101, 6876576.63851975183934 ], [ 361076.548242093645968, 6876580.226603253744543 ], [ 361067.17833740869537, 6876582.655837801285088 ], [ 361062.116892094956711, 6876584.465539235621691 ], [ 361056.728152131428942, 6876586.957107176072896 ], [ 361050.622351057478227, 6876590.725526142865419 ], [ 361046.91397086752113, 6876593.680641606450081 ], [ 361042.67049552622484, 6876598.445890670642257 ], [ 361042.172419284295756, 6876598.403673915192485 ], [ 361035.498269761854317, 6876595.593505695462227 ], [ 361031.021146690589376, 6876593.143338841386139 ], [ 361027.368956782738678, 6876591.550573167391121 ], [ 361016.378975358675234, 6876583.575791775248945 ], [ 361008.483184273471124, 6876577.62574920617044 ], [ 361005.206414607644547, 6876575.476908734068274 ], [ 361003.670913435227703, 6876574.607757126912475 ], [ 360995.261073836591095, 6876571.399132631719112 ], [ 360993.463580156851094, 6876571.285181165672839 ], [ 360992.784683353151195, 6876570.943846939131618 ], [ 360993.091210967744701, 6876569.347789360210299 ], [ 360993.243814471410587, 6876568.485424186103046 ], [ 360995.561552090104669, 6876554.173394388519228 ], [ 360995.944471312395763, 6876549.794201006181538 ], [ 360996.060358193295542, 6876541.450345578603446 ], [ 360995.385676256497391, 6876534.693735319189727 ], [ 360994.458581209008116, 6876530.405920724384487 ], [ 360990.56470365030691, 6876520.827708091586828 ], [ 360983.65035429992713, 6876513.140301978215575 ], [ 360977.740123372175731, 6876508.504826741293073 ], [ 360976.713161581195891, 6876507.734281743876636 ], [ 360968.716966796666384, 6876501.997881137765944 ], [ 360967.533304142183624, 6876501.190830138511956 ], [ 360957.509088941151276, 6876494.701164805330336 ], [ 360956.685894344933331, 6876494.186934160068631 ], [ 360947.067283227166627, 6876488.392590113915503 ], [ 360942.914851129695307, 6876486.621164376847446 ], [ 360944.409268892894033, 6876485.715723026543856 ], [ 360947.909576652862597, 6876483.23640089482069 ], [ 360951.646928563073743, 6876480.165398550219834 ], [ 360952.001471972791478, 6876479.869467602111399 ], [ 360954.666870234301314, 6876477.609673423692584 ], [ 360962.778414371714462, 6876466.688747863285244 ], [ 360963.93728318111971, 6876464.023349601775408 ], [ 360966.348380299052224, 6876454.206833901815116 ], [ 360965.362284361384809, 6876444.146765084937215 ], [ 360961.504833038139623, 6876435.873001541942358 ], [ 360960.668702984112315, 6876433.947016144171357 ], [ 360956.155711949570104, 6876428.09151562768966 ], [ 360950.651085105084348, 6876422.528945342637599 ], [ 360944.614311691955663, 6876417.817979753948748 ], [ 360938.646137323696166, 6876414.283429886214435 ], [ 360938.580096802732442, 6876414.244432448409498 ], [ 360932.380148672615178, 6876410.593995698727667 ], [ 360931.593772617343348, 6876410.146817062981427 ], [ 360923.887295035063289, 6876405.916945908218622 ], [ 360922.728983497945592, 6876405.313609926961362 ], [ 360918.267338581907097, 6876403.111759189516306 ], [ 360917.745938482054044, 6876402.876486756838858 ], [ 360917.145074330212083, 6876402.431691215373576 ], [ 360916.363730470126029, 6876401.554672596976161 ], [ 360914.371139200578909, 6876398.955640506930649 ], [ 360909.424612844595686, 6876393.879686009138823 ], [ 360906.70127114263596, 6876391.677835271693766 ], [ 360904.437550794216804, 6876390.016573005355895 ], [ 360896.673129771428648, 6876384.859606803394854 ], [ 360885.259169979195576, 6876380.301059139892459 ], [ 360875.571988618175965, 6876378.60155363753438 ], [ 360869.418751621269621, 6876377.426844756118953 ], [ 360863.793078866612632, 6876376.894654414616525 ], [ 360860.432359319471288, 6876376.894654414616525 ], [ 360858.726081191038247, 6876377.01120557077229 ], [ 360858.632575549650937, 6876376.948928226716816 ], [ 360855.967177288141102, 6876375.790059417486191 ], [ 360853.492226923408452, 6876374.841662162914872 ], [ 360851.83028560935054, 6876374.287681724876165 ], [ 360853.603648337360937, 6876369.985642214305699 ], [ 360854.762517146766186, 6876364.828676012344658 ], [ 360855.217970379977487, 6876362.30012528412044 ], [ 360856.405810909520369, 6876353.579637493938208 ], [ 360856.636234529840294, 6876347.905132807791233 ], [ 360856.433432488178369, 6876344.167780897580087 ], [ 360855.960812124190852, 6876340.249426386319101 ], [ 360855.323434279009234, 6876336.859735119156539 ], [ 360852.461905966105405, 6876328.573175052180886 ], [ 360847.327013004862238, 6876321.467663366347551 ], [ 360845.125162267067935, 6876319.207869187928736 ], [ 360835.877454676432535, 6876312.753986760042608 ], [ 360824.900314307422377, 6876310.170368486084044 ], [ 360822.148000885208603, 6876310.054481605067849 ], [ 360815.24017204385018, 6876310.563961977139115 ], [ 360810.40189476480009, 6876311.491057025268674 ], [ 360810.363095979904756, 6876311.498518013395369 ], [ 360807.332880140165798, 6876312.083296508528292 ], [ 360807.233130484528374, 6876312.06429657433182 ], [ 360803.491115827055182, 6876311.592876211740077 ], [ 360799.689327927306294, 6876311.355264468118548 ], [ 360797.10016121371882, 6876311.048075197264552 ], [ 360784.331020456971601, 6876312.295796724036336 ], [ 360782.360943481035065, 6876312.933174569159746 ], [ 360776.347944509121589, 6876315.640286243520677 ], [ 360774.086944547772873, 6876316.974646876566112 ], [ 360769.828572316444479, 6876319.237224213778973 ], [ 360766.062248685979284, 6876321.728792154230177 ], [ 360761.577149491757154, 6876325.361574432812631 ], [ 360761.474484301754273, 6876325.46255658660084 ], [ 360761.741676445119083, 6876323.92720135115087 ], [ 360762.147280528384726, 6876319.291726113297045 ], [ 360761.786968722706661, 6876311.362127656117082 ], [ 360761.26547775848303, 6876308.464955632574856 ], [ 360760.81854397803545, 6876306.401401984505355 ], [ 360759.833505490096286, 6876302.519191473722458 ], [ 360754.821936190652195, 6876291.987011993303895 ], [ 360752.967746095673647, 6876289.49544405285269 ], [ 360744.422861215367448, 6876281.733524405397475 ], [ 360733.579626659571659, 6876277.77287817094475 ], [ 360730.276850552880205, 6876277.251387206837535 ], [ 360722.223302888916805, 6876277.07468711771071 ], [ 360719.152300544083118, 6876277.422347760759294 ], [ 360715.87833790294826, 6876277.977951134555042 ], [ 360712.054070832033176, 6876278.847102740779519 ], [ 360708.450412034988403, 6876279.907285713590682 ], [ 360705.263522809254937, 6876281.06615452375263 ], [ 360704.619568589609116, 6876281.308717172592878 ], [ 360701.200905601959676, 6876282.641416302882135 ], [ 360700.350496798753738, 6876282.988017287105322 ], [ 360697.627155096735805, 6876284.146886096335948 ], [ 360696.655606837477535, 6876284.580818368121982 ], [ 360693.932265135459602, 6876285.855574058368802 ], [ 360688.888175294734538, 6876288.849826470948756 ], [ 360688.874327877769247, 6876288.860000083222985 ], [ 360686.463822807592805, 6876287.350842165760696 ], [ 360683.982798401848413, 6876283.186265485361218 ], [ 360683.562117166467942, 6876282.501169360242784 ], [ 360680.349733687005937, 6876277.423530956730247 ], [ 360677.803783473675139, 6876272.942658581770957 ], [ 360676.976460921578109, 6876271.572957370430231 ], [ 360675.134731029742397, 6876268.699858739040792 ], [ 360674.377233136619907, 6876267.090175716206431 ], [ 360671.836500745441299, 6876261.055936287157238 ], [ 360671.656760397425387, 6876260.637944429181516 ], [ 360669.570796540530864, 6876255.886582310311496 ], [ 360666.323209301452152, 6876250.245786488987505 ], [ 360662.13273589318851, 6876244.51145445741713 ], [ 360659.441701105737593, 6876240.636364363133907 ], [ 360654.146730312786531, 6876234.819494144059718 ], [ 360650.438350122829434, 6876231.690548358485103 ], [ 360644.70271316106664, 6876227.884399392642081 ], [ 360641.515823935449589, 6876226.261983060277998 ], [ 360638.280446360469796, 6876224.618602517992258 ], [ 360636.218354798213113, 6876223.484452159143984 ], [ 360633.56333933834685, 6876221.400769139640033 ], [ 360633.373454263200983, 6876221.252972115762532 ], [ 360630.07067815650953, 6876218.703460735268891 ], [ 360629.86276707937941, 6876218.554183346219361 ], [ 360630.64413359190803, 6876217.779794483445585 ], [ 360634.860963382176124, 6876209.878155887126923 ], [ 360636.831040358112659, 6876204.315585602074862 ], [ 360638.529182125173975, 6876193.124604334123433 ], [ 360638.297408363258, 6876187.214373406022787 ], [ 360637.606061646656599, 6876181.882026671431959 ], [ 360636.910740361083299, 6876178.753080886788666 ], [ 360635.900500441668555, 6876176.220417047850788 ], [ 360638.497492853901349, 6876175.520104487426579 ], [ 360642.030370363499969, 6876174.327411827631295 ], [ 360650.126748706388753, 6876171.020440392196178 ], [ 360659.03383173578186, 6876167.480445855297148 ], [ 360663.985860937042162, 6876164.958452926017344 ], [ 360668.205423370061908, 6876162.29060054756701 ], [ 360671.888962929195259, 6876161.572426168248057 ], [ 360672.686011973069981, 6876161.40576754976064 ], [ 360678.65418634127127, 6876160.073068419471383 ], [ 360680.797862835694104, 6876159.510503399185836 ], [ 360685.780998716014437, 6876158.003973946906626 ], [ 360686.527806166966911, 6876157.767510505393147 ], [ 360703.505234224139713, 6876152.14699678029865 ], [ 360713.925390848715324, 6876146.162253062240779 ], [ 360719.835621776466724, 6876140.94734341930598 ], [ 360726.182903722103219, 6876133.073192538693547 ], [ 360728.96418886462925, 6876128.09005665872246 ], [ 360731.999993675446603, 6876120.214857080951333 ], [ 360733.390636246651411, 6876114.188739272765815 ], [ 360734.149981095164549, 6876108.174443845637143 ], [ 360734.265867976122536, 6876103.423081726767123 ], [ 360733.250072373717558, 6876094.91773496940732 ], [ 360732.298906212497968, 6876091.372479277662933 ], [ 360731.53610231296625, 6876087.154622420668602 ], [ 360728.589939137687907, 6876078.573336591012776 ], [ 360726.04042775707785, 6876073.706087591126561 ], [ 360721.48436889029108, 6876067.250610771588981 ], [ 360717.891875581233762, 6876063.368400260806084 ], [ 360709.955816450004932, 6876057.254957945086062 ], [ 360705.37828465300845, 6876054.821333445608616 ], [ 360697.178940650017466, 6876051.893042149953544 ], [ 360693.40402820694726, 6876051.138059660792351 ], [ 360691.975543247943278, 6876046.507798070088029 ], [ 360690.010075791797135, 6876041.675524993799627 ], [ 360683.926014542696066, 6876029.7971196975559 ], [ 360677.811326404043939, 6876021.651586216874421 ], [ 360676.356153676868416, 6876020.278781757690012 ], [ 360669.385988350957632, 6876011.420863321982324 ], [ 360668.946546572668012, 6876010.875623065046966 ], [ 360665.933487668342423, 6876007.225186316296458 ], [ 360664.607191499031615, 6876005.723431427031755 ], [ 360662.637114523095079, 6876003.637467569671571 ], [ 360660.598320682474878, 6876001.673288008198142 ], [ 360654.977806957031135, 6875996.748095568269491 ], [ 360653.888580441707745, 6875995.838254529982805 ], [ 360648.210123275814112, 6875991.318666173145175 ], [ 360647.29946256778203, 6875990.621862380765378 ], [ 360646.22363427100936, 6875989.830812162719667 ], [ 360645.387393820390571, 6875988.839712369255722 ], [ 360641.529866902797949, 6875985.027933478355408 ], [ 360637.589712950924877, 6875981.783100811764598 ], [ 360633.780374728434253, 6875979.113212033174932 ], [ 360633.650252055667806, 6875979.036321362480521 ], [ 360633.888001134910155, 6875978.754148905165493 ], [ 360636.089851872704457, 6875974.524277751334012 ], [ 360639.184752672736067, 6875964.86592769343406 ], [ 360639.880073958367575, 6875959.940735253505409 ], [ 360639.752726792590693, 6875950.733367783948779 ], [ 360636.838734958553687, 6875941.998352924361825 ], [ 360634.926601423125248, 6875938.289972734637558 ], [ 360632.262506400642451, 6875934.038646730594337 ], [ 360630.350372865155805, 6875931.489135350100696 ], [ 360628.156840116425883, 6875928.88627181109041 ], [ 360611.295298940036446, 6875911.039692147634923 ], [ 360601.789333248801995, 6875904.280215485021472 ], [ 360591.546802823897451, 6875899.6757752019912 ], [ 360588.924340347817633, 6875897.894479935057461 ], [ 360585.192366735020187, 6875894.715391302481294 ], [ 360582.866775102389511, 6875892.234760227613151 ], [ 360579.458317970274948, 6875889.118779105134308 ], [ 360573.084539518866222, 6875884.135643225163221 ], [ 360570.427766378386877, 6875882.280653227120638 ], [ 360563.706327284045983, 6875878.108725514262915 ], [ 360560.335596831515431, 6875876.303359054028988 ], [ 360553.730044618132524, 6875873.290300149470568 ], [ 360550.313830259838142, 6875871.977391644380987 ], [ 360543.708278046455234, 6875869.891427787020802 ], [ 360539.377363331848755, 6875868.869841885752976 ], [ 360532.076489832834341, 6875867.71097307652235 ], [ 360524.774575014598668, 6875867.45282128546387 ], [ 360519.443778491520789, 6875867.916368809528649 ], [ 360511.270465251524001, 6875869.804306645877659 ], [ 360506.765573563287035, 6875872.309646241366863 ], [ 360506.00352741451934, 6875869.122659345157444 ], [ 360503.62784635531716, 6875862.632994012907147 ], [ 360501.793008034932427, 6875858.580286572687328 ], [ 360499.707044178096112, 6875854.756019501946867 ], [ 360495.769972287176643, 6875849.165402157232165 ], [ 360492.930743704200722, 6875845.978512931615114 ], [ 360490.80268726934446, 6875843.820069996640086 ], [ 360487.32608084124513, 6875840.63318076916039 ], [ 360478.622132100630552, 6875835.067735754884779 ], [ 360474.739921589265577, 6875833.445319421589375 ], [ 360464.859596451744437, 6875831.172885202802718 ], [ 360460.745612178463489, 6875830.941111440770328 ], [ 360456.757252227049321, 6875830.981980308890343 ], [ 360450.731134418339934, 6875831.445527832955122 ], [ 360446.206510424264707, 6875832.143941232003272 ], [ 360440.006562294205651, 6875833.592527243308723 ], [ 360435.346827151603065, 6875835.091330895200372 ], [ 360422.483383367594797, 6875840.422127418220043 ], [ 360422.439586149761453, 6875840.440318193286657 ], [ 360410.32940709189279, 6875845.481397514231503 ], [ 360408.778482578578405, 6875846.179212594404817 ], [ 360399.449588663177565, 6875850.698800951242447 ], [ 360394.663010084419511, 6875854.303849196061492 ], [ 360393.928741162642837, 6875851.183206278830767 ], [ 360388.219551537476946, 6875839.397921982221305 ], [ 360385.090605752193369, 6875835.457768030464649 ], [ 360378.800549954758026, 6875829.536854241974652 ], [ 360371.08411330753006, 6875825.65373339690268 ], [ 360367.259846236614976, 6875824.37897770665586 ], [ 360360.409827567171305, 6875822.955581148155034 ], [ 360356.607825254148338, 6875822.620110355317593 ], [ 360351.994496111001354, 6875822.170029464177787 ], [ 360343.05317287647631, 6875822.6401874627918 ], [ 360338.533584519929718, 6875823.567282509990036 ], [ 360333.023447292391211, 6875825.263055836781859 ], [ 360327.460877007455565, 6875827.580793455243111 ], [ 360326.917180117277894, 6875827.813650174997747 ], [ 360321.122836070426274, 6875830.363161555491388 ], [ 360316.787513607763685, 6875832.713524109683931 ], [ 360310.327779360639397, 6875836.937196502462029 ], [ 360309.95141394645907, 6875837.085054343566298 ], [ 360307.78190241754055, 6875838.037903083488345 ], [ 360305.340472580166534, 6875839.227317620068789 ], [ 360299.668896873423364, 6875840.978833645582199 ], [ 360296.309305650764145, 6875842.241024261340499 ], [ 360291.342907946265768, 6875844.45431019552052 ], [ 360285.97509566321969, 6875846.677343565039337 ], [ 360281.480358165921643, 6875849.000613916665316 ], [ 360277.887864856922533, 6875851.260408095084131 ], [ 360271.353260613861494, 6875856.820327067747712 ], [ 360266.196294412133284, 6875862.672614554874599 ], [ 360262.756277612119447, 6875867.450181543827057 ], [ 360260.032935910043307, 6875872.143600221723318 ], [ 360256.994042328442447, 6875879.47005732730031 ], [ 360256.066947280953173, 6875882.946663754992187 ], [ 360255.069592038576957, 6875889.709304452873766 ], [ 360254.95370515761897, 6875893.301797762513161 ], [ 360256.127721785451286, 6875902.633342429064214 ], [ 360257.170703713898547, 6875906.225835737772286 ], [ 360257.848627694183961, 6875908.280960565432906 ], [ 360259.007496503531002, 6875911.409906351007521 ], [ 360260.166365313867573, 6875914.538852138444781 ], [ 360261.335774765175302, 6875917.272130421362817 ], [ 360263.653512383927591, 6875922.023492540232837 ], [ 360265.306721122004092, 6875924.97704834677279 ], [ 360266.909479932277463, 6875927.495669334195554 ], [ 360267.955677736725193, 6875929.588064943440259 ], [ 360270.663209223595913, 6875934.003388912416995 ], [ 360272.633286199532449, 6875936.66878717392683 ], [ 360278.505624133802485, 6875942.645246179774404 ], [ 360281.982230561901815, 6875945.310644441284239 ], [ 360286.144624003674835, 6875947.987474272958934 ], [ 360292.918292278249282, 6875951.591199266724288 ], [ 360291.854891794268042, 6875955.667567788623273 ], [ 360290.780126403493341, 6875958.891863960772753 ], [ 360289.248926396772731, 6875969.084383974783123 ], [ 360289.364813277672511, 6875974.009576413780451 ], [ 360290.144755074579734, 6875980.135671294294298 ], [ 360291.825114848150406, 6875987.320657912641764 ], [ 360294.671269049635157, 6875994.801631885580719 ], [ 360296.873119787429459, 6875998.85767271835357 ], [ 360300.170853406016249, 6876003.724943017587066 ], [ 360307.848375717992894, 6876012.958719852380455 ], [ 360308.908934226899873, 6876014.508766903541982 ], [ 360295.582927897106856, 6876021.417149788700044 ], [ 360291.085717396694236, 6876024.282367778941989 ], [ 360277.031545941950753, 6876035.105695221573114 ], [ 360258.121777165855747, 6876047.129247621633112 ], [ 360249.920308456232306, 6876054.8498216541484 ], [ 360248.703496206377167, 6876056.530181427486241 ], [ 360248.597863034869079, 6876056.742959252558649 ], [ 360242.588655749161262, 6876057.937614842317998 ], [ 360236.910198583267629, 6876060.081522139720619 ], [ 360232.028848728514276, 6876062.448804164305329 ], [ 360226.929825967352372, 6876065.519806508906186 ], [ 360220.404714384698309, 6876070.825850780121982 ], [ 360218.202863646845799, 6876073.201531839556992 ], [ 360216.068550159048755, 6876075.778902888298035 ], [ 360214.288544174574781, 6876078.190523899160326 ], [ 360213.278819543891586, 6876073.848707986995578 ], [ 360212.319584192940965, 6876070.578549236990511 ], [ 360209.306525288615376, 6876062.118806929327548 ], [ 360207.292316069826484, 6876057.654894029721618 ], [ 360203.699822760769166, 6876051.165228696539998 ], [ 360195.634322976402473, 6876041.831753583624959 ], [ 360190.767073977098335, 6876038.123373393900692 ], [ 360181.206214085279498, 6876033.251536438241601 ], [ 360177.729607657180168, 6876032.20855451002717 ], [ 360176.002951605885755, 6876031.746155014261603 ], [ 360167.659096178424079, 6876029.776078037917614 ], [ 360162.59861755912425, 6876029.029335084371269 ], [ 360156.920160393230617, 6876028.681674442254007 ], [ 360150.052878058573697, 6876029.050970355048776 ], [ 360144.606194654537831, 6876029.978065402247012 ], [ 360140.769663251703605, 6876030.894123775884509 ], [ 360135.902414252399467, 6876032.400653228163719 ], [ 360128.872957896324806, 6876035.619280827231705 ], [ 360125.164577706367709, 6876037.937018445692956 ], [ 360124.564828818663955, 6876038.321841622702777 ], [ 360123.791632698033936, 6876038.83101955614984 ], [ 360118.63527373818215, 6876039.36182121373713 ], [ 360107.509282071318012, 6876039.901917896233499 ], [ 360105.474217696348205, 6876040.070286516100168 ], [ 360092.610773912398145, 6876041.576815968379378 ], [ 360087.635446381638758, 6876042.592197304591537 ], [ 360077.785061502014287, 6876045.489369328133762 ], [ 360071.995583782379981, 6876047.873172444291413 ], [ 360066.201239735528361, 6876051.002118228934705 ], [ 360062.310877777694259, 6876053.508588120341301 ], [ 360053.382751029974315, 6876060.289443877525628 ], [ 360030.340953228762373, 6876061.546269212849438 ], [ 360020.219627732469235, 6876061.655100669711828 ], [ 360015.788212745392229, 6876062.032432992011309 ], [ 360006.401375389541499, 6876063.538962444290519 ], [ 360005.436915722500999, 6876063.709947203285992 ], [ 359993.892855633108411, 6876065.951512268744409 ], [ 359990.23112492315704, 6876066.56180072017014 ], [ 359984.454625657992437, 6876066.928562578745186 ], [ 359983.087454628839623, 6876067.04681596159935 ], [ 359974.62771232041996, 6876067.973911008797586 ], [ 359974.390580116945785, 6876068.000853075645864 ], [ 359970.47156532225199, 6876068.461913639679551 ], [ 359967.772670178150292, 6876067.877616752870381 ], [ 359966.937876091396902, 6876064.468874231912196 ], [ 359964.373902800260112, 6876057.684726271778345 ], [ 359961.824391419650055, 6876052.817477272823453 ], [ 359958.468164337333292, 6876047.74055340513587 ], [ 359953.253254695155192, 6876041.366774953901768 ], [ 359946.360268872755114, 6876035.195070051588118 ], [ 359942.072454278124496, 6876032.413784909062088 ], [ 359939.45086167746922, 6876030.895612977445126 ], [ 359935.163047082780395, 6876028.693762239068747 ], [ 359923.454476843297016, 6876025.447218045592308 ], [ 359916.501263987098355, 6876024.983670522458851 ], [ 359907.804408984375186, 6876025.675255702808499 ], [ 359902.241838699439541, 6876026.95001139305532 ], [ 359897.266622056951746, 6876028.557594459503889 ], [ 359889.038653510448057, 6876032.034200887195766 ], [ 359886.857122277026065, 6876033.061164851300418 ], [ 359875.731981707096566, 6876038.855508898384869 ], [ 359875.242730606347322, 6876039.116101416759193 ], [ 359864.423185975698289, 6876045.007932650856674 ], [ 359849.230286996811628, 6876052.003224267624319 ], [ 359847.554168156988453, 6876052.839337257668376 ], [ 359841.876697873754892, 6876055.896436640992761 ], [ 359840.710632060421631, 6876056.326984018087387 ], [ 359833.421826836769469, 6876056.649497523903847 ], [ 359831.757254358788487, 6876056.59747963398695 ], [ 359825.133131057838909, 6876055.986022097989917 ], [ 359821.222629665571731, 6876055.881187229417264 ], [ 359818.209570761246141, 6876055.997074110433459 ], [ 359809.54924751049839, 6876057.625327145680785 ], [ 359809.168678822054062, 6876057.757062461227179 ], [ 359808.625496349122841, 6876057.795180529356003 ], [ 359806.106286093650851, 6876057.435293349437416 ], [ 359805.727302832587156, 6876057.383615952916443 ], [ 359796.80401300045196, 6876056.224747143685818 ], [ 359788.26147836423479, 6876056.34202038962394 ], [ 359786.059627626440488, 6876056.689681032672524 ], [ 359776.891332327388227, 6876059.709494004026055 ], [ 359769.15663339884486, 6876065.484556042589247 ], [ 359763.656303439463954, 6876073.416975560598075 ], [ 359760.959791054192465, 6876082.685509965755045 ], [ 359761.346265897911508, 6876092.330588828772306 ], [ 359764.775716269039549, 6876101.35365810804069 ], [ 359767.325227649649605, 6876105.757359583862126 ], [ 359770.617343731748406, 6876110.374187622219324 ], [ 359773.630402636073995, 6876113.850794049911201 ], [ 359776.744486024370417, 6876116.952379494905472 ], [ 359778.608441428048536, 6876118.554727123118937 ], [ 359778.962716788053513, 6876120.444195710122585 ], [ 359774.6175665333285, 6876120.987339491955936 ], [ 359766.256450145854615, 6876123.296224819496274 ], [ 359760.462106099061202, 6876125.845736199989915 ], [ 359755.390484676230699, 6876128.69324216991663 ], [ 359751.566217605315614, 6876131.358640431426466 ], [ 359746.35031443729531, 6876135.980655929073691 ], [ 359741.483065437932964, 6876141.427339333109558 ], [ 359737.286331696086563, 6876147.480787916108966 ], [ 359733.577951506129466, 6876154.549887653440237 ], [ 359733.069937133113854, 6876155.56448098924011 ], [ 359730.636312633461785, 6876160.663503750227392 ], [ 359729.856443040422164, 6876162.443671045824885 ], [ 359727.306931659812108, 6876168.817449497058988 ], [ 359725.292559898167383, 6876177.155171963386238 ], [ 359722.978673424746376, 6876201.80309309437871 ], [ 359720.766970348602626, 6876207.995861707255244 ], [ 359720.066789458796848, 6876210.227434666827321 ], [ 359718.345892759098206, 6876216.567580402828753 ], [ 359718.303184727730695, 6876216.672283963300288 ], [ 359710.972564129740931, 6876218.005124071612954 ], [ 359710.367329543223605, 6876218.121601787395775 ], [ 359702.95056916330941, 6876219.628131239674985 ], [ 359701.02884471649304, 6876220.084836190566421 ], [ 359692.105554884357844, 6876222.518460690975189 ], [ 359685.030143716139719, 6876225.462701620534062 ], [ 359681.205876645224635, 6876227.664552357979119 ], [ 359672.219108342600521, 6876235.60431251488626 ], [ 359666.540651176706888, 6876243.136959775350988 ], [ 359665.080634008336347, 6876245.257202204316854 ], [ 359660.792819413705729, 6876252.094528179615736 ], [ 359659.983819945773575, 6876253.463911364786327 ], [ 359655.927779112942517, 6876260.764784863218665 ], [ 359654.988729316974059, 6876262.601056513376534 ], [ 359651.815833425964229, 6876269.369901081547141 ], [ 359649.503339765768033, 6876273.747121223248541 ], [ 359647.066758254368324, 6876277.537359130568802 ], [ 359647.014446229150053, 6876277.619023281149566 ], [ 359643.563929795112927, 6876283.024832361377776 ], [ 359640.4612060423824, 6876287.851291531696916 ], [ 359640.098105293407571, 6876288.430518988519907 ], [ 359637.548593912797514, 6876292.602446702308953 ], [ 359636.370841008261777, 6876294.716915618628263 ], [ 359633.257403801660985, 6876300.87892675679177 ], [ 359630.530482879490592, 6876303.392806981690228 ], [ 359625.26388486311771, 6876307.665707259438932 ], [ 359619.842054951412138, 6876311.957989272661507 ], [ 359618.554705326620024, 6876313.037124854512513 ], [ 359611.369718708563596, 6876319.410903305746615 ], [ 359610.064953229099046, 6876320.639939021319151 ], [ 359605.893025515368208, 6876324.811866735108197 ], [ 359604.557458278723061, 6876326.237373459152877 ], [ 359599.574322398460936, 6876331.915830625221133 ], [ 359595.674723424948752, 6876337.544299142435193 ], [ 359592.30178500112379, 6876343.844693556427956 ], [ 359576.998755508975592, 6876356.552472433075309 ], [ 359572.088330757163931, 6876361.734183023683727 ], [ 359549.25861521268962, 6876392.444206471554935 ], [ 359547.715665005496703, 6876394.732541620731354 ], [ 359532.747504661849234, 6876419.298606307245791 ], [ 359518.715900408686139, 6876440.973442145623267 ], [ 359518.153454111947212, 6876441.877002628520131 ], [ 359511.188909119809978, 6876453.520851287059486 ], [ 359508.441495545499492, 6876457.556114974431694 ], [ 359505.895210013142787, 6876460.885872977785766 ], [ 359505.853388646093663, 6876460.925370935350657 ], [ 359504.591878303792328, 6876461.682277141138911 ], [ 359499.347636250662617, 6876465.672893324866891 ], [ 359488.70659828686621, 6876475.797376047819853 ], [ 359482.338634972984437, 6876480.553196750581264 ], [ 359476.227241400396451, 6876484.12479039747268 ], [ 359471.128581821336411, 6876486.429663905873895 ], [ 359466.626624378492124, 6876487.740360376425087 ], [ 359460.297200223780237, 6876488.389532084576786 ], [ 359458.426096568058711, 6876488.641157527454197 ], [ 359448.691598569392227, 6876490.263573860749602 ], [ 359440.890551903459709, 6876492.691623496823013 ], [ 359433.473791523487307, 6876496.16822992451489 ], [ 359427.330860949412454, 6876500.014651882462204 ], [ 359422.463611950050108, 6876503.95480583421886 ], [ 359419.53918702818919, 6876506.936754915863276 ], [ 359418.738605840306263, 6876507.398106787353754 ], [ 359414.820006906287745, 6876509.036793613806367 ], [ 359409.738901790231466, 6876510.865991455502808 ], [ 359409.162405487673823, 6876511.080230293795466 ], [ 359402.209192631475162, 6876513.745628555305302 ], [ 359394.623169350496028, 6876518.00454440806061 ], [ 359390.567128517723177, 6876521.133490193635225 ], [ 359385.519914473872632, 6876526.077877334319055 ], [ 359381.769064153311774, 6876532.065569350495934 ], [ 359378.756005248986185, 6876538.439347800798714 ], [ 359376.056713047204539, 6876547.992631082423031 ], [ 359375.129617999715265, 6876556.452373390085995 ], [ 359375.074282001703978, 6876557.00440623704344 ], [ 359374.494847597030457, 6876563.378184689208865 ], [ 359374.398768570565153, 6876564.818815571255982 ], [ 359374.301927051274106, 6876567.094591274857521 ], [ 359361.31003928987775, 6876572.897292132489383 ], [ 359360.344205084431451, 6876573.145276591181755 ], [ 359358.684265370364301, 6876572.979282619431615 ], [ 359355.699153797701001, 6876572.830398325808346 ], [ 359348.86182782240212, 6876572.830398325808346 ], [ 359347.499597993912175, 6876572.861342119984329 ], [ 359340.53182732348796, 6876573.178058968856931 ], [ 359331.942343205679208, 6876573.178058968856931 ], [ 359328.353836728725582, 6876573.393455206416547 ], [ 359318.735225610958878, 6876574.552324015647173 ], [ 359315.121368126536254, 6876575.21432567294687 ], [ 359304.343888199422508, 6876577.879723934456706 ], [ 359294.905246274138335, 6876582.040817209519446 ], [ 359276.826892848068383, 6876594.093052826821804 ], [ 359271.384910114400554, 6876598.748365223407745 ], [ 359262.113959639507812, 6876608.830523864366114 ], [ 359259.475690533756278, 6876612.140855611301959 ], [ 359255.651423462841194, 6876617.70342589635402 ], [ 359250.68884926487226, 6876630.355315179564059 ], [ 359249.993527979240753, 6876635.106677298434079 ], [ 359249.8005637092283, 6876642.166725083254278 ], [ 359250.264111232943833, 6876647.26574784424156 ], [ 359250.855295621557161, 6876651.057589197531343 ], [ 359252.01416443096241, 6876656.272498839534819 ], [ 359254.713012916676234, 6876663.66221138369292 ], [ 359257.37841117818607, 6876668.761234145611525 ], [ 359258.825231957191136, 6876671.233803010545671 ], [ 359262.0700646234327, 6876676.216938890516758 ], [ 359264.787727604387328, 6876679.777658912353218 ], [ 359271.277392936812248, 6876687.078532410785556 ], [ 359273.704429452132899, 6876689.292811617255211 ], [ 359274.704892498848494, 6876691.606382412835956 ], [ 359276.988400235655718, 6876696.972625594586134 ], [ 359277.133588331751525, 6876697.308129099197686 ], [ 359279.683099712361582, 6876703.102473146282136 ], [ 359280.72841768845683, 6876705.243309411220253 ], [ 359283.162042188167106, 6876709.76289776712656 ], [ 359285.095440751523711, 6876712.880423297174275 ], [ 359287.065517727402039, 6876715.661708439700305 ], [ 359288.120187877560966, 6876717.062039643526077 ], [ 359290.788242574548349, 6876720.397108014672995 ], [ 359290.823960907349829, 6876720.44786564540118 ], [ 359296.117374237976037, 6876732.162796786986291 ], [ 359297.846235332195647, 6876737.270795474760234 ], [ 359297.115464505623095, 6876737.78720685839653 ], [ 359293.035972496494651, 6876740.506868197582662 ], [ 359291.731411398330238, 6876741.213505459018052 ], [ 359289.978078031621408, 6876741.691687286831439 ], [ 359278.263004099251702, 6876747.929911689832807 ], [ 359273.163981338089798, 6876752.333613165654242 ], [ 359270.926577668695245, 6876754.477362427860498 ], [ 359267.21819747867994, 6876758.417516379617155 ], [ 359265.638132975320332, 6876760.237605924718082 ], [ 359263.32039535662625, 6876763.134777948260307 ], [ 359262.746459641435649, 6876763.875629372894764 ], [ 359259.269853213336319, 6876768.511104609817266 ], [ 359254.980143204738852, 6876776.52650107908994 ], [ 359252.894179347844329, 6876782.436732007190585 ], [ 359251.273922289081383, 6876790.098864852450788 ], [ 359251.691980057337787, 6876797.919270237907767 ], [ 359252.062547214969527, 6876799.055710290558636 ], [ 359251.06109597539762, 6876799.740509666502476 ], [ 359248.453641154337674, 6876801.768530082888901 ], [ 359245.093279042863287, 6876804.81675716675818 ], [ 359241.96433325757971, 6876808.119533273391426 ], [ 359237.138690210937057, 6876814.887699869461358 ], [ 359234.994782913592644, 6876819.001684143207967 ], [ 359233.059135472169146, 6876823.620546659454703 ], [ 359230.393737210601103, 6876831.8485152060166 ], [ 359228.981980360927992, 6876839.39089016802609 ], [ 359227.99694187293062, 6876856.715978867374361 ], [ 359229.449271639168728, 6876867.788546478375793 ], [ 359231.843913379823789, 6876875.072248439304531 ], [ 359234.22087779128924, 6876884.993491200730205 ], [ 359234.25892780884169, 6876885.150442943908274 ], [ 359235.765457261004485, 6876891.292447633109987 ], [ 359237.112920555169694, 6876895.449745674617589 ], [ 359239.846904624719173, 6876902.1707898452878 ], [ 359242.929524113540538, 6876909.934424114413559 ], [ 359247.18686348159099, 6876917.352683528326452 ], [ 359255.757848499983083, 6876928.304497717879713 ], [ 359256.263207161333412, 6876929.315215040929615 ], [ 359258.134514061326627, 6876932.539813063107431 ], [ 359262.306441775057465, 6876938.797704633325338 ], [ 359265.841565429989714, 6876943.15455621574074 ], [ 359271.520022595883347, 6876948.948900262825191 ], [ 359273.298491617315449, 6876950.62171527557075 ], [ 359280.25170447351411, 6876956.647833084687591 ], [ 359280.961478675715625, 6876957.244020713493228 ], [ 359285.944614555977751, 6876961.300061546266079 ], [ 359289.766625742253382, 6876963.946568462066352 ], [ 359293.93855345598422, 6876966.380192961543798 ], [ 359298.683523456682451, 6876968.617119438946247 ], [ 359305.289075670065358, 6876971.050743938423693 ], [ 359310.56302893551765, 6876972.46425390522927 ], [ 359313.923748482658993, 6876973.043688310310245 ], [ 359317.089487643912435, 6876973.417644107714295 ], [ 359324.274474261968862, 6876973.881191630847752 ], [ 359330.854975663300138, 6876973.581018153578043 ], [ 359336.765206591109745, 6876972.653923106379807 ], [ 359339.311593410908245, 6876972.140655893832445 ], [ 359348.138578974758275, 6876969.959871225059032 ], [ 359346.362130704394076, 6876976.348422080278397 ], [ 359345.666809418820776, 6876985.155825030989945 ], [ 359345.922602948849089, 6876992.078615120612085 ], [ 359346.849697996338364, 6876998.104732929728925 ], [ 359348.307046221394558, 6877003.795309294946492 ], [ 359350.407163746189326, 6877009.570632487535477 ], [ 359351.758520270930603, 6877015.726812211796641 ], [ 359352.493564066360705, 6877021.790923524647951 ], [ 359351.974476816307288, 6877022.214389439672232 ], [ 359349.725075206544716, 6877024.24713662546128 ], [ 359346.248468778445385, 6877027.723743053153157 ], [ 359340.62885648268275, 6877035.520538625307381 ], [ 359338.542892625846434, 6877039.692466339096427 ], [ 359335.464073790877592, 6877050.807979237288237 ], [ 359335.232300029019825, 6877053.821038141846657 ], [ 359336.449614690442104, 6877064.876132401637733 ], [ 359338.535578547162004, 6877071.713458376005292 ], [ 359341.920053819252644, 6877079.065523848868906 ], [ 359345.04348937002942, 6877083.973779713734984 ], [ 359346.779171710426454, 6877086.794263517484069 ], [ 359347.663155464804731, 6877088.147640115581453 ], [ 359349.749119321699254, 6877091.16069901920855 ], [ 359350.868402102496475, 6877092.67372830864042 ], [ 359354.345008530595805, 6877097.077429784461856 ], [ 359357.458373221801594, 6877100.453703271225095 ], [ 359362.441509102063719, 6877105.08917850907892 ], [ 359369.481242689187638, 6877109.061966723762453 ], [ 359366.735616463411134, 6877113.052276838570833 ], [ 359364.531653320940677, 6877117.424742479808629 ], [ 359362.415981749945786, 6877116.837411035783589 ], [ 359353.260918155952822, 6877114.8673340594396 ], [ 359349.995104929490481, 6877114.350938345305622 ], [ 359344.31664776353864, 6877113.771503940224648 ], [ 359340.783496716001537, 6877113.620493322610855 ], [ 359326.529410360846668, 6877113.852267084643245 ], [ 359321.133666711801197, 6877114.430881706997752 ], [ 359307.806675404252019, 6877117.096279968507588 ], [ 359300.957143172621727, 6877119.349932160228491 ], [ 359293.540382792707533, 6877122.826538587920368 ], [ 359283.851119517115876, 6877130.059391503222287 ], [ 359278.288549232122023, 6877136.317283074371517 ], [ 359274.094324756646529, 6877142.407616138458252 ], [ 359268.068206947937142, 6877153.996304231695831 ], [ 359266.785889379389118, 6877156.807119650766253 ], [ 359263.002376653486863, 6877166.377181251533329 ], [ 359258.302957133273594, 6877177.342493465170264 ], [ 359256.591696228017099, 6877182.652158689685166 ], [ 359254.27395860926481, 6877193.081977974623442 ], [ 359253.716127256513573, 6877196.529025743715465 ], [ 359252.789032209024299, 6877205.568202456459403 ], [ 359252.632475367339794, 6877208.629068421199918 ], [ 359252.632475367339794, 6877219.290661467239261 ], [ 359254.911970394779928, 6877230.761215249076486 ], [ 359257.693255537305959, 6877237.482654343359172 ], [ 359261.223810791561846, 6877243.756010294891894 ], [ 359266.147164631052874, 6877249.007714996114373 ], [ 359269.912956096290145, 6877252.162837575189769 ], [ 359268.028310562949628, 6877257.484189669601619 ], [ 359266.41075457050465, 6877265.008239541202784 ], [ 359265.483659523015376, 6877276.133380111306906 ], [ 359267.001653891988099, 6877288.354474236257374 ], [ 359269.782939034455922, 6877296.466555901803076 ], [ 359276.948113978200126, 6877307.950029608793557 ], [ 359285.291969405603595, 6877316.293885035440326 ], [ 359287.764321413415018, 6877318.506745882332325 ], [ 359298.19414069771301, 6877326.850601309910417 ], [ 359298.557842161040753, 6877327.136988591402769 ], [ 359307.828792635991704, 6877334.321975209750235 ], [ 359312.021411455585621, 6877337.04433168657124 ], [ 359321.524135692394339, 6877342.143354447558522 ], [ 359325.618574924999848, 6877343.960803752765059 ], [ 359335.353072923666332, 6877347.437410181388259 ], [ 359341.529529458319303, 6877348.928781700320542 ], [ 359344.309620340762194, 6877349.294583132490516 ], [ 359344.900233538588509, 6877356.213194879703224 ], [ 359346.465511988906655, 6877363.542664604261518 ], [ 359346.865745325747412, 6877364.690000169910491 ], [ 359346.722087496658787, 6877364.654085712507367 ], [ 359336.490174396371003, 6877363.904332778416574 ], [ 359324.785599421767984, 6877365.0632015876472 ], [ 359321.663275646686088, 6877365.539416942745447 ], [ 359318.302556099544745, 6877366.234738228842616 ], [ 359310.344092611921951, 6877369.098913322202861 ], [ 359302.463784708234016, 6877373.270841035991907 ], [ 359296.786360308295116, 6877377.17129662912339 ], [ 359292.266771951748524, 6877381.111450580880046 ], [ 359290.694852605869528, 6877382.584451470524073 ], [ 359273.89125486992998, 6877399.503936086781323 ], [ 359269.244689022714738, 6877405.560904352925718 ], [ 359262.639136809331831, 6877416.91781868506223 ], [ 359258.720562308793887, 6877429.015919855795801 ], [ 359257.793467261304613, 6877438.286870330572128 ], [ 359257.653953575412743, 6877440.522216166369617 ], [ 359257.538066694454756, 6877445.15769140329212 ], [ 359258.370617643522564, 6877452.964826443232596 ], [ 359262.774319119169377, 6877471.159066750667989 ], [ 359267.034530505246948, 6877480.83777273260057 ], [ 359274.388350300607271, 6877488.436988808214664 ], [ 359284.35462206118973, 6877495.62197542656213 ], [ 359290.607357915025204, 6877499.080681378021836 ], [ 359305.440878674911801, 6877505.106799186207354 ], [ 359307.717009986226913, 6877505.926199570298195 ], [ 359318.85679724952206, 6877509.43599555734545 ], [ 359317.554047376848757, 6877511.130219850689173 ], [ 359304.806490473914891, 6877533.496387872844934 ], [ 359301.785012864682358, 6877541.000210833735764 ], [ 359296.454216341604479, 6877562.09162316378206 ], [ 359295.695268513809424, 6877572.495132680051029 ], [ 359297.781232370645739, 6877592.891223724931479 ], [ 359298.538073420815635, 6877596.277346023358405 ] ], [ [ 364338.720813331718091, 6873869.361024221405387 ], [ 364338.720838238834403, 6873869.355856001377106 ], [ 364338.72360703535378, 6873869.229750910773873 ], [ 364338.728535940521397, 6873869.103711765259504 ], [ 364338.735623507294804, 6873868.977775565348566 ], [ 364338.744867655273993, 6873868.851979278959334 ], [ 364338.756265670934226, 6873868.726359831169248 ], [ 364338.769814208499156, 6873868.600954098626971 ], [ 364338.785509290697519, 6873868.475798893719912 ], [ 364338.803346310276538, 6873868.350930956192315 ], [ 364338.823320028546732, 6873868.226386957801878 ], [ 364338.845424589002505, 6873868.102203416638076 ], [ 364338.869653496018145, 6873867.978416827507317 ], [ 364338.895999637490604, 6873867.855063523165882 ], [ 364338.918421983544249, 6873867.758234101347625 ], [ 364338.720813331718091, 6873869.361024221405387 ] ], [ [ 364494.020324959245045, 6873709.211259449832141 ], [ 364494.085845420369878, 6873709.229330691508949 ], [ 364494.242077846312895, 6873709.275354502722621 ], [ 364494.397487676760647, 6873709.324083792045712 ], [ 364494.552028141915798, 6873709.375503893941641 ], [ 364494.705652539327275, 6873709.429599272087216 ], [ 364494.858314542623702, 6873709.486353609710932 ], [ 364494.889960046857595, 6873709.498747792094946 ], [ 364494.020324959245045, 6873709.211259449832141 ] ], [ [ 364755.616727477638051, 6873687.623406607657671 ], [ 364757.875214068335481, 6873683.407564971596003 ], [ 364761.335273323755246, 6873671.633279263973236 ], [ 364761.798820847470779, 6873665.838935216888785 ], [ 364761.611151808057912, 6873662.907801107503474 ], [ 364762.53881793533219, 6873663.214556761085987 ], [ 364762.716967036190908, 6873663.36813357193023 ], [ 364768.709326055191923, 6873667.38818720728159 ], [ 364775.48826723365346, 6873669.861071017570794 ], [ 364776.695886093715671, 6873670.142848751507699 ], [ 364777.478867930360138, 6873674.570867237634957 ], [ 364778.44797232595738, 6873678.322685684077442 ], [ 364778.15237982920371, 6873678.327064831741154 ], [ 364765.029835586436093, 6873681.566752783954144 ], [ 364760.915851313155144, 6873683.652716640383005 ], [ 364755.616727477638051, 6873687.623406607657671 ] ], [ [ 364841.912086936470587, 6873656.10276803188026 ], [ 364841.795943874516524, 6873655.036230151541531 ], [ 364841.804592350963503, 6873655.07083442248404 ], [ 364841.819776330085006, 6873655.136333694681525 ], [ 364841.833837262995075, 6873655.202083205804229 ], [ 364841.846771034703124, 6873655.268063714727759 ], [ 364841.858573852689005, 6873655.334255876019597 ], [ 364841.869242263492197, 6873655.400640319101512 ], [ 364841.878773140779231, 6873655.467197592370212 ], [ 364841.887163695238996, 6873655.53390821442008 ], [ 364841.894411470100749, 6873655.600752655416727 ], [ 364841.900514340959489, 6873655.66771131940186 ], [ 364841.905470522935502, 6873655.734764626249671 ], [ 364841.909278562990949, 6873655.801892916671932 ], [ 364841.911937346623745, 6873655.869076541624963 ], [ 364841.913446095190011, 6873655.936295830644667 ], [ 364841.913804366777185, 6873656.003531090915203 ], [ 364841.913012056553271, 6873656.070762636139989 ], [ 364841.912086936470587, 6873656.10276803188026 ] ], [ [ 365013.741693399962969, 6874363.587090774439275 ], [ 365013.878535350202583, 6874363.520643576979637 ], [ 365014.072294930345379, 6874363.430684743449092 ], [ 365014.184100730519276, 6874363.381118318997324 ], [ 365013.741693399962969, 6874363.587090774439275 ] ], [ [ 364757.914420904358849, 6873964.793362402357161 ], [ 364757.939719250716735, 6873964.772506026551127 ], [ 364757.940924300171901, 6873964.773224285803735 ], [ 364757.921767321822699, 6873964.787924382835627 ], [ 364757.914420904358849, 6873964.793362402357161 ] ], [ [ 364727.27955152199138, 6874000.912722910754383 ], [ 364727.219041544478387, 6874001.008235335350037 ], [ 364727.114717870776076, 6874001.166740352287889 ], [ 364727.00765377789503, 6874001.323407400399446 ], [ 364726.897881713462994, 6874001.478189001791179 ], [ 364726.785434790886939, 6874001.631038468331099 ], [ 364726.670347037841566, 6874001.781909543089569 ], [ 364726.552653245686088, 6874001.93075661547482 ], [ 364726.43238905898761, 6874002.077534609474242 ], [ 364726.309590757999104, 6874002.222199244424701 ], [ 364726.184295526356436, 6874002.3647067155689 ], [ 364726.056541267724242, 6874002.505013911984861 ], [ 364725.926366584200878, 6874002.643078441731632 ], [ 364725.793810819392093, 6874002.778858573175967 ], [ 364725.6589140969445, 6874002.912313208915293 ], [ 364725.521717182069551, 6874003.043402017094195 ], [ 364725.441417741414625, 6874003.117498710751534 ], [ 364727.27955152199138, 6874000.912722910754383 ] ], [ [ 364699.180514062521979, 6874182.155661092139781 ], [ 364698.892096259107348, 6874182.10910760704428 ], [ 364698.941372217086609, 6874182.116179124452174 ], [ 364699.128306952130515, 6874182.14631525427103 ], [ 364699.180514062521979, 6874182.155661092139781 ] ], [ [ 366398.545265108172316, 6873700.000891283154488 ], [ 366398.527451399713755, 6873699.978070783428848 ], [ 366398.547043436497916, 6873699.96433949097991 ], [ 366398.605363943846896, 6873699.924940171651542 ], [ 366398.655839383311104, 6873699.892088230699301 ], [ 366398.630795315955766, 6873699.949783632531762 ], [ 366398.545265108172316, 6873700.000891283154488 ] ], [ [ 366410.935174810467288, 6873679.731166243553162 ], [ 366410.966821537702344, 6873679.590951914899051 ], [ 366411.012889622070361, 6873679.401965423487127 ], [ 366411.062185841787141, 6873679.213795149698853 ], [ 366411.087519308610354, 6873679.123432571068406 ], [ 366410.935174810467288, 6873679.731166243553162 ] ], [ [ 366008.911065574793611, 6873774.096178727224469 ], [ 366008.999920549045783, 6873773.990299786441028 ], [ 366009.11411191674415, 6873773.858849576674402 ], [ 366009.230528421583585, 6873773.729365956038237 ], [ 366009.261870309826918, 6873773.695679766125977 ], [ 366008.911065574793611, 6873774.096178727224469 ] ], [ [ 365992.355227010790259, 6873799.902937110513449 ], [ 365992.043966037861537, 6873800.618914101272821 ], [ 365992.058538432815112, 6873800.57702405191958 ], [ 365992.088852754677646, 6873800.494427909143269 ], [ 365992.120564854703844, 6873800.412358291447163 ], [ 365992.15366560977418, 6873800.330838808789849 ], [ 365992.188145446474664, 6873800.249893039464951 ], [ 365992.223994458094239, 6873800.169544238597155 ], [ 365992.261202297580894, 6873800.089815597981215 ], [ 365992.299758254608605, 6873800.010730068199337 ], [ 365992.33965121867368, 6873799.932310440577567 ], [ 365992.355227010790259, 6873799.902937110513449 ] ], [ [ 365946.592270748340525, 6873858.954150259494781 ], [ 365946.435877105162945, 6873859.838590316474438 ], [ 365946.453658162732609, 6873859.712206423282623 ], [ 365946.485513620020356, 6873859.510721121914685 ], [ 365946.520795935823116, 6873859.309807584621012 ], [ 365946.559494879853446, 6873859.109524065628648 ], [ 365946.592270748340525, 6873858.954150259494781 ] ], [ [ 365868.292391713592224, 6873963.879223074764013 ], [ 365868.318136426329147, 6873963.854178898967803 ], [ 365868.390025475993752, 6873963.786522123031318 ], [ 365868.463022837648168, 6873963.720062679611146 ], [ 365868.537108609452844, 6873963.654818689450622 ], [ 365868.58689370402135, 6873963.6124153342098 ], [ 365868.292391713592224, 6873963.879223074764013 ] ], [ [ 365850.405218373110984, 6873995.639238842763007 ], [ 365850.421697792306077, 6873995.587926445528865 ], [ 365850.464895094570238, 6873995.460849486291409 ], [ 365850.510236551577691, 6873995.334521694108844 ], [ 365850.557709190354217, 6873995.208979215472937 ], [ 365850.607299404335208, 6873995.08425803296268 ], [ 365850.658992986544035, 6873994.960393875837326 ], [ 365850.712775162712205, 6873994.837422147393227 ], [ 365850.768630489998031, 6873994.71537815593183 ], [ 365850.826543012342881, 6873994.594296764582396 ], [ 365850.886496129271109, 6873994.474212682805955 ], [ 365850.948472658754326, 6873994.355160323902965 ], [ 365851.009890670655295, 6873994.241902267560363 ], [ 365850.405218373110984, 6873995.639238842763007 ] ], [ [ 365810.783521847741213, 6874154.840080843307078 ], [ 365810.934269650722854, 6874155.489668011665344 ], [ 365810.930840020766482, 6874155.478073692880571 ], [ 365810.901551537273917, 6874155.37233105674386 ], [ 365810.874106938194018, 6874155.266094915568829 ], [ 365810.848514537967276, 6874155.159397456794977 ], [ 365810.824782066512853, 6874155.052270904183388 ], [ 365810.802916724642273, 6874154.944747761823237 ], [ 365810.783521847741213, 6874154.840080843307078 ] ], [ [ 365375.608302238106262, 6874528.503728435374796 ], [ 365375.744349680375308, 6874528.466942078433931 ], [ 365375.947767970792484, 6874528.415704463608563 ], [ 365376.152043616108131, 6874528.367999285459518 ], [ 365376.357115206075832, 6874528.323840885423124 ], [ 365376.562921166070737, 6874528.283242524601519 ], [ 365376.76939960202435, 6874528.246216407977045 ], [ 365376.97648872010177, 6874528.212773618288338 ], [ 365377.184126254811417, 6874528.182924212887883 ], [ 365377.392249733326025, 6874528.156677170656621 ], [ 365377.600796867453028, 6874528.134040348231792 ], [ 365377.809704828541726, 6874528.115020564757288 ], [ 365378.018911062797997, 6874528.099623513408005 ], [ 365378.22835267271148, 6874528.087853825651109 ], [ 365378.437966830097139, 6874528.079715033061802 ], [ 365378.59039100370137, 6874528.076440535485744 ], [ 365375.608302238106262, 6874528.503728435374796 ] ], [ [ 365373.272408763295971, 6874529.41179181728512 ], [ 365371.827525454456918, 6874530.286273804493248 ], [ 365371.947586671682075, 6874530.202244742773473 ], [ 365372.121506282652263, 6874530.084957657381892 ], [ 365372.297432155290153, 6874529.970701755955815 ], [ 365372.475311414978933, 6874529.859511381015182 ], [ 365372.655090567481238, 6874529.751419969834387 ], [ 365372.836715725017712, 6874529.646459919400513 ], [ 365373.020132329140324, 6874529.544662761501968 ], [ 365373.205285307951272, 6874529.446059060283005 ], [ 365373.272408763295971, 6874529.41179181728512 ] ], [ [ 365537.808830548601691, 6874538.158493002876639 ], [ 365537.885786529106554, 6874538.159179207868874 ], [ 365538.052776773518417, 6874538.163530360907316 ], [ 365538.219667972065508, 6874538.17074191570282 ], [ 365538.386411086947192, 6874538.180811752565205 ], [ 365538.552957187057473, 6874538.193736917339265 ], [ 365538.595400607329793, 6874538.197763472795486 ], [ 365537.808830548601691, 6874538.158493002876639 ] ], [ [ 365537.948193500807974, 6874538.76654755230993 ], [ 365537.95142318442231, 6874538.768601855263114 ], [ 365538.046277631248813, 6874538.831210541538894 ], [ 365538.140061287849676, 6874538.895412155427039 ], [ 365538.232747413974721, 6874538.961188393644989 ], [ 365538.324309492018074, 6874539.028520436957479 ], [ 365538.414721476321574, 6874539.097389131784439 ], [ 365538.503957531473134, 6874539.167774798348546 ], [ 365538.591992302855942, 6874539.239657439291477 ], [ 365538.678800525434781, 6874539.31301642395556 ], [ 365538.764357604668476, 6874539.387830968014896 ], [ 365538.848639052535873, 6874539.464079659432173 ], [ 365538.931620833580382, 6874539.541740753687918 ], [ 365539.013279286795296, 6874539.62079210486263 ], [ 365539.093591141863726, 6874539.701211187057197 ], [ 365539.172533478413243, 6874539.78297504875809 ], [ 365539.25008379353676, 6874539.866060382686555 ], [ 365539.326219958602451, 6874539.950443482026458 ], [ 365539.400920244341251, 6874540.036100261844695 ], [ 365539.474163394421339, 6874540.123006349429488 ], [ 365539.518266493862029, 6874540.177166822366416 ], [ 365537.948193500807974, 6874538.76654755230993 ] ], [ [ 365186.193374601192772, 6874713.425330655649304 ], [ 365186.208630592795089, 6874713.492879653349519 ], [ 365186.225774530670606, 6874713.575313190929592 ], [ 365186.241508557053749, 6874713.658027434721589 ], [ 365186.255828080116771, 6874713.740998246707022 ], [ 365186.268728928174824, 6874713.824201454408467 ], [ 365186.280207338568289, 6874713.907612791284919 ], [ 365186.290259965520818, 6874713.991207944229245 ], [ 365186.298883878625929, 6874714.074962544254959 ], [ 365186.306076564826071, 6874714.158852186053991 ], [ 365186.31183592468733, 6874714.242852381430566 ], [ 365186.31616028182907, 6874714.326938680373132 ], [ 365186.31904837442562, 6874714.411086548119783 ], [ 365186.320499360852409, 6874714.495271463878453 ], [ 365186.320505997457076, 6874714.536794491112232 ], [ 365186.193374601192772, 6874713.425330655649304 ] ], [ [ 365318.106990700820461, 6874601.987951218150556 ], [ 365316.804342111863662, 6874603.336816717870533 ], [ 365316.883191356086172, 6874603.234405336901546 ], [ 365316.966793263040017, 6874603.129575967788696 ], [ 365317.052173919684719, 6874603.026190110482275 ], [ 365317.139308333222289, 6874602.924278029240668 ], [ 365317.228171142865904, 6874602.823869385756552 ], [ 365317.318736304645427, 6874602.724993607029319 ], [ 365317.410977524938062, 6874602.627679400146008 ], [ 365317.504867734503932, 6874602.531955323182046 ], [ 365317.600379666488152, 6874602.437849175184965 ], [ 365317.697485328244511, 6874602.345388537272811 ], [ 365317.796156428230461, 6874602.254600347019732 ], [ 365317.896364198531955, 6874602.165511075407267 ], [ 365317.99807928444352, 6874602.078146819025278 ], [ 365318.101272106461693, 6874601.992532983422279 ], [ 365318.106990700820461, 6874601.987951218150556 ] ], [ [ 365846.999754974793177, 6874007.393534910865128 ], [ 365847.039050885825418, 6874007.425795101560652 ], [ 365846.919238525617402, 6874008.151078428141773 ], [ 365846.921252450381871, 6874008.116764046251774 ], [ 365846.933005062048323, 6874007.962165010161698 ], [ 365846.947422762052156, 6874007.807791694998741 ], [ 365846.964501258276869, 6874007.653690060600638 ], [ 365846.984235469484702, 6874007.49990595318377 ], [ 365846.999754974793177, 6874007.393534910865128 ] ], [ [ 364842.595732934947591, 6873662.380666526965797 ], [ 364842.617068930587266, 6873662.448729884810746 ], [ 364842.67840704054106, 6873662.657033476047218 ], [ 364842.736111639766023, 6873662.866372695192695 ], [ 364842.790165275335312, 6873663.076684223487973 ], [ 364842.84055158222327, 6873663.287904389202595 ], [ 364842.887255301058758, 6873663.499969224445522 ], [ 364842.930262299545575, 6873663.712814561091363 ], [ 364842.969559549994301, 6873663.926375921815634 ], [ 364843.005135165061802, 6873664.140588705427945 ], [ 364843.036978366784751, 6873664.355388015508652 ], [ 364843.065079517895356, 6873664.570708842016757 ], [ 364843.089430112042464, 6873664.786486005410552 ], [ 364843.110022776352707, 6873665.002654174342752 ], [ 364843.126851276902016, 6873665.219147910363972 ], [ 364843.139910518657416, 6873665.43590166606009 ], [ 364843.149196548387408, 6873665.652849825099111 ], [ 364843.154706555069424, 6873665.869926715269685 ], [ 364843.156438870297279, 6873666.087066612206399 ], [ 364843.154392969678156, 6873666.30420378036797 ], [ 364843.148569472890813, 6873666.521272476762533 ], [ 364843.138970142230392, 6873666.738207006826997 ], [ 364843.125597884878516, 6873666.954941670410335 ], [ 364843.11223540653009, 6873667.123691566288471 ], [ 364842.595732934947591, 6873662.380666526965797 ] ] ] ] } }
]
}
