{
"type": "FeatureCollection",
"name": "Buffer",
"crs": { "type": "name", "properties": { "name": "urn:ogc:def:crs:EPSG::31982" } },
"xy_coordinate_resolution": 1e-15,
"features": [
{ "type": "Feature", "properties": { "CD_MUN": "4314100", "NM_MUN": "Passo Fundo", "CD_RGI": "430025", "NM_RGI": "Passo Fundo", "CD_RGINT": "4306", "NM_RGINT": "Passo Fundo", "CD_UF": "43", "NM_UF": "Rio Grande do Sul", "SIGLA_UF": "RS", "CD_REGIA": "4", "NM_REGIA": "Sul", "SIGLA_RG": "S", "CD_CONCU": "4314100", "NM_CONCU": "Passo Fundo", "AREA_KM2": 784.406 }, "geometry": { "type": "MultiPolygon", "coordinates": [ [ [ [ 339835.345223324082326, 6882933.844468683004379 ], [ 339829.325501348590478, 6882938.690768528729677 ], [ 339805.541205051064026, 6882949.501802053302526 ], [ 339801.85197843919741, 6882951.501073054037988 ], [ 339775.205902724701446, 6882968.453289571218193 ], [ 339768.700130476674531, 6882974.046254246495664 ], [ 339758.745393911201973, 6882985.460124830715358 ], [ 339754.247962472378276, 6882992.324426563456655 ], [ 339751.778866753506009, 6883000.150606612674892 ], [ 339749.006083962565754, 6883016.459703614003956 ], [ 339749.193521092587616, 6883027.515887783840299 ], [ 339753.373645792074967, 6883037.753118786029518 ], [ 339762.137797866656911, 6883051.335983951576054 ], [ 339766.768916652072221, 6883056.901795991696417 ], [ 339772.598653259512503, 6883061.195942701771855 ], [ 339786.5562266925117, 6883069.074764555320144 ], [ 339793.662767496425658, 6883071.960368579253554 ], [ 339801.268748780130409, 6883072.949651903472841 ], [ 339839.492121231451165, 6883072.993819403462112 ], [ 339852.465493529045489, 6883073.483773927204311 ], [ 339861.896629017719533, 6883077.893190260976553 ], [ 339872.830325530550908, 6883087.850497808307409 ], [ 339882.589158392569516, 6883104.538714985363185 ], [ 339897.347379047714639, 6883143.297510478645563 ], [ 339899.043376533023547, 6883146.981313519179821 ], [ 339912.265301604522392, 6883171.235406359657645 ], [ 339913.122853238135576, 6883198.160128436051309 ], [ 339906.497205075807869, 6883231.219028518535197 ], [ 339905.939953152730595, 6883238.40333940833807 ], [ 339906.912769231770653, 6883261.024273306131363 ], [ 339908.247734036820475, 6883268.674170813523233 ], [ 339913.972545876225922, 6883287.0146907242015 ], [ 339919.2707346965326, 6883296.924820101819932 ], [ 339931.838914899213705, 6883312.486957336775959 ], [ 339942.151976073335391, 6883320.662423454225063 ], [ 339965.410384398594033, 6883331.873229749500751 ], [ 339974.398104687803425, 6883339.457345421425998 ], [ 340019.682443341705948, 6883393.837028527632356 ], [ 340024.380805738794152, 6883398.369152219034731 ], [ 340092.704516393365338, 6883451.21779852360487 ], [ 340095.158751917362679, 6883452.927642723545432 ], [ 340156.100873800867703, 6883491.018987176939845 ], [ 340193.279124767635949, 6883559.295522988773882 ], [ 340200.354822502704337, 6883598.406996077857912 ], [ 340203.199364613043144, 6883606.791418842040002 ], [ 340223.128060605435167, 6883645.525162376463413 ], [ 340230.925881699251477, 6883655.115431803278625 ], [ 340266.554126716335304, 6883683.963640657253563 ], [ 340274.669770305044949, 6883688.65120776835829 ], [ 340318.766553913999815, 6883705.599615027196705 ], [ 340325.182339416467585, 6883707.280105068348348 ], [ 340361.332713422132656, 6883712.574174583889544 ], [ 340366.951464716577902, 6883712.86381874140352 ], [ 340401.493302020302508, 6883711.398221527226269 ], [ 340413.509479007276241, 6883708.321864509023726 ], [ 340433.886191654135473, 6883698.255038200877607 ], [ 340438.923805571510457, 6883695.110725971870124 ], [ 340455.289851995708887, 6883682.483916467055678 ], [ 340457.077046944061294, 6883682.099502733908594 ], [ 340459.788894629455172, 6883682.684572675265372 ], [ 340477.650570139579941, 6883693.986422185786068 ], [ 340506.780919733282644, 6883718.498628125526011 ], [ 340534.040848809585441, 6883741.768340973183513 ], [ 340551.562631491222419, 6883767.205672693438828 ], [ 340589.853977709775791, 6883865.464907455258071 ], [ 340592.717825066880323, 6883871.020588284358382 ], [ 340637.321083784801885, 6883939.052486782893538 ], [ 340641.295577991520986, 6883943.915582287125289 ], [ 340688.917191565327812, 6883991.095593230798841 ], [ 340727.038955716590863, 6884040.951032742857933 ], [ 340732.884662025899161, 6884046.739135202951729 ], [ 340799.554822753416374, 6884096.679801226593554 ], [ 340799.599187776853796, 6884096.712969870306551 ], [ 340831.67069584451383, 6884120.644479501061141 ], [ 340843.356666649982799, 6884135.991263937205076 ], [ 340846.824075762939174, 6884139.812434583902359 ], [ 340862.608555961109232, 6884154.452243743464351 ], [ 340872.191599681566004, 6884160.438253689557314 ], [ 340883.309145783423446, 6884162.454986369237304 ], [ 340904.192941775661893, 6884162.246181759983301 ], [ 340916.227142130490392, 6884159.594875782728195 ], [ 340933.815717876248527, 6884151.662072658538818 ], [ 340941.3974828007631, 6884146.750493312254548 ], [ 340947.173389408097137, 6884139.804582723416388 ], [ 340954.36496097460622, 6884127.87637060880661 ], [ 340956.65741247497499, 6884123.197825212031603 ], [ 340962.197803864546586, 6884108.856740061193705 ], [ 340968.780399111798033, 6884099.38369111251086 ], [ 340974.149501684121788, 6884097.327512972056866 ], [ 340982.505606360093225, 6884096.759062431752682 ], [ 340990.033063401235268, 6884098.712686232291162 ], [ 340990.224020308582112, 6884099.492811976000667 ], [ 340989.137026036623865, 6884113.540606733411551 ], [ 340983.458613034337759, 6884150.832875045947731 ], [ 340983.183057970367372, 6884157.342161144129932 ], [ 340985.490529866714496, 6884191.993772914633155 ], [ 340986.196275750757195, 6884196.76259624492377 ], [ 340992.445986738952342, 6884223.775739015080035 ], [ 340995.558010500855744, 6884231.77700867690146 ], [ 341000.808784576889593, 6884238.569238038733602 ], [ 341022.471009162429255, 6884259.537584104575217 ], [ 341028.347069771436509, 6884263.969009443186224 ], [ 341051.39834795135539, 6884277.264782861806452 ], [ 341057.533891458646394, 6884279.941550371237099 ], [ 341084.200612538377754, 6884288.178253258578479 ], [ 341092.895320891926531, 6884292.725021549500525 ], [ 341094.591017686761916, 6884296.799263724125922 ], [ 341094.44033009064151, 6884308.103276847861707 ], [ 341091.268638000939973, 6884318.83968579210341 ], [ 341086.157775098166894, 6884325.892521335743368 ], [ 341067.322684368351474, 6884332.896807472221553 ], [ 341023.105545071535744, 6884340.45208599511534 ], [ 341017.146209249971434, 6884342.117726069875062 ], [ 340988.867349640117027, 6884353.277083668857813 ], [ 340984.283449811686296, 6884355.55546834692359 ], [ 340968.816003263869788, 6884364.968473100103438 ], [ 340962.729819437139668, 6884369.862293402664363 ], [ 340958.112994102120865, 6884376.161184936761856 ], [ 340950.250939317629673, 6884390.485326581634581 ], [ 340946.982388924574479, 6884399.84484862908721 ], [ 340946.942753780109342, 6884409.758601889014244 ], [ 340950.093727614497766, 6884429.039359217509627 ], [ 340953.130007490923163, 6884438.128608251921833 ], [ 340962.267599039245397, 6884455.560928932391107 ], [ 340966.972904040769208, 6884462.173141154460609 ], [ 340989.344013709458522, 6884485.988020342774689 ], [ 340998.92539310985012, 6884492.817605793476105 ], [ 341057.544938820647076, 6884519.127717107534409 ], [ 341106.182453938468825, 6884563.687910476699471 ], [ 341107.177998490922619, 6884564.560388368554413 ], [ 341161.9723158958368, 6884610.483817078173161 ], [ 341168.869778883410618, 6884614.820980831980705 ], [ 341221.405648517771624, 6884638.605074159801006 ], [ 341229.878972719481681, 6884641.020822841674089 ], [ 341266.299252304947004, 6884645.795267380774021 ], [ 341281.156649813172407, 6884652.523320611566305 ], [ 341287.727998901507817, 6884661.735027342103422 ], [ 341300.041849177563563, 6884725.696438965387642 ], [ 341304.215576946560759, 6884736.169748264364898 ], [ 341323.42035242082784, 6884766.24752885196358 ], [ 341328.744423117837869, 6884772.498059129342437 ], [ 341350.64359075028915, 6884792.017090859822929 ], [ 341358.436798979935702, 6884797.043307216838002 ], [ 341367.392688422754873, 6884799.449339149519801 ], [ 341387.823118366475683, 6884801.649498312734067 ], [ 341398.209564791584853, 6884800.951483684591949 ], [ 341420.451215939538088, 6884795.473588463850319 ], [ 341423.799737883033231, 6884794.438012337312102 ], [ 341470.91592717578169, 6884776.790236740373075 ], [ 341475.173761817102786, 6884774.802453001961112 ], [ 341500.073907750018407, 6884760.704605643637478 ], [ 341505.930398442607839, 6884756.372455190867186 ], [ 341510.570076259027701, 6884750.756460128352046 ], [ 341522.757557503005955, 6884731.690947294235229 ], [ 341525.512458399636671, 6884726.220386700704694 ], [ 341541.060449762735516, 6884685.440146719105542 ], [ 341544.808125636423938, 6884679.89295197557658 ], [ 341545.084853574400768, 6884679.694574909284711 ], [ 341545.583767169446219, 6884679.645583516918123 ], [ 341551.370661761087831, 6884680.832441747188568 ], [ 341589.031343474984169, 6884694.963893485255539 ], [ 341598.267871258722153, 6884696.847846854478121 ], [ 341662.153405003424268, 6884699.624933253973722 ], [ 341667.839399510936346, 6884699.331312525086105 ], [ 341745.566980499133933, 6884687.851782917045057 ], [ 341755.20771563006565, 6884684.694098371081054 ], [ 341831.64982806664193, 6884644.271838457323611 ], [ 341869.455043936497532, 6884635.341527079232037 ], [ 341911.209249409788754, 6884637.499031704850495 ], [ 341952.036394892667886, 6884640.771601917222142 ], [ 341984.524945536162704, 6884650.454195860773325 ], [ 342017.065007898956537, 6884679.435882000252604 ], [ 342048.182753278815653, 6884722.846239580772817 ], [ 342050.555098756565712, 6884725.753030072897673 ], [ 342087.52723816112848, 6884765.67307616584003 ], [ 342096.187969540187623, 6884772.154250678606331 ], [ 342141.923527955368627, 6884794.879908774979413 ], [ 342149.127668616478331, 6884797.377596510574222 ], [ 342191.240337016992271, 6884806.191191568039358 ], [ 342207.791084234020673, 6884812.206080671399832 ], [ 342220.757361178519204, 6884822.762786017730832 ], [ 342233.547646997321863, 6884840.013520101085305 ], [ 342239.317876471730415, 6884858.158384145237505 ], [ 342240.339171968458686, 6884907.940007025375962 ], [ 342223.980371616780758, 6885012.832859505899251 ], [ 342223.674815206264611, 6885019.234129135496914 ], [ 342227.160977016959805, 6885077.937968603335321 ], [ 342227.661295729980338, 6885081.893541489727795 ], [ 342231.652999319892842, 6885102.39288445468992 ], [ 342234.614360648207366, 6885110.748416776768863 ], [ 342243.757578170392662, 6885127.935865186154842 ], [ 342252.108843825524673, 6885137.745015514083207 ], [ 342268.563273964799009, 6885150.230615225620568 ], [ 342273.435913445719052, 6885153.241561487317085 ], [ 342289.957650794123765, 6885161.383833397179842 ], [ 342291.863182315137237, 6885162.241776708513498 ], [ 342310.093312003067695, 6885169.697363437153399 ], [ 342316.966689994209446, 6885171.592976611107588 ], [ 342334.406027795746922, 6885174.228434876538813 ], [ 342345.545124185329769, 6885173.817472729831934 ], [ 342363.495693905453663, 6885169.73281676042825 ], [ 342367.681702193745878, 6885168.452773169614375 ], [ 342383.495422245352529, 6885162.323183097876608 ], [ 342396.280744461633731, 6885159.546191804111004 ], [ 342406.477598890312947, 6885159.946286883205175 ], [ 342425.932063344633207, 6885167.09740156121552 ], [ 342448.399151056306437, 6885181.877306406386197 ], [ 342449.10618413524935, 6885182.328393834643066 ], [ 342516.994639807962812, 6885224.317733877338469 ], [ 342522.994836589379702, 6885227.164529029279947 ], [ 342549.894069849804509, 6885236.440878666006029 ], [ 342555.922917284362484, 6885237.844436500221491 ], [ 342581.458260929037351, 6885241.062965845689178 ], [ 342591.226765436993446, 6885240.688880376517773 ], [ 342617.720947400084697, 6885235.264886324293911 ], [ 342625.349817570473533, 6885232.591361115686595 ], [ 342648.361946731107309, 6885220.837795280851424 ], [ 342652.866401770210359, 6885218.007478629238904 ], [ 342763.515060577599797, 6885133.930939552374184 ], [ 342827.95362747105537, 6885099.378850873559713 ], [ 342828.957289524492808, 6885098.815636159852147 ], [ 342873.629817395238206, 6885072.608021381311119 ], [ 342911.305397015821654, 6885062.322895522229373 ], [ 342935.568810364813544, 6885065.033920470625162 ], [ 342983.776777549472172, 6885076.233609640039504 ], [ 343030.322928285109811, 6885096.881903723813593 ], [ 343034.98232204769738, 6885098.504983296617866 ], [ 343055.588329174206592, 6885103.829689902253449 ], [ 343064.486552284739446, 6885104.751428877934813 ], [ 343084.742865760752466, 6885103.81011894159019 ], [ 343095.332231793436222, 6885101.345778061076999 ], [ 343126.55442433571443, 6885087.743670257739723 ], [ 343127.875822308589704, 6885096.531031078658998 ], [ 343127.862562051857822, 6885107.855655560269952 ], [ 343114.003301884513348, 6885153.406146796420217 ], [ 343113.287696790532209, 6885156.250702023506165 ], [ 343109.639500791730825, 6885174.477050471119583 ], [ 343109.983255334256683, 6885187.766075219959021 ], [ 343114.036711013468448, 6885203.688942492939532 ], [ 343118.268579033901915, 6885213.108472985215485 ], [ 343125.443713220651262, 6885220.535027437843382 ], [ 343143.598447182564996, 6885233.762064347974956 ], [ 343152.019126829516608, 6885238.054927068762481 ], [ 343173.66405964520527, 6885245.066468890756369 ], [ 343177.32611636724323, 6885246.002442489378154 ], [ 343228.620137748424895, 6885255.718015925958753 ], [ 343301.131878593121655, 6885272.416488143615425 ], [ 343311.405288979411125, 6885272.971948942169547 ], [ 343351.027914771519136, 6885268.262200712226331 ], [ 343359.578820658614859, 6885267.539301712997258 ], [ 343358.433002268779092, 6885286.18058755621314 ], [ 343354.365497586724814, 6885304.406163092702627 ], [ 343344.470985196530819, 6885318.484390201978385 ], [ 343322.676357373653445, 6885334.792395401746035 ], [ 343291.582566060184035, 6885348.341731823980808 ], [ 343282.239824021002278, 6885354.745291461236775 ], [ 343250.248646077583544, 6885387.082668421790004 ], [ 343221.766828496707603, 6885413.708537649363279 ], [ 343215.628700218163431, 6885421.80006546434015 ], [ 343199.010264050215483, 6885453.80822691693902 ], [ 343195.835175383253954, 6885464.176812916994095 ], [ 343193.552871197578497, 6885483.861805610358715 ], [ 343194.209185442538001, 6885494.431937725283206 ], [ 343198.497446763794869, 6885504.115390423685312 ], [ 343204.558026398997754, 6885513.082895845174789 ], [ 343210.875127577921376, 6885519.870772550813854 ], [ 343218.963313716812991, 6885524.405337849631906 ], [ 343229.04129504977027, 6885528.150592854246497 ], [ 343238.707445275329519, 6885530.019405549392104 ], [ 343256.598287560162134, 6885530.487328356131911 ], [ 343265.095136545307469, 6885529.489264260046184 ], [ 343298.678553072793875, 6885520.555263872258365 ], [ 343300.489746224717237, 6885520.011773262172937 ], [ 343326.049899641773663, 6885511.454928586259484 ], [ 343342.496098410570994, 6885511.671016888692975 ], [ 343348.089151308056898, 6885514.92366461455822 ], [ 343355.50455912493635, 6885524.954986938275397 ], [ 343362.756362628948409, 6885539.14221450034529 ], [ 343365.957533919019625, 6885556.804916562512517 ], [ 343369.052654843661003, 6885637.436201786622405 ], [ 343369.408891488681547, 6885641.034756270237267 ], [ 343377.289615527784918, 6885690.187434198334813 ], [ 343378.389365291572176, 6885694.738638151437044 ], [ 343390.674209374177735, 6885732.412715330719948 ], [ 343393.799491897691041, 6885739.081254188902676 ], [ 343398.455255785258487, 6885744.787449417635798 ], [ 343417.818481046124361, 6885763.315997595898807 ], [ 343425.684135429677553, 6885768.737417358905077 ], [ 343448.566297125187702, 6885779.610098189674318 ], [ 343452.345119620556943, 6885781.101127384230494 ], [ 343493.575575334427413, 6885794.220389329828322 ], [ 343508.523906041809823, 6885802.595354563556612 ], [ 343519.882512051670346, 6885817.079239583574235 ], [ 343544.377603177155834, 6885864.012491635046899 ], [ 343548.781223693513311, 6885870.318846737034619 ], [ 343554.643648970581125, 6885875.298199928365648 ], [ 343579.588036821049172, 6885891.483787697739899 ], [ 343586.396014257043134, 6885894.766336216591299 ], [ 343614.826693593699019, 6885904.281866519711912 ], [ 343620.342840418394189, 6885905.564387857913971 ], [ 343671.177287608908955, 6885912.412908079102635 ], [ 343744.179817795346025, 6885946.158230417408049 ], [ 343748.2873404083075, 6885947.703309770673513 ], [ 343902.464886696427129, 6885993.137987987138331 ], [ 343985.536874733865261, 6886037.361132700927556 ], [ 344057.428869978815783, 6886100.939270288683474 ], [ 344125.743299169291276, 6886223.388563057407737 ], [ 344127.662930234975647, 6886226.394271592609584 ], [ 344198.026628360617906, 6886323.339438178576529 ], [ 344228.015288976021111, 6886373.851208200678229 ], [ 344240.435054739646148, 6886438.604598199948668 ], [ 344240.111902076168917, 6886494.817843959666789 ], [ 344240.691448116034735, 6886500.861081726849079 ], [ 344250.695448862912599, 6886550.993652241304517 ], [ 344252.812115804408677, 6886557.553893401287496 ], [ 344270.211721578612924, 6886595.770103092305362 ], [ 344275.469045087753329, 6886603.685465143062174 ], [ 344298.670227055437863, 6886628.824700430035591 ], [ 344336.256201465439517, 6886703.474367093294859 ], [ 344337.780204331094865, 6886706.149833307601511 ], [ 344348.639799914613832, 6886723.125053481198847 ], [ 344356.01203491538763, 6886731.033678021281958 ], [ 344372.473991223843768, 6886743.272385695949197 ], [ 344375.558882291486952, 6886745.284166310913861 ], [ 344411.951237466477323, 6886765.950210460461676 ], [ 344421.113015853334218, 6886769.325707136653364 ], [ 344438.280608191969804, 6886772.619244514964521 ], [ 344439.881640749517828, 6886778.484642187133431 ], [ 344444.251446411188226, 6886813.450713316909969 ], [ 344445.000318916398101, 6886817.337370132096112 ], [ 344450.690167202847078, 6886839.043573564849794 ], [ 344453.033004870812874, 6886845.160823645070195 ], [ 344456.769580479245633, 6886852.423904020339251 ], [ 344463.486709953227546, 6886861.096506280824542 ], [ 344468.963675664155744, 6886865.977482998743653 ], [ 344478.349992605042644, 6886871.655733238905668 ], [ 344489.150138787052128, 6886873.579873035661876 ], [ 344500.448564737511333, 6886873.494429410435259 ], [ 344507.314347752020694, 6886872.644803889095783 ], [ 344519.504986312706023, 6886869.678582223132253 ], [ 344520.702930446655955, 6886869.360750484280288 ], [ 344561.193004589877091, 6886857.717769631184638 ], [ 344569.364034591591917, 6886856.964657496660948 ], [ 344576.694177142286208, 6886858.768518250435591 ], [ 344605.655544519482646, 6886873.299269827082753 ], [ 344611.36375203425996, 6886875.467961179092526 ], [ 344657.830812340544071, 6886887.885612663812935 ], [ 344696.717643294599839, 6886903.487395020201802 ], [ 344713.067153315700125, 6886921.761278368532658 ], [ 344726.829839699959848, 6886950.992173829115927 ], [ 344753.563979387807194, 6887023.226895584724844 ], [ 344754.162322363990825, 6887024.719437703490257 ], [ 344794.723014694580343, 6887118.535000059753656 ], [ 344796.094330169958994, 6887121.305473343469203 ], [ 344833.587623471627012, 6887188.151815718971193 ], [ 344834.814715432992671, 6887190.151981079950929 ], [ 344872.445859356143046, 6887246.4277856182307 ], [ 344879.160453146672808, 6887253.582511305809021 ], [ 344918.219227882043924, 6887283.451202551834285 ], [ 344943.057081573817413, 6887315.770449489355087 ], [ 344944.590656551648863, 6887317.609154796227813 ], [ 344972.744754212209955, 6887348.749500939622521 ], [ 344977.438557012355886, 6887352.954260295256972 ], [ 344999.824125023500528, 6887369.114391466602683 ], [ 345001.510185500432272, 6887370.2467639176175 ], [ 345023.155755936459173, 6887383.743955293670297 ], [ 345030.521615853300318, 6887389.352644682861865 ], [ 345036.043463273323141, 6887402.265948051586747 ], [ 345037.073113608232234, 6887423.601002657786012 ], [ 345036.462836022139527, 6887443.303161310963333 ], [ 345031.355044524010736, 6887464.225997249595821 ], [ 345030.87904741440434, 6887476.099902495741844 ], [ 345035.214819312503096, 6887503.085310588590801 ], [ 345037.558244154439308, 6887510.815506959334016 ], [ 345055.788408760505263, 6887550.630304174497724 ], [ 345071.256854795268737, 6887617.146060133352876 ], [ 345072.459015341999475, 6887621.073917442001402 ], [ 345085.322818558081053, 6887654.685347201302648 ], [ 345090.820144658500794, 6887726.386075322516263 ], [ 345091.243047769297846, 6887729.604561118409038 ], [ 345094.035763651074376, 6887744.546003552153707 ], [ 345096.795615463517606, 6887752.655300983227789 ], [ 345101.734734330617357, 6887759.654057419858873 ], [ 345111.406890773389023, 6887769.87521905824542 ], [ 345117.935393481107894, 6887775.083119143731892 ], [ 345125.646579380263574, 6887778.289547518827021 ], [ 345168.526546390959993, 6887789.440914618782699 ], [ 345184.175662676629145, 6887798.367653032764792 ], [ 345196.770805084961466, 6887812.30009660217911 ], [ 345240.244460419460665, 6887907.305396293289959 ], [ 345250.386645167076495, 6887931.514930085279047 ], [ 345252.548813509463798, 6887935.713902255520225 ], [ 345258.39964024774963, 6887945.165056887082756 ], [ 345263.604214309481904, 6887951.45990211237222 ], [ 345270.769378973986022, 6887958.046792286448181 ], [ 345280.418476440419909, 6887964.005503829568624 ], [ 345291.590067290351726, 6887965.956627367064357 ], [ 345307.36207771091722, 6887965.684549564495683 ], [ 345317.41974695288809, 6887963.763324392959476 ], [ 345338.409312748757657, 6887955.856914486736059 ], [ 345345.257983331743162, 6887952.204145897179842 ], [ 345410.561679759761319, 6887905.612600978463888 ], [ 345417.035005110257771, 6887903.385070046409965 ], [ 345424.307173221895937, 6887905.122385194525123 ], [ 345459.767552183417138, 6887922.894762899726629 ], [ 345494.741020462417509, 6887955.194282660260797 ], [ 345561.007250844209921, 6888035.756363328546286 ], [ 345565.053907144232653, 6888039.814353016205132 ], [ 345616.888761343085207, 6888082.694657462649047 ], [ 345644.319784229679499, 6888111.175821547396481 ], [ 345646.531388917937875, 6888113.251105330884457 ], [ 345663.820094183960464, 6888127.903280993923545 ], [ 345676.246303267776966, 6888134.195975548587739 ], [ 345695.374903615680523, 6888138.765221972949803 ], [ 345707.940102960972581, 6888139.059748239815235 ], [ 345734.010103582055308, 6888134.110686309635639 ], [ 345739.801594785007183, 6888132.392134951427579 ], [ 345765.936351393116638, 6888121.670188740827143 ], [ 345773.495499644137453, 6888117.175725110806525 ], [ 345821.238010337983724, 6888078.289289960637689 ], [ 345897.934144888771698, 6888037.23976213671267 ], [ 345977.808723234396894, 6888005.252028177492321 ], [ 345978.00953752535861, 6888005.170764609239995 ], [ 346095.048876631830353, 6887957.315925817005336 ], [ 346166.088922686700244, 6887949.137849394232035 ], [ 346170.987907428992912, 6887948.155034261755645 ], [ 346226.301246240444016, 6887932.16790362726897 ], [ 346297.593723128025886, 6887922.018755543977022 ], [ 346391.385166186431888, 6887914.657638115808368 ], [ 346401.094690243480727, 6887912.220194079913199 ], [ 346460.750113466987386, 6887886.037466029636562 ], [ 346547.521819785237312, 6887862.771349999122322 ], [ 346556.306661956012249, 6887858.813977821730077 ], [ 346612.953430801397189, 6887821.332678954117 ], [ 346684.747383419133257, 6887787.626736351288855 ], [ 346687.434538485307712, 6887786.194445049390197 ], [ 346759.610448838036973, 6887742.882847834378481 ], [ 346767.59394760534633, 6887735.907494361512363 ], [ 346796.409991733264178, 6887699.911487354896963 ], [ 346810.314360667311121, 6887690.424911803565919 ], [ 346833.152691794384737, 6887688.034079424105585 ], [ 346860.96705646062037, 6887693.391443113796413 ], [ 346931.918310741544701, 6887736.095323036424816 ], [ 346937.187822166422848, 6887738.604307577013969 ], [ 346992.351076698920224, 6887758.549734921194613 ], [ 347002.167327783012297, 6887760.334799271076918 ], [ 347030.299588587018661, 6887760.695444400422275 ], [ 347036.915449651365634, 6887760.043621921911836 ], [ 347054.122379972424824, 6887756.389881709590554 ], [ 347063.258290882280562, 6887768.175667837262154 ], [ 347084.63351254502777, 6887806.828220126219094 ], [ 347089.538732348941267, 6887813.387760708108544 ], [ 347109.740808731294237, 6887833.84872271399945 ], [ 347116.733308337978087, 6887839.113450804725289 ], [ 347143.826549345569219, 6887853.877922964282334 ], [ 347149.80289714736864, 6887856.341597411781549 ], [ 347195.29526624258142, 6887869.574188064783812 ], [ 347265.425607620854862, 6887906.594503712840378 ], [ 347272.010208276915364, 6887909.131915886886418 ], [ 347307.703710902133025, 6887918.243522641249001 ], [ 347313.200704416667577, 6887919.113961330614984 ], [ 347350.679632114071865, 6887921.521637189202011 ], [ 347359.596364741912112, 6887920.756819046102464 ], [ 347401.508194419089705, 6887910.709701894782484 ], [ 347409.531617448315956, 6887907.507231892086565 ], [ 347440.451716195559129, 6887889.628677809610963 ], [ 347444.244682329765055, 6887887.028366449289024 ], [ 347505.033718754537404, 6887838.102403745055199 ], [ 347581.256267712975387, 6887780.717231623828411 ], [ 347583.3281886955956, 6887779.006764518097043 ], [ 347618.080096848600078, 6887747.597455250099301 ], [ 347655.813436656841077, 6887732.823737372644246 ], [ 347656.387950711417943, 6887732.591928625479341 ], [ 347699.813898513151798, 6887714.546546269208193 ], [ 347739.110598013503477, 6887709.520765110850334 ], [ 347757.99518698308384, 6887712.866673327982426 ], [ 347767.238518780795857, 6887713.057594661600888 ], [ 347793.288113560993224, 6887709.544508433900774 ], [ 347795.655089200590737, 6887709.1281578252092 ], [ 347814.471595430281013, 6887705.035171329975128 ], [ 347825.459883313800674, 6887700.184181740507483 ], [ 347856.873564197390806, 6887677.885969085618854 ], [ 347873.095735328912269, 6887672.791678611189127 ], [ 347887.67142577515915, 6887671.189134954474866 ], [ 347896.780405095254537, 6887673.879946197383106 ], [ 347906.618000212940387, 6887681.588561194948852 ], [ 347915.391795972653199, 6887686.352992669679224 ], [ 347925.243211398483254, 6887687.974385102279484 ], [ 347935.081155171676073, 6887686.273161535151303 ], [ 347943.816028023429681, 6887681.437740604393184 ], [ 347950.480401058739517, 6887674.003668277524412 ], [ 348044.364743099489715, 6887525.473433737643063 ], [ 348049.069089614436962, 6887554.604791456833482 ], [ 348050.830482271499932, 6887560.96229485142976 ], [ 348059.913561471214052, 6887583.673671494238079 ], [ 348059.944337945838924, 6887583.750318954698741 ], [ 348073.581881445541512, 6887617.579272322356701 ], [ 348075.290665740380064, 6887621.126872168853879 ], [ 348093.64168785471702, 6887653.586247875355184 ], [ 348094.496355034119915, 6887655.005076967179775 ], [ 348117.480328998528421, 6887690.881151551380754 ], [ 348122.386890461551957, 6887696.736722924746573 ], [ 348168.31581875286065, 6887739.154777514748275 ], [ 348174.854567724920344, 6887743.745556835085154 ], [ 348209.99979548441479, 6887761.978838302195072 ], [ 348214.354805019858759, 6887763.818551299162209 ], [ 348247.470012925507035, 6887774.822764155454934 ], [ 348251.782170543214306, 6887775.908422894775867 ], [ 348329.193056467862334, 6887789.392725683748722 ], [ 348333.236340624862351, 6887789.817407496273518 ], [ 348392.890892172174063, 6887792.016042612493038 ], [ 348399.45840203971602, 6887791.534876374527812 ], [ 348445.603485141356941, 6887782.9896544162184 ], [ 348448.037662881193683, 6887782.43320847209543 ], [ 348501.943479532550555, 6887767.72515425644815 ], [ 348508.170489656040445, 6887765.250446032732725 ], [ 348543.363550058100373, 6887746.470365319401026 ], [ 348551.436629071075004, 6887740.184718944132328 ], [ 348587.528541940904688, 6887700.488984749652445 ], [ 348655.299708283506334, 6887658.398944505490363 ], [ 348655.500975857430603, 6887658.272838270291686 ], [ 348756.922751238569617, 6887594.165512626990676 ], [ 348762.674281987594441, 6887589.436950700357556 ], [ 348849.083539469866082, 6887498.21001604013145 ], [ 348850.650504273944534, 6887496.418380114249885 ], [ 348932.072608820453752, 6887395.508789050392807 ], [ 348936.977259840175975, 6887386.760567610152066 ], [ 348977.190007087192498, 6887274.169206468388438 ], [ 349039.244467095995788, 6887184.518659670837224 ], [ 349150.14016203203937, 6887077.336140907369554 ], [ 349259.421439835859928, 6886988.169136092066765 ], [ 349259.84832827775972, 6886987.814190550707281 ], [ 349362.974821299954783, 6886900.440956765785813 ], [ 349468.904215726652183, 6886838.704630166292191 ], [ 349473.063683775719255, 6886835.781931078061461 ], [ 349509.252613337594084, 6886805.464660810306668 ], [ 349515.929236396215856, 6886797.534937121905386 ], [ 349540.330116410215851, 6886755.521721654571593 ], [ 349543.561924169072881, 6886747.446772268041968 ], [ 349565.160757296835072, 6886657.325706258416176 ], [ 349565.552540141623467, 6886655.42042557708919 ], [ 349576.827933035034221, 6886589.883471606299281 ], [ 349607.098420895519666, 6886559.367090346291661 ], [ 349648.826795530389063, 6886543.270842733792961 ], [ 349714.928464369324502, 6886544.103877197019756 ], [ 349832.347576648229733, 6886556.787829115055501 ], [ 349935.678905143169686, 6886582.603417462669313 ], [ 350069.514369449345395, 6886616.476770156063139 ], [ 350216.795776639366522, 6886677.164053795859218 ], [ 350218.782673533947673, 6886677.901781128719449 ], [ 350338.975164597097319, 6886717.757422962225974 ], [ 350554.17164578428492, 6886795.340116412378848 ], [ 350558.091361133614555, 6886796.458876043558121 ], [ 350658.969069558777846, 6886817.964039956219494 ], [ 350737.205442928010598, 6886862.522945294156671 ], [ 350843.543914004229009, 6886978.075077340006828 ], [ 350909.258378069498576, 6887075.154459097422659 ], [ 350915.488736689265352, 6887081.865367381833494 ], [ 350974.154916845960543, 6887128.276711017824709 ], [ 350981.329580005956814, 6887132.482757719233632 ], [ 350989.383301615715027, 6887134.557411557994783 ], [ 351088.178516273503192, 6887145.775231802836061 ], [ 351154.085540986445267, 6887182.240991846658289 ], [ 351162.695494945335668, 6887185.402399905957282 ], [ 351193.307712509937119, 6887191.557756431400776 ], [ 351202.3185269847163, 6887191.986155476421118 ], [ 351211.0493161927443, 6887189.716436761431396 ], [ 351257.276621430879459, 6887169.884611741639674 ], [ 351277.6315765081672, 6887170.441893282346427 ], [ 351314.093634703953285, 6887184.101362154819071 ], [ 351316.789152150449809, 6887184.968463786877692 ], [ 351382.564443705021404, 6887202.749446338973939 ], [ 351437.264335837913677, 6887223.16006039455533 ], [ 351443.436816409463063, 6887224.741027452982962 ], [ 351501.301402524055447, 6887233.151987917721272 ], [ 351508.353985730966087, 6887233.338840761221945 ], [ 351563.832373144745361, 6887228.255687904544175 ], [ 351571.712489608849864, 6887226.439182424917817 ], [ 351578.821125119749922, 6887222.583896595984697 ], [ 351599.471894661081024, 6887207.459548279643059 ], [ 351605.947552636556793, 6887200.984404129907489 ], [ 351629.954900771263056, 6887168.210251731798053 ], [ 351640.732468640198931, 6887163.275198644958436 ], [ 351645.437967924692202, 6887164.171219144947827 ], [ 351656.480300615192391, 6887183.087249930016696 ], [ 351671.00413046363974, 6887231.765360117889941 ], [ 351674.460791392193642, 6887239.32384882401675 ], [ 351719.614967692701612, 6887310.097953039221466 ], [ 351725.135350187425502, 6887316.52588411886245 ], [ 351732.232835820235778, 6887321.153909457847476 ], [ 351791.568328226392623, 6887348.808207074180245 ], [ 351793.332256547175348, 6887349.562636576592922 ], [ 351859.508295813458972, 6887375.395517574623227 ], [ 351865.136471192468889, 6887376.980860543437302 ], [ 351896.100926508021075, 6887382.518172659911215 ], [ 351904.862193995038979, 6887382.784110037609935 ], [ 351913.326365910063032, 6887380.506320657208562 ], [ 351946.414108472061343, 6887366.145226357504725 ], [ 351950.975529192830436, 6887363.676683772355318 ], [ 351984.594580875418615, 6887341.525607840158045 ], [ 352020.284983151592314, 6887334.880503595806658 ], [ 352088.900887138850521, 6887331.233094705268741 ], [ 352148.819904051662888, 6887339.194295817054808 ], [ 352205.399545852385927, 6887351.244072806090117 ], [ 352279.257442126981914, 6887379.131371985189617 ], [ 352299.053001796652097, 6887387.24479397945106 ], [ 352316.310100718867034, 6887401.039504012092948 ], [ 352367.963235013361555, 6887465.46774638351053 ], [ 352369.907205776718911, 6887467.663369375281036 ], [ 352395.585574538563378, 6887493.956153227947652 ], [ 352404.583038591139484, 6887500.282984993420541 ], [ 352426.201008831674699, 6887510.158048245124519 ], [ 352438.295095768058673, 6887512.867971875704825 ], [ 352461.731139313837048, 6887513.157772962003946 ], [ 352472.580024608643726, 6887511.270787841640413 ], [ 352511.0132837856072, 6887496.94523651432246 ], [ 352528.531710157636553, 6887497.161758854985237 ], [ 352530.739247826510109, 6887498.711537714116275 ], [ 352539.479186255251989, 6887510.850166054442525 ], [ 352560.015847131202463, 6887546.354384367354214 ], [ 352563.888507727067918, 6887551.625458928756416 ], [ 352578.186365323665086, 6887567.194343540817499 ], [ 352584.078037862316705, 6887572.149464290589094 ], [ 352591.036763591167983, 6887575.442056456580758 ], [ 352624.999504122592043, 6887586.444409067742527 ], [ 352629.157745801087003, 6887587.470126872882247 ], [ 352670.326941149192862, 6887594.554095309227705 ], [ 352711.895152570388746, 6887604.474990719929338 ], [ 352718.489318225707393, 6887605.292273428291082 ], [ 352764.094632167834789, 6887605.855078581720591 ], [ 352765.515568444563542, 6887605.838956150226295 ], [ 352863.040687136701308, 6887602.42107087559998 ], [ 352886.451979084929917, 6887607.875552909448743 ], [ 352895.423212519672234, 6887615.993815968744457 ], [ 352900.339037832396571, 6887626.941464710980654 ], [ 352904.864444373815786, 6887655.289432932622731 ], [ 352907.623873100499623, 6887663.91109605692327 ], [ 352917.603117990249302, 6887683.991894486360252 ], [ 352923.306081217015162, 6887691.90476640034467 ], [ 353020.161915904143825, 6887788.299240035936236 ], [ 353028.734558575088158, 6887794.265868505463004 ], [ 353038.833243747474626, 6887796.931842144578695 ], [ 353059.275696524942759, 6887798.635246994905174 ], [ 353067.501904768927488, 6887798.1855787364766 ], [ 353075.295610284374561, 6887795.51521210372448 ], [ 353095.276142312795855, 6887785.420056108385324 ], [ 353096.464441509160679, 6887785.546154489740729 ], [ 353111.689547273213975, 6887800.596241990104318 ], [ 353113.350176840205677, 6887803.831565872766078 ], [ 353113.624620830232743, 6887806.618748598732054 ], [ 353108.953270701225847, 6887826.171617739833891 ], [ 353108.232213800947648, 6887835.591525699943304 ], [ 353110.085559381928761, 6887858.220605932176113 ], [ 353114.162290216074325, 6887871.041502662934363 ], [ 353134.208725983684417, 6887904.942708942107856 ], [ 353138.164176163030788, 6887910.210834007710218 ], [ 353164.666331495391205, 6887938.429036747664213 ], [ 353166.970007161959074, 6887940.634285603649914 ], [ 353185.109900875773747, 6887956.238551410846412 ], [ 353188.573037900263444, 6887958.808710727840662 ], [ 353214.794868896016851, 6887975.487512870691717 ], [ 353221.482033129665069, 6887978.659013400785625 ], [ 353259.26938559388509, 6887991.147089443169534 ], [ 353266.73562092584325, 6887992.59904772695154 ], [ 353307.687056252150796, 6887995.263088589534163 ], [ 353315.0832680130261, 6887998.14517636410892 ], [ 353364.06887978699524, 6888048.772747796028852 ], [ 353411.029061921231914, 6888120.99926792178303 ], [ 353420.377028576331213, 6888130.146571946330369 ], [ 353465.55704078450799, 6888158.146141584962606 ], [ 353480.265967911924236, 6888175.153334327973425 ], [ 353482.312719397363253, 6888210.94576189853251 ], [ 353466.060980987967923, 6888319.218567079864442 ], [ 353465.753336467489135, 6888324.888799953274429 ], [ 353468.371121516509447, 6888389.359736337326467 ], [ 353471.337144331540912, 6888401.200140153057873 ], [ 353501.269146622275002, 6888463.114001962356269 ], [ 353505.992071685497649, 6888470.139268958941102 ], [ 353548.057970930472948, 6888516.820800324901938 ], [ 353549.558983038179576, 6888518.370614934712648 ], [ 353614.442458635661751, 6888580.712855186313391 ], [ 353618.934877561405301, 6888584.27034102100879 ], [ 353655.311992759932764, 6888607.799015705473721 ], [ 353663.723182282759808, 6888611.555051680654287 ], [ 353699.307223960582633, 6888621.244218833744526 ], [ 353708.751012592168991, 6888622.257396560162306 ], [ 353718.038228146906476, 6888620.267597558908165 ], [ 353726.237964790198021, 6888615.474269717000425 ], [ 353732.528320345212705, 6888608.357873169705272 ], [ 353760.349255386914592, 6888564.461584914475679 ], [ 353763.198409600474406, 6888558.66861364338547 ], [ 353776.959819751558825, 6888520.885334956459701 ], [ 353781.123022566782311, 6888514.648482037708163 ], [ 353785.93799676472554, 6888510.420437424443662 ], [ 353792.918914648238569, 6888518.775572967715561 ], [ 353824.3105365781812, 6888571.032441669143736 ], [ 353832.388554728298914, 6888579.850829316303134 ], [ 353868.720961523067672, 6888606.259458921849728 ], [ 353870.407892288465519, 6888607.400178652256727 ], [ 353885.636959612718783, 6888616.961487629450858 ], [ 353895.47620851569809, 6888620.924640056677163 ], [ 353903.453154382994398, 6888622.584751632064581 ], [ 353914.502505613258108, 6888622.805046019144356 ], [ 353921.86637712380616, 6888621.576471337117255 ], [ 353929.763784958515316, 6888619.101530632935464 ], [ 353936.684438968193717, 6888614.562926213257015 ], [ 353941.967721050838009, 6888609.940124502405524 ], [ 353948.738467615563422, 6888601.376469742506742 ], [ 353952.339088605018333, 6888594.561110336333513 ], [ 353953.535818465054035, 6888592.013180112466216 ], [ 353959.468580049346201, 6888577.668805218301713 ], [ 353961.548065918090288, 6888569.644585602916777 ], [ 353966.256024418864399, 6888528.877375457435846 ], [ 353982.904538879578467, 6888419.142289795912802 ], [ 354099.213151855685282, 6888226.197403158061206 ], [ 354486.120131688017864, 6888314.62712402548641 ], [ 354495.840916597517207, 6888315.227201553061604 ], [ 354505.241677236568648, 6888312.681724838912487 ], [ 354513.331638692645356, 6888307.258969456888735 ], [ 354792.544500303454697, 6888045.281736033037305 ], [ 354798.805500985414255, 6888036.909292875789106 ], [ 354801.813284346368164, 6888026.896742090582848 ], [ 354801.202578711789101, 6888016.460029361769557 ], [ 354797.047549486451317, 6888006.866611508652568 ], [ 354741.706172890553717, 6887923.104542238637805 ], [ 354734.833120676397812, 6887915.760675261728466 ], [ 354725.918972366838716, 6887911.101363207213581 ], [ 354715.965789449808653, 6887909.650370880961418 ], [ 354706.092433866695501, 6887911.570807924494147 ], [ 354697.408793970826082, 6887916.646793254651129 ], [ 354532.079131833626889, 6888055.172705542296171 ], [ 354507.070142919488717, 6887848.634211717173457 ], [ 354504.414308139763307, 6887839.428506759926677 ], [ 354498.991603863192722, 6887831.52959921117872 ], [ 354491.355136660102289, 6887825.743164143525064 ], [ 354274.338049153564498, 6887710.528466777876019 ], [ 354590.252750313375145, 6887380.291278962977231 ], [ 354596.089847694442142, 6887371.508068880997598 ], [ 354686.223826298490167, 6887164.053695991635323 ], [ 354688.57080969796516, 6887154.971452197059989 ], [ 354687.998086586012505, 6887145.608361274003983 ], [ 354684.561653681623284, 6887136.879878455772996 ], [ 354678.597500512143597, 6887129.63941159285605 ], [ 354670.688758790085558, 6887124.594881110824645 ], [ 354040.461763710656669, 6886850.0835753204301 ], [ 353977.751842636615038, 6886737.435524279251695 ], [ 354054.627745077188592, 6886562.723276030272245 ], [ 354397.16643276961986, 6886305.683327462524176 ], [ 354402.825984672643244, 6886300.125285366550088 ], [ 354406.83098294766387, 6886293.278216759674251 ], [ 354590.643974778417032, 6885854.44436215236783 ], [ 354739.833654296002351, 6885788.921670174226165 ], [ 354746.038208646816202, 6885785.250608450733125 ], [ 354751.187818038742989, 6885780.205342155881226 ], [ 354920.533767855144106, 6885568.716624829918146 ], [ 354925.014370493707247, 6885560.996413444168866 ], [ 354927.025122805731371, 6885552.299612941220403 ], [ 354926.388011852744967, 6885543.396155552007258 ], [ 354906.92093174601905, 6885456.651513192802668 ], [ 355058.083470914105419, 6885342.12919157743454 ], [ 355065.151814027049113, 6885334.518233597278595 ], [ 355069.201134739152621, 6885324.953132579103112 ], [ 355069.74601777974749, 6885314.580511974170804 ], [ 355032.364738950156607, 6885008.454690614715219 ], [ 355105.878251878661104, 6884910.622351349331439 ], [ 355110.386087398335803, 6884901.994013744406402 ], [ 355111.893812694819644, 6884892.376552783884108 ], [ 355110.242666319827549, 6884882.782674185931683 ], [ 355105.606511768593919, 6884874.222600478678942 ], [ 355035.360914077667985, 6884783.589113472960889 ], [ 355147.1018436375889, 6884675.927642293274403 ], [ 355153.368455866642762, 6884667.230202564969659 ], [ 355156.177148170012515, 6884656.884810633957386 ], [ 355155.169294584949967, 6884646.212410818785429 ], [ 355153.6076858547749, 6884640.651875044219196 ], [ 355404.52954017627053, 6884889.069635638967156 ], [ 355438.835826606722549, 6885057.520255806855857 ], [ 355441.825903839722741, 6885065.770609056577086 ], [ 355447.075463251152541, 6885072.802750735543668 ], [ 355454.13532401167322, 6885078.014972588047385 ], [ 355462.401406071323436, 6885080.961288590915501 ], [ 355471.166418531211093, 6885081.389595935121179 ], [ 355479.680379296245519, 6885079.263246317394078 ], [ 355748.871261128690094, 6884968.13039081543684 ], [ 355757.56597915297607, 6884962.632772063836455 ], [ 355763.892318768426776, 6884954.521091563627124 ], [ 355767.106429430597927, 6884944.749120109714568 ], [ 355766.830396245524753, 6884934.465845380909741 ], [ 355747.010929213429336, 6884836.25834134593606 ], [ 355896.981067093845922, 6884721.441219329833984 ], [ 355903.594676295702811, 6884714.427021808922291 ], [ 355907.642085626721382, 6884705.677320599555969 ], [ 355908.705338042345829, 6884696.095656451769173 ], [ 355894.634864652820397, 6884419.6768698701635 ], [ 355892.989397739234846, 6884411.291440249420702 ], [ 355889.046486169856507, 6884403.710118488408625 ], [ 355883.126044608245138, 6884397.548027690500021 ], [ 355875.708437890687492, 6884393.305139302276075 ], [ 355624.51986531203147, 6884293.945807247422636 ], [ 355631.069155402015895, 6884046.500779954716563 ], [ 355868.372282634547446, 6883912.198772659525275 ], [ 355874.565973005373962, 6883907.543820442631841 ], [ 355879.360960358055308, 6883901.457895957864821 ], [ 356186.001070619327947, 6883387.359715684317052 ], [ 356466.91299401037395, 6883247.055283992551267 ], [ 356771.518151229654904, 6883390.121763793751597 ], [ 356781.761461398273241, 6883392.862475174479187 ], [ 356792.318392080778722, 6883391.868434607051313 ], [ 356801.870067075476982, 6883387.263827471062541 ], [ 356898.922918663418386, 6883316.966277992352843 ], [ 356905.305316394020338, 6883310.695939033292234 ], [ 356909.554712870100047, 6883302.822262570261955 ], [ 356911.293137724685948, 6883294.045587204396725 ], [ 356919.314925848972052, 6883119.265266610309482 ], [ 357099.073973258549813, 6882989.55570727493614 ], [ 357316.504307826282457, 6883084.644945442676544 ], [ 357325.903846325003542, 6883087.043803260661662 ], [ 357335.577457637526095, 6883086.317795688286424 ], [ 357344.513649157539476, 6883082.542835564352572 ], [ 357351.778034402115736, 6883076.113640448078513 ], [ 357356.611034375673626, 6883067.702460146509111 ], [ 357358.507300705008674, 6883058.18878489267081 ], [ 357362.981273494253401, 6882927.988013302907348 ], [ 357701.161822497728281, 6882873.370275312103331 ], [ 357720.439379613206256, 6883000.294549497775733 ], [ 357723.321340346825309, 6883009.31544475350529 ], [ 357728.871635899879038, 6883016.988545049913228 ], [ 357736.537196286779363, 6883022.549249397590756 ], [ 357745.554171846946701, 6883025.443450606428087 ], [ 357755.024048528808635, 6883025.38275037240237 ], [ 357764.003182068350725, 6883022.373197288252413 ], [ 358583.302685371949337, 6882593.854743314906955 ], [ 359183.363951531937346, 6882592.90211337339133 ], [ 360514.689558054320514, 6882626.813861838541925 ], [ 360722.620805731101427, 6882713.898047308437526 ], [ 360727.522280883800704, 6882715.471977392211556 ], [ 360956.459531370841432, 6882767.823678536340594 ], [ 360964.778586619650014, 6882768.534171019680798 ], [ 360972.971270729205571, 6882766.924386288039386 ], [ 360980.403001329861581, 6882763.119013760238886 ], [ 360986.49813737970544, 6882757.412806934677064 ], [ 361071.62865563260857, 6882651.866379981860518 ], [ 361510.352569390670396, 6882650.322424584999681 ], [ 361518.511749219556805, 6882649.161712696775794 ], [ 361526.047220423235558, 6882645.824626945890486 ], [ 361532.390310565941036, 6882640.563004096969962 ], [ 361848.58931060571922, 6882294.636210797354579 ], [ 361853.727908857399598, 6882286.873682778328657 ], [ 362005.855903611402027, 6881954.257267395965755 ], [ 362395.108489698788617, 6881633.754721933975816 ], [ 362399.356923781335354, 6881629.470766539685428 ], [ 362803.805049218062777, 6881129.84567201603204 ], [ 362963.780852513154969, 6881114.432600524276495 ], [ 363219.888034731207881, 6881272.645857033319771 ], [ 363228.457636767765507, 6881276.247080093249679 ], [ 363237.718235230830032, 6881277.05219045560807 ], [ 363531.42042107769521, 6881256.804460084065795 ], [ 364044.590134424739517, 6881436.080666319467127 ], [ 364053.002266126684844, 6881437.722559059038758 ], [ 364061.535361377929803, 6881436.9187823664397 ], [ 364253.224942665139679, 6881390.566219745203853 ], [ 364477.361063387361355, 6881539.871661992743611 ], [ 364487.903688131948002, 6881544.279576894827187 ], [ 364499.329769929929171, 6881544.425539339892566 ], [ 364739.630336202622857, 6881500.98435128107667 ], [ 365096.66918715054635, 6881436.533665425144136 ], [ 365104.88888549967669, 6881433.776926699094474 ], [ 365111.97704588592751, 6881428.784829775802791 ], [ 365751.009231527335942, 6880823.117408147081733 ], [ 366055.860808438854292, 6880748.463467534631491 ], [ 366353.891979778127279, 6880835.072151110507548 ], [ 366362.222927147755399, 6880836.263898760080338 ], [ 366370.557085442065727, 6880835.094817043282092 ], [ 367195.632103484356776, 6880597.757690628059208 ], [ 367199.062442452413961, 6880596.541198153980076 ], [ 368879.729441192175727, 6879883.013895905576646 ], [ 369661.78693654719973, 6880314.63969552796334 ], [ 369674.176817604049575, 6880318.300410971976817 ], [ 370941.52393527032109, 6880407.496428782120347 ], [ 372055.859854244627059, 6880913.346291280351579 ], [ 372065.730625902302563, 6880915.922292655333877 ], [ 372075.893917999404948, 6880915.041719008237123 ], [ 372085.174538724648301, 6880910.806391965597868 ], [ 372092.499360456014983, 6880903.706046706996858 ], [ 372097.021406599960756, 6880894.561703380197287 ], [ 372237.358278875995893, 6880421.52305275760591 ], [ 372398.016902837553062, 6880180.772028275765479 ], [ 372632.896850728313439, 6880011.26454327441752 ], [ 373054.562897814554162, 6879884.905019362457097 ], [ 373377.093685363186523, 6879788.216545791365206 ], [ 373385.747905367345084, 6879784.011350531131029 ], [ 373392.625749568396714, 6879777.282721383497119 ], [ 373568.239822471456137, 6879539.08831802289933 ], [ 373572.267221799760591, 6879531.59188917092979 ], [ 373574.027656927297357, 6879523.266190458089113 ], [ 373615.497680562140886, 6878896.484127070754766 ], [ 373765.092206997505855, 6878414.313176549971104 ], [ 373766.380943355557974, 6878407.297603377141058 ], [ 373765.977021503029391, 6878400.176089810207486 ], [ 373650.219496899226215, 6877748.59648319426924 ], [ 373725.583013295778073, 6876971.254304678179324 ], [ 373724.879919057537336, 6876961.297141334041953 ], [ 373720.948849868611433, 6876952.121840880252421 ], [ 373516.738136649306398, 6876634.87006008066237 ], [ 373523.173200070217717, 6876549.267711444757879 ], [ 373802.020525987492874, 6876679.958269798196852 ], [ 373808.29487751564011, 6876682.090635036118329 ], [ 374680.291557064745575, 6876874.282025619409978 ], [ 374684.285013301414438, 6876874.883843111805618 ], [ 374726.536398749682121, 6876878.365400840528309 ], [ 374734.058521875005681, 6876878.0371950333938 ], [ 374768.410212050541304, 6876872.16085656080395 ], [ 374774.695501358713955, 6876870.363039606250823 ], [ 374809.921940396481659, 6876855.974806917831302 ], [ 374816.320608966925647, 6876852.393219934776425 ], [ 374845.200240204343572, 6876831.212088036350906 ], [ 374850.105773021350615, 6876826.695154543966055 ], [ 374875.477958121336997, 6876797.487879178486764 ], [ 374877.957327826239634, 6876794.203345807269216 ], [ 374910.367812743992545, 6876744.513997194357216 ], [ 374960.486903760698624, 6876668.24004799220711 ], [ 374960.552228937915061, 6876668.140200506895781 ], [ 375007.623450119339395, 6876595.880066228099167 ], [ 375007.726892246166244, 6876595.720162303186953 ], [ 375050.84087610716233, 6876528.607132684439421 ], [ 375090.548984724329785, 6876469.023720582015812 ], [ 375115.601449517998844, 6876433.369482717476785 ], [ 375116.404299523564987, 6876432.166222210973501 ], [ 375145.653881918871775, 6876385.953164398670197 ], [ 375180.267790255253203, 6876336.058765469118953 ], [ 375180.568684904836118, 6876335.61667743884027 ], [ 375219.931452707503922, 6876276.660195777192712 ], [ 375220.486068014404736, 6876275.797960471361876 ], [ 375245.243101684085559, 6876235.824223091825843 ], [ 375245.384376365982462, 6876235.593802732415497 ], [ 375281.221523097832687, 6876176.547809316776693 ], [ 375314.693296450946946, 6876125.943751403130591 ], [ 375377.26412138651358, 6876034.730677727609873 ], [ 375377.518445931375027, 6876034.353844735771418 ], [ 375422.047584875894245, 6875967.284546587616205 ], [ 375422.190518465184141, 6875967.067222862504423 ], [ 375486.011671074200422, 6875869.107803808525205 ], [ 375486.430780864844564, 6875868.4457649262622 ], [ 375502.822714680165518, 6875841.7885234458372 ], [ 375524.529560161929112, 6875809.599320101551712 ], [ 375524.921128653746564, 6875809.003508222289383 ], [ 375565.648997894139029, 6875745.397733706049621 ], [ 375582.029155168391299, 6875720.263050510548055 ], [ 375583.697709251486231, 6875717.360576193779707 ], [ 375604.853469483728986, 6875675.287448927760124 ], [ 375605.483228765719105, 6875673.954384260810912 ], [ 375646.038058308651671, 6875582.345326800830662 ], [ 375687.305356167897116, 6875491.148850040510297 ], [ 375715.059586299990769, 6875430.026201110333204 ], [ 375717.212564380140975, 6875423.243168304674327 ], [ 375725.798804568126798, 6875378.223815940320492 ], [ 375726.300263892277144, 6875371.268321361392736 ], [ 375723.908570342580788, 6875317.579829562455416 ], [ 375723.195844264351763, 6875312.282006569206715 ], [ 375705.806232982780784, 6875235.577191410586238 ], [ 375705.642464202886913, 6875234.89220564533025 ], [ 375689.269777038774919, 6875169.799410723149776 ], [ 375689.181342457421124, 6875169.456395381130278 ], [ 375673.731159961782396, 6875110.959838813170791 ], [ 375663.987750245141797, 6875064.992848535999656 ], [ 375663.039543067512568, 6875033.717831245623529 ], [ 375670.802156910242047, 6875001.729675062000751 ], [ 375679.343113874667324, 6874978.382905375212431 ], [ 375689.390754665364511, 6874961.701628863811493 ], [ 375690.095376097597182, 6874960.466486536897719 ], [ 375713.109970781195443, 6874917.805426744744182 ], [ 375737.376883682503831, 6874881.689914862625301 ], [ 375738.114459737436846, 6874880.536172776482999 ], [ 375758.492162937531248, 6874846.997839538380504 ], [ 375759.090346426295582, 6874845.967788235284388 ], [ 375783.182516837667208, 6874802.517883649095893 ], [ 375810.632974558626302, 6874752.950695329345763 ], [ 375810.745651545585133, 6874752.745347468182445 ], [ 375837.495279915689025, 6874703.541066282428801 ], [ 375874.423358857107814, 6874640.375112493522465 ], [ 375896.318903010920621, 6874610.727186380885541 ], [ 375917.520754747150932, 6874586.552012670785189 ], [ 375939.6177880250616, 6874567.934862445108593 ], [ 375983.112066988251172, 6874537.830183053389192 ], [ 375990.291260587226134, 6874530.82038754876703 ], [ 375994.757414759718813, 6874521.835315448231995 ], [ 376000.387983933964279, 6874503.190039833076298 ], [ 376001.663826777599752, 6874493.964425466954708 ], [ 376000.048836237168871, 6874484.792100737802684 ], [ 375995.698661037313286, 6874476.557071221992373 ], [ 375989.032560117659159, 6874470.05300834402442 ], [ 375980.692995511402842, 6874465.906757317483425 ], [ 375971.483713471097872, 6874464.517923384904861 ], [ 375962.292281427129637, 6874466.020358865149319 ], [ 375806.768261441611685, 6874517.193931790068746 ], [ 375806.364994416129775, 6874517.329799896106124 ], [ 375664.274263081024401, 6874566.32765637896955 ], [ 375665.858066250337288, 6874553.143078031949699 ], [ 375672.565657986036967, 6874525.859022088348866 ], [ 375673.41150605637813, 6874519.835324174724519 ], [ 375676.121329173794948, 6874448.471149634569883 ], [ 375675.265278951555956, 6874440.129415097646415 ], [ 375652.015756574517582, 6874346.134854936040938 ], [ 375627.938412056944799, 6874227.582951435819268 ], [ 375627.112297658342868, 6874224.413612361997366 ], [ 375608.858843689376954, 6874167.35112801939249 ], [ 375628.771034834906459, 6874101.658873852342367 ], [ 375629.973507273709401, 6874090.667426310479641 ], [ 375621.809758037037682, 6873983.986043505370617 ], [ 375619.641585779434536, 6873974.8623829735443 ], [ 375591.158601346542127, 6873905.620038520544767 ], [ 375589.981169221631717, 6873903.097259536385536 ], [ 375553.612055324541871, 6873833.762316163629293 ], [ 375519.024364622076973, 6873691.473865502513945 ], [ 375518.525282541348133, 6873689.668321155011654 ], [ 375487.017210618418176, 6873588.138102116063237 ], [ 375480.803454893699382, 6873577.116833995096385 ], [ 375442.516498505137861, 6873533.974307675845921 ], [ 375427.737488878017757, 6873489.80222955159843 ], [ 375424.894238896900788, 6873483.690775875933468 ], [ 375373.186616160266567, 6873398.979076880030334 ], [ 375369.791647070029285, 6873394.443834994919598 ], [ 375328.222054308396764, 6873348.656049910932779 ], [ 375317.199593977013137, 6873317.718350872397423 ], [ 375312.126001036842354, 6873264.742678062058985 ], [ 375310.445374022237957, 6873257.320058230310678 ], [ 375273.960018051206134, 6873157.321306266821921 ], [ 375273.783107885101344, 6873156.848809980787337 ], [ 375255.669305741146673, 6873109.681657227687538 ], [ 375241.408929258643184, 6873050.631475897505879 ], [ 375229.370818138064351, 6872978.8612011494115 ], [ 375226.442887512443122, 6872970.064803540706635 ], [ 375220.969063036551233, 6872962.582381858490407 ], [ 375213.472091229516082, 6872957.128502288833261 ], [ 375184.393091309233569, 6872942.218301909975708 ], [ 375173.301752594532445, 6872939.026197206228971 ], [ 375120.480310501588974, 6872934.437051859684289 ], [ 375111.48824708716711, 6872935.01408517267555 ], [ 375103.073124141083099, 6872938.23524609580636 ], [ 375041.644302501576021, 6872973.10769896581769 ], [ 374987.55667137214914, 6872978.231543251313269 ], [ 374955.618128298432566, 6872963.514711660332978 ], [ 374945.128817155666184, 6872960.832480622455478 ], [ 374907.854421600874048, 6872958.259998141787946 ], [ 374882.55712457629852, 6872931.720622734166682 ], [ 374880.348651884647552, 6872929.627375114709139 ], [ 374828.661789458361454, 6872885.390990790911019 ], [ 374820.165975844603963, 6872880.276962003670633 ], [ 374810.467125118768308, 6872878.211911401711404 ], [ 374765.447260536078829, 6872876.240959797985852 ], [ 374765.273674331023358, 6872876.233863787725568 ], [ 374713.545830023707822, 6872874.269299358129501 ], [ 374677.51531523570884, 6872852.720262227579951 ], [ 374617.048867038625758, 6872816.282803502865136 ], [ 374607.381733420013916, 6872812.547351038083434 ], [ 374597.020397815329488, 6872812.324187402613461 ], [ 374587.201394420873839, 6872815.63994521368295 ], [ 374579.096534857351799, 6872822.098917962983251 ], [ 374547.432229951315094, 6872857.887362938374281 ], [ 374542.951889645366464, 6872864.584121058695018 ], [ 374532.463542131357826, 6872886.025420634075999 ], [ 374528.874045236443635, 6872886.058507156558335 ], [ 374499.589878547936678, 6872854.847540761344135 ], [ 374479.631115407450125, 6872816.124835682101548 ], [ 374452.824649995251093, 6872745.767058990895748 ], [ 374450.052083315793425, 6872688.594844211824238 ], [ 374448.39568111038534, 6872680.116449495777488 ], [ 374444.391984073852655, 6872672.461565089412034 ], [ 374405.657941797573585, 6872618.930563827045262 ], [ 374395.484261653211433, 6872610.053526283241808 ], [ 374333.791986517957412, 6872577.110972392372787 ], [ 374327.214366425236221, 6872574.54089290369302 ], [ 374276.542115468007978, 6872561.357963851653039 ], [ 374238.985252896090969, 6872520.934587953612208 ], [ 374227.925617892818991, 6872513.411663129925728 ], [ 374194.317211459390819, 6872500.279227390885353 ], [ 374186.197839693923015, 6872498.352649563923478 ], [ 374177.861889524676371, 6872498.737142431549728 ], [ 374134.639572466141544, 6872506.853702291846275 ], [ 374095.550118050421588, 6872481.141651790589094 ], [ 374091.305965662177186, 6872478.817090515047312 ], [ 374038.590093913546298, 6872455.253863231278956 ], [ 374032.626044228381943, 6872453.306602052412927 ], [ 373945.512191222864203, 6872434.66320407576859 ], [ 373939.370914864179213, 6872433.999233836308122 ], [ 373910.127774498832878, 6872433.865771471522748 ], [ 373904.008677487378009, 6872434.467950637452304 ], [ 373866.863929644110613, 6872442.026640080846846 ], [ 373811.911638598830905, 6872432.075487753376365 ], [ 373774.012154619151261, 6872408.350587841123343 ], [ 373748.364468218409456, 6872352.609027651138604 ], [ 373719.5984084251686, 6872278.89030231628567 ], [ 373704.157161896640901, 6872209.294457342475653 ], [ 373699.456445163756143, 6872198.603141185827553 ], [ 373661.908448671048973, 6872144.895905719138682 ], [ 373654.272542041027918, 6872120.294895470142365 ], [ 373665.457588447374292, 6872066.172420528717339 ], [ 373703.035835054935887, 6872039.207874641753733 ], [ 373752.164971075602807, 6872015.511077437549829 ], [ 373758.616019526380114, 6872011.301532506011426 ], [ 373763.782484730298165, 6872005.588045660406351 ], [ 373790.721872237336356, 6871966.748599189333618 ], [ 373793.167418065539096, 6871962.526610353961587 ], [ 373840.109022809425369, 6871863.742474333383143 ], [ 373842.707458261633292, 6871855.135359336622059 ], [ 373842.638835697725881, 6871846.14483174867928 ], [ 373832.348600229655858, 6871781.578573735430837 ], [ 373828.459858671762049, 6871770.886331204324961 ], [ 373801.519248833414167, 6871725.902236550115049 ], [ 373794.279833496606443, 6871676.653732373379171 ], [ 373786.340411595243495, 6871583.787506530061364 ], [ 373785.917662230844144, 6871580.719412432983518 ], [ 373773.439448061864823, 6871515.331949270330369 ], [ 373770.178990018204786, 6871506.355732385069132 ], [ 373764.262723916792311, 6871498.859009658917785 ], [ 373707.057755922200158, 6871446.326995123177767 ], [ 373663.275060034706257, 6871374.046434925869107 ], [ 373631.812013017130084, 6871303.20593842305243 ], [ 373628.154780333919916, 6871297.067755528725684 ], [ 373583.405334948154632, 6871239.014996535144746 ], [ 373576.909794656967279, 6871232.796066157519817 ], [ 373568.862982036487665, 6871228.78159914817661 ], [ 373522.086384731635917, 6871213.678296469151974 ], [ 373515.10723187745316, 6871212.310690734535456 ], [ 373508.002266075694934, 6871212.624348131008446 ], [ 373435.904724696709309, 6871224.476137452758849 ], [ 373428.988685487478506, 6871226.489386004395783 ], [ 373332.555580628744792, 6871267.671910191886127 ], [ 373293.287160434178077, 6871281.6566108064726 ], [ 373270.647334201086778, 6871258.187136221677065 ], [ 373256.105246399005409, 6871220.81677489914 ], [ 373253.830067018105183, 6871216.191223418340087 ], [ 373210.384467271971516, 6871144.22700730804354 ], [ 373175.408160610648338, 6871081.537093968130648 ], [ 373175.335923603503034, 6871081.408365055918694 ], [ 373150.633745170605835, 6871037.640862905420363 ], [ 373145.274482097418513, 6871030.735913421958685 ], [ 373138.152346442861017, 6871025.668842099606991 ], [ 373100.211785007326398, 6871006.292493414133787 ], [ 373099.79444607096957, 6871006.083434709347785 ], [ 373024.115586336760316, 6870968.907069539651275 ], [ 373009.793274267751258, 6870933.033765701577067 ], [ 373004.010638793755788, 6870889.57494446169585 ], [ 373013.233479025599081, 6870865.476775547489524 ], [ 373015.213843080797233, 6870854.45281941909343 ], [ 373013.012769089604262, 6870843.470801217481494 ], [ 373005.894960484933108, 6870825.934805989265442 ], [ 373001.839173369226046, 6870783.76977470703423 ], [ 372999.752463886805344, 6870775.305342199280858 ], [ 372995.320240794273559, 6870767.798254041932523 ], [ 372988.916785505600274, 6870761.88245024997741 ], [ 372978.423697471967898, 6870754.703424902632833 ], [ 372967.997790438355878, 6870717.320644865743816 ], [ 372968.999534300062805, 6870660.395693136379123 ], [ 372968.026754697551951, 6870652.272448663599789 ], [ 372947.587927318178117, 6870574.174175589345396 ], [ 372951.961506828025449, 6870525.849084579385817 ], [ 372964.204769828938879, 6870476.170616918243468 ], [ 372964.688472619571257, 6870464.183494706638157 ], [ 372951.972267523757182, 6870385.872008536942303 ], [ 372950.900573316204827, 6870381.436903815716505 ], [ 372920.771381750237197, 6870288.409490264952183 ], [ 372908.137128056958318, 6870161.378341065719724 ], [ 372908.097612729412504, 6870161.00479521881789 ], [ 372890.506799205206335, 6870004.111065153963864 ], [ 372888.37739776505623, 6869995.894833448342979 ], [ 372828.286270565760788, 6869851.97496154718101 ], [ 372822.576548896322493, 6869843.109821918420494 ], [ 372733.381300678476691, 6869747.145146925933659 ], [ 372727.116600238194223, 6869742.011071086861193 ], [ 372719.706770050572231, 6869738.740043279714882 ], [ 372672.401693652442191, 6869725.121496055275202 ], [ 372663.170908859814517, 6869720.583437278866768 ], [ 372658.14644300553482, 6869702.174756111577153 ], [ 372657.938777152681723, 6869701.449895619414747 ], [ 372644.966224069532473, 6869658.228148086927831 ], [ 372642.103373384044971, 6869651.663452536799014 ], [ 372615.529505275073461, 6869606.400644762441516 ], [ 372608.067024503136054, 6869597.901218094862998 ], [ 372597.987921565247234, 6869592.768912869505584 ], [ 372563.330699692305643, 6869582.75283807516098 ], [ 372520.562767356401309, 6869567.559492788277566 ], [ 372507.293388213147409, 6869566.002686423249543 ], [ 372445.232583571458235, 6869572.716763589531183 ], [ 372435.748322994739283, 6869569.24002374522388 ], [ 372432.369843543448951, 6869559.600546487607062 ], [ 372431.494984121061862, 6869506.854435038752854 ], [ 372434.003075765212998, 6869467.777054162696004 ], [ 372438.665564678609371, 6869446.759004700928926 ], [ 372439.085058697266504, 6869436.083060650154948 ], [ 372435.7365909210057, 6869425.937149151228368 ], [ 372428.306172520096879, 6869412.264457830227911 ], [ 372428.113239944330417, 6869398.616910607554018 ], [ 372434.077879601565655, 6869385.913408365100622 ], [ 372435.62787301139906, 6869381.880082787945867 ], [ 372445.552177838806529, 6869349.198671586811543 ], [ 372446.841577807150315, 6869339.936458546668291 ], [ 372445.216421139368322, 6869330.727223590947688 ], [ 372440.834620955458377, 6869322.46580907329917 ], [ 372426.756289898359682, 6869303.720545965246856 ], [ 372423.045781028456986, 6869299.627148371189833 ], [ 372409.356382417026907, 6869287.071877168491483 ], [ 372408.526451267185621, 6869265.431338496506214 ], [ 372408.522251833288465, 6869265.326615096069872 ], [ 372407.812419239489827, 6869248.365250934846699 ], [ 372406.145100915397052, 6869239.682591068558395 ], [ 372402.019256746978499, 6869231.863003954291344 ], [ 372395.793232495372649, 6869225.585651425644755 ], [ 372388.0077828054782, 6869221.395746191963553 ], [ 372380.521432748704683, 6869218.698400090448558 ], [ 372377.808700732246507, 6869214.4585393788293 ], [ 372385.587214617640711, 6869181.025009518489242 ], [ 372386.051946877676528, 6869178.567381156608462 ], [ 372394.913781631621532, 6869117.961861772462726 ], [ 372394.417608592601027, 6869106.68950080499053 ], [ 372389.792532057501376, 6869096.397709099575877 ], [ 372368.967256607837044, 6869066.698265640065074 ], [ 372361.881635348661803, 6869059.538776757195592 ], [ 372352.825636861962266, 6869055.128198439255357 ], [ 372325.880807384091895, 6869047.247484639286995 ], [ 372318.093458807910793, 6869046.04791583865881 ], [ 372310.262368546740618, 6869046.917276796884835 ], [ 372296.388816022314131, 6869050.345642124302685 ], [ 372269.445374446746428, 6868987.292484557256103 ], [ 372254.709865426877514, 6868923.140885409899056 ], [ 372252.750875878205989, 6868917.373993731103837 ], [ 372242.086989483213983, 6868894.069674436934292 ], [ 372222.714391631656326, 6868845.560881276614964 ], [ 372215.564507199567743, 6868814.748175362125039 ], [ 372212.156819172785617, 6868806.247261498123407 ], [ 372206.343153206631541, 6868799.170598284341395 ], [ 372171.626669716788456, 6868768.113076254725456 ], [ 372163.26545735943364, 6868762.82242164388299 ], [ 372153.637952373363078, 6868760.539431052282453 ], [ 372143.791422965878155, 6868761.51244540233165 ], [ 372130.678896835714113, 6868765.059176731854677 ], [ 372121.27046701736981, 6868750.355072378180921 ], [ 372119.437534578843042, 6868747.796735566109419 ], [ 372073.98977093049325, 6868690.919474832713604 ], [ 372113.546253685024567, 6868652.740827204659581 ], [ 372197.953176124778111, 6868571.916420814581215 ], [ 372198.999243558850139, 6868570.863940545357764 ], [ 372224.172677927243058, 6868544.250986972823739 ], [ 372273.160539758217055, 6868496.063082118518651 ], [ 372273.194981472799554, 6868496.029148173518479 ], [ 372320.454708786914125, 6868449.391052505932748 ], [ 372351.615812647913117, 6868421.284230507910252 ], [ 372352.341167556645814, 6868420.60789583530277 ], [ 372394.500217752647586, 6868379.974720112979412 ], [ 372446.885363825305831, 6868330.018808184191585 ], [ 372492.104364346479997, 6868288.403459767811 ], [ 372492.337624537700322, 6868288.186490141786635 ], [ 372568.89993340120418, 6868216.209196441806853 ], [ 372569.259048288920894, 6868215.865942191332579 ], [ 372644.793723952781875, 6868142.460963418707252 ], [ 372707.269638720084913, 6868084.511210011318326 ], [ 372707.869310026348103, 6868083.93937464337796 ], [ 372783.478786210471299, 6868009.819108421914279 ], [ 372836.939107456244528, 6867957.917709277942777 ], [ 372892.97282091883244, 6867905.501226206310093 ], [ 372893.185856246913318, 6867905.299983247183263 ], [ 372959.866558673500549, 6867841.691145864315331 ], [ 372960.005499277787749, 6867841.557751497253776 ], [ 373040.312440080160741, 6867763.959546423517168 ], [ 373097.414337752037682, 6867709.057601959444582 ], [ 373140.581232958531473, 6867669.079401087015867 ], [ 373141.063900206238031, 6867668.622350457124412 ], [ 373216.194681436987594, 6867595.883441573940217 ], [ 373216.62845518818358, 6867595.454851308837533 ], [ 373242.582670588220935, 6867569.284175593405962 ], [ 373271.266894024622161, 6867541.420531388372183 ], [ 373299.746665002545342, 6867515.441062171012163 ], [ 373300.522126732277684, 6867514.707990854047239 ], [ 373340.373573049495462, 6867475.669677427969873 ], [ 373430.012516521324869, 6867389.581399198621511 ], [ 373430.085849025053903, 6867389.510731783695519 ], [ 373480.8075300034252, 6867340.466091820038855 ], [ 373480.975311517424416, 6867340.302585319615901 ], [ 373534.475115912500769, 6867287.757098141126335 ], [ 373590.803219884517603, 6867233.395306864753366 ], [ 373621.889316547079943, 6867204.232877563685179 ], [ 373622.246576527715661, 6867203.89215574786067 ], [ 373703.575148202711716, 6867125.040430717170238 ], [ 373775.135074523277581, 6867056.042130404151976 ], [ 373815.025205664976966, 6867017.957752802409232 ], [ 373815.142298670834862, 6867017.845353331416845 ], [ 373848.551079766242765, 6866985.601618880406022 ], [ 373848.977059780561831, 6866985.182216407731175 ], [ 373887.829329495725688, 6866946.15994628239423 ], [ 373918.649639946292154, 6866918.302511164918542 ], [ 373919.35533902712632, 6866917.643714942969382 ], [ 373960.154097763937898, 6866878.309101856313646 ], [ 373960.385771045403089, 6866878.083319867961109 ], [ 374032.259876112511847, 6866807.277345854789019 ], [ 374032.371267603710294, 6866807.167034780606627 ], [ 374063.58891661290545, 6866776.0901970108971 ], [ 374085.32413659337908, 6866754.696549243293703 ], [ 374143.185483167355414, 6866700.071767698042095 ], [ 374159.340149837546051, 6866684.859926423057914 ], [ 374221.198100588226225, 6866626.672565761953592 ], [ 374221.354204201546963, 6866626.524667084217072 ], [ 374249.354113760229666, 6866599.805374299176037 ], [ 374293.073937409440987, 6866558.946481602266431 ], [ 374293.615452851401642, 6866558.427569778636098 ], [ 374327.020153734192718, 6866525.606461173854768 ], [ 374353.2583864692715, 6866500.569393565878272 ], [ 374382.910227319167461, 6866473.251444494351745 ], [ 374382.939951612846926, 6866473.224022733047605 ], [ 374441.522374851920176, 6866419.106430954299867 ], [ 374442.130335098947398, 6866418.528850288130343 ], [ 374459.498983898141887, 6866401.560000682249665 ], [ 374461.286074210889637, 6866399.655080572701991 ], [ 374472.329977559100371, 6866386.804926133714616 ], [ 374491.203612430661451, 6866368.872846826910973 ], [ 374510.837740047019906, 6866352.75350755546242 ], [ 374547.181153843237553, 6866323.64108635019511 ], [ 374587.140927572036162, 6866297.446128404699266 ], [ 374588.056679518602323, 6866296.821331000886858 ], [ 374618.624931523110718, 6866275.126864462159574 ], [ 374639.224523749668151, 6866262.761406962759793 ], [ 374653.028881943377201, 6866254.555414975620806 ], [ 374712.882105504104402, 6866222.148470158688724 ], [ 374805.250494013773277, 6866183.683509595692158 ], [ 374946.835721152659971, 6866147.780258628539741 ], [ 374947.434281867987011, 6866147.621883792802691 ], [ 375113.925289052072912, 6866101.726082255132496 ], [ 375376.192662134417333, 6866035.003719937987626 ], [ 375543.12463128962554, 6865993.120824032463133 ], [ 376379.169196050381288, 6865787.370924417860806 ], [ 376687.06235638220096, 6865714.898848969489336 ], [ 376829.345204756071325, 6865701.013911949470639 ], [ 376920.770056041656062, 6865703.219420633278787 ], [ 377159.671125510358252, 6865742.058485396206379 ], [ 377296.772339307179209, 6865770.621768633835018 ], [ 377298.644325282948557, 6865770.950276125222445 ], [ 377522.113248893292621, 6865802.9059650413692 ], [ 377529.75809226144338, 6865803.014995781704783 ], [ 377674.8313960104133, 6865786.476137716323137 ], [ 377680.594644797907677, 6865785.236145353876054 ], [ 377818.974036916159093, 6865740.858236066065729 ], [ 377826.218106799584348, 6865737.408276089467108 ], [ 377965.636740783753339, 6865646.345558980479836 ], [ 377970.094618414295837, 6865642.786021953448653 ], [ 378091.458617261145264, 6865525.329944484867156 ], [ 378096.214140323747415, 6865519.382645415142179 ], [ 378230.667899391555693, 6865298.721865417435765 ], [ 378231.602980144554749, 6865297.072054117918015 ], [ 378447.109224791172892, 6864887.158362621441483 ], [ 378571.169383752683643, 6864656.492578345350921 ], [ 378624.949806175311096, 6864567.767576274462044 ], [ 378681.554006268095691, 6864491.903083597309887 ], [ 378728.601436152530368, 6864430.953120132908225 ], [ 378778.898167414066847, 6864376.267793295904994 ], [ 378898.622257009497844, 6864280.264522352255881 ], [ 379035.573714204656426, 6864190.980766708031297 ], [ 379269.085459100781009, 6864053.018535529263318 ], [ 379269.723703716241289, 6864052.630652889609337 ], [ 379456.22935270803282, 6863936.081406297162175 ], [ 379456.33139919443056, 6863936.017351128160954 ], [ 379938.553190779639408, 6863631.972361313179135 ], [ 380274.467991136189085, 6863428.321223627775908 ], [ 380274.936851291160565, 6863428.031047566793859 ], [ 380466.004525292373728, 6863307.337431405670941 ], [ 380565.97882961545838, 6863251.94150616414845 ], [ 380666.29663734161295, 6863207.251058758236468 ], [ 380749.533946902723983, 6863183.774110857397318 ], [ 380853.621065352112055, 6863163.511911261826754 ], [ 381051.721404412412085, 6863147.331578953191638 ], [ 381061.760712924413383, 6863144.711401470005512 ], [ 381070.307053161028307, 6863138.828110384754837 ], [ 381076.338158951315563, 6863130.385432587005198 ], [ 381079.132622622244526, 6863120.393234719522297 ], [ 381162.751820286153816, 6862277.636306818574667 ], [ 381162.349263782554772, 6862268.960442518815398 ], [ 381159.478311107726768, 6862260.763473332859576 ], [ 381154.379588522366248, 6862253.732420702464879 ], [ 381147.480440775339957, 6862248.456585844047368 ], [ 381139.359113596146926, 6862245.378158008679748 ], [ 381130.696288560633548, 6862244.755152796395123 ], [ 380872.598300007521175, 6862263.751845819875598 ], [ 380854.936904117523227, 6862161.070949042215943 ], [ 380798.916641582443845, 6861835.957174904644489 ], [ 380796.085759204637725, 6861827.43804088793695 ], [ 380790.861059822724201, 6861820.137900081463158 ], [ 380783.710383566562086, 6861814.710435801185668 ], [ 380775.27403010946, 6861811.641644544899464 ], [ 380766.307423717749771, 6861811.206317949108779 ], [ 380591.810087785474025, 6861829.009148173965514 ], [ 380540.058188673458062, 6861746.852917563170195 ], [ 380533.558442873298191, 6861739.531705500558019 ], [ 380525.047627026797272, 6861734.693022294901311 ], [ 380515.432113153976388, 6861732.85217072814703 ], [ 380505.735919737373479, 6861734.205195029266179 ], [ 380496.991657348058652, 6861738.6080028610304 ], [ 380490.130559243436437, 6861745.591710639186203 ], [ 380419.801579377555754, 6861845.653352633118629 ], [ 380282.938372794713359, 6861816.937719855457544 ], [ 380273.3367324040737, 6861816.496470557525754 ], [ 380264.088355457352009, 6861819.114432166330516 ], [ 380256.142600170394871, 6861824.52286743465811 ], [ 380250.315108910319395, 6861832.166593276895583 ], [ 380205.878419286804274, 6861915.377910038456321 ], [ 380045.24421372229699, 6861837.790658724494278 ], [ 380034.398830446181819, 6861834.885552728548646 ], [ 380023.244945010577794, 6861836.171172789297998 ], [ 379808.281069641117938, 6861903.373195447959006 ], [ 379796.254850359226111, 6861889.880644815973938 ], [ 379833.577151817327831, 6861864.284813782200217 ], [ 379840.786423359066248, 6861857.306020476855338 ], [ 379845.291209789225832, 6861848.340305146761239 ], [ 379846.587589920090977, 6861838.390604110434651 ], [ 379844.530546129739378, 6861828.569925772957504 ], [ 379839.350186541152652, 6861819.97684560995549 ], [ 379831.626004321791697, 6861813.572615663520992 ], [ 379690.349411145958584, 6861731.888769417069852 ], [ 379684.329089039762039, 6861729.240690627135336 ], [ 379450.13574578659609, 6861655.627050037495792 ], [ 379442.029598016815726, 6861654.259708914905787 ], [ 379433.856639567879029, 6861655.144018591381609 ], [ 379426.230562028940767, 6861658.213577969931066 ], [ 379210.745599474234041, 6861781.623559970408678 ], [ 379202.884602317470126, 6861788.124087964184582 ], [ 379197.656155390373897, 6861796.882825500331819 ], [ 379195.664737686398439, 6861806.887144369073212 ], [ 379189.174000906408764, 6862059.903747602365911 ], [ 379003.632342024473473, 6862182.593983710743487 ], [ 379004.80586627824232, 6862058.123212892562151 ], [ 379003.316622019628994, 6862048.501601201482117 ], [ 378998.824598762555979, 6862039.86360449809581 ], [ 378857.308856074057985, 6861850.795231979340315 ], [ 378850.128911343053915, 6861843.942589040845633 ], [ 378841.106007658876479, 6861839.807672997005284 ], [ 378831.227755181083921, 6861838.843074858188629 ], [ 378821.575387052143924, 6861841.154375593177974 ], [ 378593.227280538529158, 6861938.025177420116961 ], [ 378599.155958558025304, 6861878.370073723606765 ], [ 378598.719504903012421, 6861869.515035645104945 ], [ 378595.713940253306646, 6861861.174245975911617 ], [ 378590.401757905783597, 6861854.076153987087309 ], [ 378583.246901385369711, 6861848.84067699406296 ], [ 378574.874245580926072, 6861845.92505940143019 ], [ 378353.731657593220007, 6861804.13022631034255 ], [ 378336.835598787292838, 6861589.695228528231382 ], [ 378334.887702099222224, 6861581.176457894034684 ], [ 378330.567488267959561, 6861573.580438734032214 ], [ 378324.241521458956413, 6861567.55168276373297 ], [ 378316.446551202388946, 6861563.601721583865583 ], [ 378307.843969938287046, 6861562.06570393498987 ], [ 377991.644648310902994, 6861552.409994632005692 ], [ 377917.9817675393424, 6861367.341847263276577 ], [ 377912.787850250198971, 6861358.798246980644763 ], [ 377905.074773328320589, 6861352.43598897010088 ], [ 377895.699287211929914, 6861348.961777882650495 ], [ 377885.702798841346521, 6861348.761520912870765 ], [ 377576.226840199960861, 6861394.709192123264074 ], [ 377446.611938720336184, 6861304.820602672174573 ], [ 377367.373953077301849, 6860660.33480872400105 ], [ 377415.408685798989609, 6860590.127956256270409 ], [ 377480.173070745717268, 6860495.447676802054048 ], [ 377541.461666994029656, 6860405.853006705641747 ], [ 377545.46909545105882, 6860397.422794536687434 ], [ 377546.691495788225438, 6860388.168946825899184 ], [ 377545.01052884128876, 6860378.987317875958979 ], [ 377540.588927078119013, 6860370.766770577058196 ], [ 377533.854740656272043, 6860364.303126613609493 ], [ 377409.842050142411608, 6860277.868628244847059 ], [ 377539.311062734632287, 6860024.769671504385769 ], [ 377612.589249629934784, 6859881.535540479235351 ], [ 377615.464641947124619, 6859872.855498118326068 ], [ 377615.591724432539195, 6859863.712475291453302 ], [ 377612.958690979867242, 6859854.955869144760072 ], [ 377607.810153370490298, 6859847.399178278632462 ], [ 377512.638604004576337, 6859745.459388478659093 ], [ 377430.630817521072458, 6859657.55073525942862 ], [ 377378.37917091883719, 6859601.56675529666245 ], [ 377477.605080617358908, 6859279.56071010325104 ], [ 377478.918075127585325, 6859269.706913145259023 ], [ 377476.938929063559044, 6859259.965031913481653 ], [ 377471.884955453686416, 6859251.404738703742623 ], [ 377464.311087726964615, 6859244.965965782292187 ], [ 377455.048947239527479, 6859241.355699494481087 ], [ 377445.115530077368021, 6859240.970352169126272 ], [ 375441.310896968760062, 6859498.206197851337492 ], [ 375432.540297216561157, 6859500.73188054189086 ], [ 375424.935049778257962, 6859505.777938852086663 ], [ 375419.199083622603212, 6859512.877318073064089 ], [ 375415.863310172979254, 6859521.372911551967263 ], [ 375415.236483034444973, 6859530.478381380438805 ], [ 375417.376620277471375, 6859539.350940518081188 ], [ 375422.085634382267017, 6859547.169359746389091 ], [ 375510.070150294457562, 6859652.733890557661653 ], [ 375518.044190560874995, 6859659.466135554946959 ], [ 375527.841973711620085, 6859663.059446869418025 ], [ 375538.277876094391104, 6859663.079000132158399 ], [ 375631.609130105469376, 6859646.774710243567824 ], [ 375669.872127212758642, 6859768.442525111138821 ], [ 375627.84873993502697, 6859827.932933983393013 ], [ 375623.442865593184251, 6859837.225084247067571 ], [ 375622.433991245052312, 6859847.459240674972534 ], [ 375624.940666111651808, 6859857.432824101299047 ], [ 375746.828471712826286, 6860131.493129082024097 ], [ 375752.243269797181711, 6860139.701922199688852 ], [ 375966.15795079729287, 6860370.358240568079054 ], [ 375932.122764327039476, 6860921.024439760483801 ], [ 375933.109519522520714, 6860930.720119331032038 ], [ 375937.152105542074423, 6860939.587891680188477 ], [ 376121.287581246811897, 6861214.07646298315376 ], [ 375996.332912163750734, 6861477.605553883127868 ], [ 375993.633311973826494, 6861487.059041630476713 ], [ 375994.13483379338868, 6861496.877633566968143 ], [ 375997.783616256841924, 6861506.006853594444692 ], [ 376004.187795242585707, 6861513.466261297464371 ], [ 376012.659588456735946, 6861518.454747190698981 ], [ 376022.289160402317066, 6861520.43656855262816 ], [ 376032.042334942729212, 6861519.198885980062187 ], [ 376426.101767919724807, 6861401.252560835331678 ], [ 376589.973359056340996, 6861440.885578499175608 ], [ 376621.597964394488372, 6861617.110186345875263 ], [ 376495.644730047381017, 6861878.238100918009877 ], [ 376280.827069345337804, 6862047.823322021402419 ], [ 376275.061468801577576, 6862053.85271832626313 ], [ 376271.179161587147973, 6862061.236718605272472 ], [ 376269.480361210589763, 6862069.404328213073313 ], [ 376252.253522516402882, 6862331.725978842936456 ], [ 376075.655520494270604, 6862487.271835997700691 ], [ 376070.90528879140038, 6862492.583598870784044 ], [ 376067.541851420653984, 6862498.865860812366009 ], [ 375852.746426503697876, 6863048.565926100127399 ], [ 375608.597181923047174, 6863239.818788308650255 ], [ 375601.90169912262354, 6863247.150949067436159 ], [ 375597.966245276504196, 6863256.266993952915072 ], [ 375384.066056602459867, 6864125.501161341555417 ], [ 374957.081545710971113, 6864305.346446726471186 ], [ 374949.917934800032526, 6864309.622479911893606 ], [ 374944.20890438061906, 6864315.705961871892214 ], [ 374940.3959641031106, 6864323.126424628309906 ], [ 374825.515607820940204, 6864652.956385597586632 ], [ 374490.049700388626661, 6864756.947008913382888 ], [ 374481.101655412407126, 6864761.475782214663923 ], [ 374474.146237928711344, 6864768.700701878406107 ], [ 374332.846349815954454, 6864975.922322572208941 ], [ 374016.864727994077839, 6864576.077405720949173 ], [ 374008.051624385465402, 6864568.540180864743888 ], [ 373997.038363597355783, 6864564.908564068377018 ], [ 373731.630589664680883, 6864531.822527222335339 ], [ 373532.188701794948429, 6864336.045231121592224 ], [ 373523.340146060276311, 6864330.032267234288156 ], [ 373512.944311111874413, 6864327.506541790440679 ], [ 373101.805125083250459, 6864303.190273175947368 ], [ 373091.181851270550396, 6864304.473659280687571 ], [ 373081.684766258171294, 6864309.403811678290367 ], [ 372875.580014397506602, 6864468.745908663608134 ], [ 372640.012205456499942, 6864497.828540805727243 ], [ 372427.546130369126331, 6864412.668916833586991 ], [ 372417.986529569840059, 6864410.558170428499579 ], [ 372408.256364932458382, 6864411.637574875727296 ], [ 372201.190250397834461, 6864469.922214795835316 ], [ 372133.457548516977113, 6864367.697055836208165 ], [ 372125.675644492555875, 6864359.706293344497681 ], [ 372115.512439329002518, 6864355.110689330846071 ], [ 371975.393216134689283, 6864321.165652887895703 ], [ 371918.511281190090813, 6864182.879175622947514 ], [ 372048.341612172080204, 6864088.469410882331431 ], [ 372055.319525885395706, 6864081.346208984032273 ], [ 372059.577269001631066, 6864072.329396429471672 ], [ 372060.644449443439953, 6864062.415143508464098 ], [ 372058.403165963594802, 6864052.69876900780946 ], [ 372020.730658979213331, 6863961.999012045562267 ], [ 372287.18868411850417, 6863822.788582401350141 ], [ 372294.027294540661387, 6863817.884028532542288 ], [ 372299.234624105505645, 6863811.273055838420987 ], [ 372302.400906654132996, 6863803.475883532315493 ], [ 372335.26915401237784, 6863672.022954696789384 ], [ 372336.101825185818598, 6863662.797791253775358 ], [ 372334.080632792029064, 6863653.758335343562067 ], [ 372329.39825706143165, 6863645.766318116337061 ], [ 372261.459321604110301, 6863562.601254437118769 ], [ 372253.536882936547045, 6863555.78187925927341 ], [ 372243.755576333322097, 6863552.094745768234134 ], [ 372233.302949275297578, 6863551.9875084804371 ], [ 372223.448054194275755, 6863555.473187064751983 ], [ 372052.862227040983271, 6863652.032962799072266 ], [ 371755.729933753143996, 6863644.474366093985736 ], [ 371830.12786975473864, 6863463.896662588231266 ], [ 371832.080111971474253, 6863456.768205480650067 ], [ 371832.230280519986991, 6863449.378780617378652 ], [ 371802.308704019349534, 6863160.405889107845724 ], [ 371799.764718233316671, 6863151.049722831696272 ], [ 371794.369472879334353, 6863142.993604743853211 ], [ 371786.686529576312751, 6863137.079038549214602 ], [ 371702.269578500243369, 6863091.643169800750911 ], [ 371663.08023198437877, 6862909.713183536194265 ], [ 371912.787371515238192, 6862732.421285313554108 ], [ 371920.263402524986304, 6862724.776199218817055 ], [ 371924.583227024180815, 6862714.994711737148464 ], [ 371925.198043079639319, 6862704.319488916546106 ], [ 371911.737029150768649, 6862594.205908094532788 ], [ 371908.978336254076567, 6862584.810108757577837 ], [ 371903.340809428947978, 6862576.803254009224474 ], [ 371769.761191960191354, 6862441.070759426802397 ], [ 371694.036295936908573, 6862103.454025164246559 ], [ 371853.850715613283683, 6861783.491178090684116 ], [ 372425.843229605350643, 6861733.902793479152024 ], [ 372436.802005802339409, 6861730.78056332282722 ], [ 372445.805939257494174, 6861723.796848034486175 ], [ 372528.876093930390198, 6861629.086821373552084 ], [ 372533.355387735180557, 6861622.312989096157253 ], [ 372535.85378920508083, 6861614.585967237129807 ], [ 372536.188224150391761, 6861606.471965143457055 ], [ 372518.755098639696371, 6861422.683178755454719 ], [ 372516.470814508735202, 6861413.715577615424991 ], [ 372511.562110150407534, 6861405.870805744081736 ], [ 372504.496053279784974, 6861399.895300367847085 ], [ 372495.944985678885132, 6861396.357636297121644 ], [ 372238.63885743560968, 6861334.094086151570082 ], [ 372298.581582510843873, 6861204.994651616550982 ], [ 372301.340253449860029, 6861193.731983672827482 ], [ 372299.621677391580306, 6861182.264444665051997 ], [ 372271.548848911130335, 6861103.714374235831201 ], [ 372527.352052861009724, 6861073.975543322041631 ], [ 372537.514987434842624, 6861070.902573973871768 ], [ 372545.971051260537934, 6861064.482031602412462 ], [ 372689.22035054070875, 6860908.692610708065331 ], [ 372980.618642558401916, 6861091.83209025580436 ], [ 372988.429069707752205, 6861095.30285935010761 ], [ 372996.901251665083691, 6861096.430309233255684 ], [ 373005.347538977686781, 6861095.1229297965765 ], [ 373013.082383946108166, 6861091.486835232935846 ], [ 373019.477983492310159, 6861085.81715122051537 ], [ 373142.918478959647473, 6860940.021764980629086 ], [ 373147.792815772700123, 6860931.986568853259087 ], [ 373149.94187065155711, 6860922.837519760243595 ], [ 373149.154741233796813, 6860913.472480333410203 ], [ 373145.508674245793372, 6860904.810509905219078 ], [ 373085.097156376461498, 6860807.525346765294671 ], [ 373143.49913675832795, 6860689.964204196818173 ], [ 373379.929526044928934, 6860614.331057767383754 ], [ 373388.454201579617802, 6860610.004921463318169 ], [ 373395.185156206018291, 6860603.216711235232651 ], [ 373399.438932169752661, 6860594.655698541551828 ], [ 373400.783603194402531, 6860585.191164314746857 ], [ 373399.082632058940362, 6860575.784132610075176 ], [ 373394.508734518953133, 6860567.389788705855608 ], [ 373312.121422318567056, 6860460.995887774974108 ], [ 373486.285352084029, 6860095.801393507048488 ], [ 373488.984310505678877, 6860086.536715985275805 ], [ 373488.602363178564701, 6860076.894478568807244 ], [ 373485.179028336307965, 6860067.872316704131663 ], [ 373479.068501798261423, 6860060.403709633275867 ], [ 373470.903010049194563, 6860055.261397833935916 ], [ 373191.361581713776104, 6859936.913525640964508 ], [ 373221.539514666364994, 6859861.244577331468463 ], [ 373223.669229884748347, 6859850.657504324801266 ], [ 373221.912149697367568, 6859840.002248767763376 ], [ 373216.495956167869736, 6859830.659516328945756 ], [ 373113.920555196993519, 6859710.435062697157264 ], [ 373098.829923870798666, 6859450.177637447603047 ], [ 373096.32785322284326, 6859439.805224776268005 ], [ 373090.353740302147344, 6859430.964564340189099 ], [ 373081.663292485231068, 6859424.773973181843758 ], [ 372975.690695199067704, 6859374.860858217813075 ], [ 373142.364986797969323, 6859004.996709706261754 ], [ 373144.858673792157788, 6858995.718770435079932 ], [ 373144.291654739063233, 6858986.128300095908344 ], [ 373140.722079731000122, 6858977.20884012337774 ], [ 373134.516023089876398, 6858969.875117132440209 ], [ 373126.309940968814772, 6858964.879234010353684 ], [ 373116.945400204858743, 6858962.733538733795285 ], [ 372347.590700227126945, 6858913.095908631570637 ], [ 372268.422686174337287, 6858743.005018473602831 ], [ 372263.36134047829546, 6858735.416848517023027 ], [ 372256.253625090117566, 6858729.70038759149611 ], [ 372126.654746047279332, 6858654.682381984777749 ], [ 372153.023429385037161, 6858451.965796906501055 ], [ 372152.851809162995778, 6858443.080493920482695 ], [ 372150.084640120738186, 6858434.635327366180718 ], [ 372047.559731547022238, 6858230.430612787604332 ], [ 372042.440835424757097, 6858223.167714351788163 ], [ 372035.419028625939973, 6858217.722806596197188 ], [ 372027.110301423934288, 6858214.573545813560486 ], [ 372018.2435396007495, 6858213.996201925911009 ], [ 372009.596582706260961, 6858216.041422612965107 ], [ 372001.927987831586506, 6858220.529790227301419 ], [ 371846.58081175503321, 6858345.684493403881788 ], [ 371663.964618618134409, 6858300.003544035367668 ], [ 371653.750407943502069, 6858299.250637849792838 ], [ 371643.878173853328917, 6858301.977533794939518 ], [ 371635.498546811810229, 6858307.866406189277768 ], [ 371629.588190668961033, 6858316.230894081294537 ], [ 371573.669073423719965, 6858433.908156189136207 ], [ 371499.84873011498712, 6858450.711963623762131 ], [ 371498.72805232583778, 6858330.250511043705046 ], [ 371497.076055849494878, 6858320.707971315830946 ], [ 371492.470044268353377, 6858312.188944721594453 ], [ 371485.390010851784609, 6858305.581200504675508 ], [ 371476.573767115711235, 6858301.573332843370736 ], [ 371466.940055355953518, 6858300.583002323284745 ], [ 371457.492806353431661, 6858302.713411460630596 ], [ 371238.328707143373322, 6858391.246299335733056 ], [ 371022.927464498323388, 6858347.638707832433283 ], [ 370830.548602957103867, 6858109.154887319542468 ], [ 370822.223649089690298, 6858102.024241919629276 ], [ 370811.892856124381069, 6858098.360135287046432 ], [ 370614.940034698753152, 6858067.158616840839386 ], [ 370604.745883296360262, 6858067.297583963721991 ], [ 370595.186927061819006, 6858070.842494454234838 ], [ 370182.066835068340879, 6858310.61102476157248 ], [ 370174.288358077523299, 6858317.103856702335179 ], [ 370169.114916824037209, 6858325.815749521367252 ], [ 370167.136637536750641, 6858335.752951439470053 ], [ 370168.579179392778315, 6858345.781941613182425 ], [ 370224.013424750068225, 6858517.335401736199856 ], [ 370080.465593067696318, 6858504.573364634998143 ], [ 369777.279717761965003, 6858243.782317310571671 ], [ 369769.18912803666899, 6858238.806397429667413 ], [ 369759.948487141809892, 6858236.609131716191769 ], [ 369750.484091507969424, 6858237.4107775548473 ], [ 369741.744667094491888, 6858241.130976700223982 ], [ 369644.480755049909931, 6858302.303127077408135 ], [ 369611.316682037955616, 6858252.440598130226135 ], [ 369604.695294629898854, 6858245.327436374500394 ], [ 369596.147538846766111, 6858240.704048824496567 ], [ 369586.570357688935474, 6858239.055582131259143 ], [ 369165.988162277732044, 6858235.787345895543694 ], [ 369118.733068620786071, 6858060.901812279596925 ], [ 369114.058774783974513, 6858051.116613134741783 ], [ 369106.210992510139477, 6858043.632532793097198 ], [ 369096.21515789575642, 6858039.427483977749944 ], [ 368929.10579352529021, 6858002.67772969789803 ], [ 368919.819413702411111, 6858002.112596861086786 ], [ 368910.806447575043421, 6858004.419687436893582 ], [ 368902.933704395603854, 6858009.377120257355273 ], [ 368896.958334089315031, 6858016.508121241815388 ], [ 368893.455009432451334, 6858025.126876470632851 ], [ 368892.760657712235115, 6858034.404489365406334 ], [ 368909.821551780973095, 6858244.610690862871706 ], [ 368751.177557307004463, 6858368.762899461202323 ], [ 368744.430220557085704, 6858376.166952925734222 ], [ 368740.496625768137164, 6858385.379628593102098 ], [ 368739.81535372819053, 6858395.373748330399394 ], [ 368742.46236366633093, 6858405.035005976445973 ], [ 368760.827795707969926, 6858444.540630403906107 ], [ 368561.866629595228005, 6858393.951689929701388 ], [ 368552.509670451225247, 6858393.090922928415239 ], [ 368543.345409945119172, 6858395.166960893198848 ], [ 368535.272898732917383, 6858399.976136184297502 ], [ 368529.084082492685411, 6858407.046649446710944 ], [ 368307.911000334541313, 6858758.459576488472521 ], [ 368304.044690886163153, 6858767.800266669131815 ], [ 368303.500474354543258, 6858777.894852850586176 ], [ 368328.150680182967335, 6858990.486694221384823 ], [ 368135.195580601401161, 6859046.030569263733923 ], [ 368127.18751498311758, 6859049.678820351138711 ], [ 368120.582542332354933, 6859055.493731118738651 ], [ 368115.948975418519694, 6859062.974968221969903 ], [ 368046.837605270324275, 6859223.152572581544518 ], [ 367927.702492945943959, 6859208.475960341282189 ], [ 367914.554156929720193, 6859037.321741789579391 ], [ 367912.264388764218893, 6859027.91407788451761 ], [ 367907.097405277309008, 6859019.725704416632652 ], [ 367899.591417716583237, 6859013.609551284462214 ], [ 367890.528276254131924, 6859010.20269859675318 ], [ 367700.452093549829442, 6858972.170649592764676 ], [ 367690.011767351010349, 6858971.935284736566246 ], [ 367680.123304772307165, 6858975.292979716323316 ], [ 367671.984921673487406, 6858981.836872158572078 ], [ 367666.582771324145142, 6858990.774018199183047 ], [ 367580.759104946977459, 6859212.868728736415505 ], [ 367342.767818922991864, 6859115.358779198490083 ], [ 367334.235891848918982, 6859113.253979844041169 ], [ 367325.460105864389334, 6859113.711735536344349 ], [ 367317.193462019378785, 6859116.692768823355436 ], [ 367310.145274728245568, 6859121.941293933428824 ], [ 367304.920309472247027, 6859129.006964318454266 ], [ 367221.602802290173713, 6859285.306258223950863 ], [ 367072.950700211047661, 6859222.62923329602927 ], [ 367063.881068194808904, 6859220.384171348065138 ], [ 367054.560621103097219, 6859221.038231032900512 ], [ 367045.893427060276736, 6859224.527969631366432 ], [ 367038.720189713407308, 6859230.514888206496835 ], [ 367033.736701353336684, 6859238.418265447951853 ], [ 366956.762435393524356, 6859417.366825678385794 ], [ 366954.370861775823869, 6859427.492778572253883 ], [ 366955.581779877480585, 6859437.826617343351245 ], [ 366983.114755427581258, 6859529.776473728008568 ], [ 366751.40240277472185, 6859647.571919315494597 ], [ 366744.064192939084023, 6859652.82522033713758 ], [ 366738.620371840253938, 6859660.023227495141327 ], [ 366735.56358408840606, 6859668.51454917434603 ], [ 366694.510634917183779, 6859876.848852126859128 ], [ 366622.601595537620597, 6859923.570055799558759 ], [ 366574.966127128223889, 6859954.56167127750814 ], [ 366382.870126090710983, 6859877.440570299513638 ], [ 366375.197868350951467, 6859875.486147909425199 ], [ 366367.281509721418843, 6859875.60686141718179 ], [ 366359.672409677703399, 6859877.794303353875875 ], [ 366169.079484304180369, 6859961.14665499702096 ], [ 366027.013988188118674, 6859875.054573767818511 ], [ 366017.667309028154705, 6859871.359096137806773 ], [ 366007.624590794963297, 6859870.958126415498555 ], [ 365998.013038964767475, 6859873.896669872105122 ], [ 365989.91146443359321, 6859879.844901234842837 ], [ 365866.849857570428867, 6860006.965805728919804 ], [ 365677.938444588857237, 6859949.385125450789928 ], [ 365669.234836442396045, 6859948.081735700368881 ], [ 365660.527512137661688, 6859949.360063930042088 ], [ 365652.565800974611193, 6859953.110100591555238 ], [ 365646.034866758156568, 6859959.009127449244261 ], [ 365641.496744413336273, 6859966.549489853903651 ], [ 365639.341972746420652, 6859975.082284159958363 ], [ 365618.51438938890351, 6860182.354567088186741 ], [ 365487.762430585746188, 6860248.719865852035582 ], [ 365463.105872174492106, 6860227.761156080290675 ], [ 364872.128966009651776, 6859725.530480961315334 ], [ 364864.436050326970872, 6859720.78066932503134 ], [ 364855.677377951913513, 6859718.538500619120896 ], [ 364846.648447150422726, 6859719.007617727853358 ], [ 364838.16930215829052, 6859722.145413528196514 ], [ 364640.030824575922452, 6859831.858544097281992 ], [ 364464.281832172593568, 6859767.436228669248521 ], [ 364598.979876957775559, 6859543.116485037840903 ], [ 364602.438646815833636, 6859534.646437245421112 ], [ 364603.183689972793218, 6859525.527791007421911 ], [ 364601.145713442878332, 6859516.608629040420055 ], [ 364596.514259909163229, 6859508.718480962328613 ], [ 364589.720079243939836, 6859502.591172612272203 ], [ 364581.395066473516636, 6859498.796576335094869 ], [ 364572.313492172048427, 6859497.687609817832708 ], [ 364366.619935579365119, 6859504.183704164810479 ], [ 364345.646435975388158, 6859462.091587470844388 ], [ 364438.863462025416084, 6859370.081261578015983 ], [ 364444.119783513713628, 6859363.106848406605422 ], [ 364447.144669562461786, 6859354.914082142524421 ], [ 364447.681773330958094, 6859346.197266542352736 ], [ 364445.685577450203709, 6859337.695116422139108 ], [ 364441.325251435860991, 6859330.128154566511512 ], [ 364434.970315256738104, 6859324.13765034545213 ], [ 364352.156482047226746, 6859266.280615508556366 ], [ 364327.24962797225453, 6859092.238450951874256 ], [ 364324.991599801927805, 6859084.360797754488885 ], [ 364320.686100289516617, 6859077.388080560602248 ], [ 364314.654396772210021, 6859071.840588892810047 ], [ 364185.369695366418455, 6858982.134681482799351 ], [ 364176.449120565026533, 6858977.919695890508592 ], [ 364166.643631488841493, 6858976.826470245607197 ], [ 364157.013776308565866, 6858978.973246325738728 ], [ 364088.520040634903125, 6859006.690959813073277 ], [ 364242.207557958958205, 6858691.864705070853233 ], [ 364245.021231373539194, 6858682.388575569726527 ], [ 364244.602436263056006, 6858672.512422519735992 ], [ 364240.996641579491552, 6858663.308508509770036 ], [ 364234.595331610355061, 6858655.776110546663404 ], [ 364226.093502186588012, 6858650.733027674257755 ], [ 364216.414204376400448, 6858648.726791818626225 ], [ 364001.8937138831825, 6858640.383787338621914 ], [ 363993.99298066936899, 6858641.126872822642326 ], [ 363986.563492165470961, 6858643.915503655560315 ], [ 363778.559475470217876, 6858755.323131618089974 ], [ 363772.465668826596811, 6858759.641695846803486 ], [ 363767.627519141242374, 6858765.331755954772234 ], [ 363568.526363511395175, 6859069.323157778941095 ], [ 363564.500961363548413, 6859078.554221875034273 ], [ 363563.757137133623473, 6859088.597285765223205 ], [ 363573.267807705095038, 6859188.712979876436293 ], [ 363469.975062032288406, 6859203.907054180279374 ], [ 363390.00281159428414, 6859101.342222875915468 ], [ 363383.237717220035847, 6859094.997549332678318 ], [ 363374.857987873954698, 6859091.022436711005867 ], [ 363365.66455235396279, 6859089.796823557466269 ], [ 363356.536112937319558, 6859091.437853137031198 ], [ 363348.345159618300386, 6859095.788676965981722 ], [ 363341.874578111164737, 6859102.4334462787956 ], [ 363286.325542005710304, 6859180.752797418273985 ], [ 363158.446795689989813, 6859019.594403129070997 ], [ 363152.678273362456821, 6859014.043171782977879 ], [ 363145.647002847108524, 6859010.215214855968952 ], [ 363137.85370450548362, 6859008.383134002797306 ], [ 362849.118393055454362, 6858980.269150069914758 ], [ 362729.057079998427071, 6858753.007890364155173 ], [ 362722.984106281364802, 6858745.074212758801877 ], [ 362714.642583495529834, 6858739.574826636351645 ], [ 362482.1560655318317, 6858636.985401910729706 ], [ 362625.422740987385623, 6858471.847561864182353 ], [ 362630.101554036489688, 6858464.539329953491688 ], [ 362632.49291660299059, 6858456.197691607289016 ], [ 362632.396747246617451, 6858447.520578224211931 ], [ 362551.481728814425878, 6857933.78236588742584 ], [ 362548.766538493800908, 6857925.208253532648087 ], [ 362543.63195441669086, 6857917.824236501008272 ], [ 362536.539448246301617, 6857912.293954648077488 ], [ 362528.126460244820919, 6857909.114443043246865 ], [ 362375.918459347856697, 6857876.533517716452479 ], [ 362368.159444406570401, 6857875.905483851209283 ], [ 361463.663851777557284, 6857920.569734524935484 ], [ 361388.069737177051138, 6857843.366369808092713 ], [ 361389.432111334986985, 6857354.066617487929761 ], [ 361388.021769206156023, 6857344.892537078820169 ], [ 361383.874683162604924, 6857336.588652830570936 ], [ 361377.387834473047405, 6857329.949856979772449 ], [ 361369.182179007970262, 6857325.611650592647493 ], [ 361360.043206020200159, 6857323.98931 ], [ 361350.845746910606977, 6857325.238134325481951 ], [ 361141.005288994405419, 6857387.920129874721169 ], [ 361041.197611933632288, 6857207.879812341183424 ], [ 361034.689011995622423, 6857199.825379226356745 ], [ 361025.829638224327937, 6857194.463731872849166 ], [ 360796.912381737667602, 6857105.47211336158216 ], [ 360788.901225518900901, 6857103.570092580281198 ], [ 360780.674713435408194, 6857103.917664085514843 ], [ 360772.852542307868134, 6857106.488645584322512 ], [ 360766.023950264323503, 6857111.089367018081248 ], [ 360500.36092591995839, 6857349.099813626147807 ], [ 360354.010152372065932, 6857184.751214036718011 ], [ 360345.515031857881695, 6857178.121521539986134 ], [ 360335.225299199402798, 6857174.921318894252181 ], [ 360324.468557371757925, 6857175.563502985052764 ], [ 360047.32930151198525, 6857243.445169634185731 ], [ 360040.107103427639231, 6857246.243561579845846 ], [ 360033.842052963445894, 6857250.797711921855807 ], [ 359836.972085232206155, 6857437.169724651612341 ], [ 359831.350617691001389, 6857444.424656677059829 ], [ 359828.185614226618782, 6857453.039625572972 ], [ 359827.773301354784053, 6857462.208318724296987 ], [ 359852.529684322711546, 6857689.20856499671936 ], [ 359771.667322294961195, 6857771.583958166651428 ], [ 359766.425015299057122, 6857778.826008463278413 ], [ 359763.549604794476181, 6857787.291295792907476 ], [ 359763.296456227835733, 6857796.228017280809581 ], [ 359765.688051744480617, 6857804.842501944862306 ], [ 359809.912310594168957, 6857903.775370916351676 ], [ 359739.418530187453143, 6857906.502585330046713 ], [ 359729.566467077354901, 6857908.574247660115361 ], [ 359720.954517003963701, 6857913.78857870772481 ], [ 359714.552528430649545, 6857921.558358281850815 ], [ 359711.081471489276737, 6857931.008580292575061 ], [ 359691.023625615227502, 6858039.138684999197721 ], [ 359621.226649507530965, 6858037.46700010728091 ], [ 359507.72351846791571, 6857908.961202116683125 ], [ 359500.779703494510613, 6857903.160582786425948 ], [ 359492.422258205420803, 6857899.694048603065312 ], [ 359483.411373512120917, 6857898.87691455706954 ], [ 359474.566676993330475, 6857900.783506934531033 ], [ 359158.816663109522779, 6858020.964633476920426 ], [ 359157.222578541375697, 6858019.568953784182668 ], [ 358851.438886279473081, 6857751.974922060966492 ], [ 358990.70277483627433, 6857686.675780062563717 ], [ 358998.260289583646227, 6857681.608015587553382 ], [ 359003.950832210015506, 6857674.507593730464578 ], [ 359007.250883757835254, 6857666.027739621698856 ], [ 359027.014810972905252, 6857577.181403497233987 ], [ 359207.177173782489263, 6857573.61981712654233 ], [ 359216.604325052059721, 6857571.902834894135594 ], [ 359225.009212442964781, 6857567.300979073159397 ], [ 359231.534358052595053, 6857560.283737177960575 ], [ 359235.514057760068681, 6857551.567017652094364 ], [ 359236.542297254956793, 6857542.040111932903528 ], [ 359234.514174162759446, 6857532.674967739731073 ], [ 359229.636600325990003, 6857524.427029662765563 ], [ 359032.840636090433691, 6857288.128405344672501 ], [ 358981.47908021468902, 6857014.42339326813817 ], [ 358978.803655273281038, 6857006.494311023503542 ], [ 358974.042172714776825, 6856999.612703092396259 ], [ 358967.565119496721309, 6856994.314021607860923 ], [ 358959.876469688373618, 6856991.01055252365768 ], [ 358829.337883029016666, 6856955.461369274184108 ], [ 358818.93182790762512, 6856954.513530124910176 ], [ 358808.831891496258322, 6856957.19227362331003 ], [ 358800.263357481278945, 6856963.172625374980271 ], [ 358794.265725966251921, 6856971.72907314542681 ], [ 358708.903761164750904, 6857154.795394753105938 ], [ 358581.215284110745415, 6857147.899226169101894 ], [ 358571.485397549346089, 6857148.97313033323735 ], [ 358562.619205538823735, 6857153.122178643941879 ], [ 358555.560701026057359, 6857159.904617490246892 ], [ 358551.061410536349285, 6857168.598313352093101 ], [ 358457.436332602228504, 6857457.202752077952027 ], [ 358262.624293198226951, 6857555.033310179598629 ], [ 358255.062545249704272, 6857560.442840557545424 ], [ 358249.520190950192045, 6857567.907782603986561 ], [ 358246.529561427654698, 6857576.711144803091884 ], [ 358246.377900171268266, 6857586.007383279502392 ], [ 358249.079773916280828, 6857594.903614459559321 ], [ 358374.162433671415783, 6857853.55259667430073 ], [ 358395.175716121448204, 6858284.501917718909681 ], [ 357954.030880358477589, 6858518.039034243673086 ], [ 357948.042170153115876, 6858522.214509356766939 ], [ 357943.239360115781892, 6858527.712896219454706 ], [ 357249.80549052299466, 6859550.059846301563084 ], [ 356805.683336116431747, 6859812.69565259013325 ], [ 356114.912504418636672, 6858924.847827265039086 ], [ 356107.310633726650849, 6858917.940549933351576 ], [ 356097.824339055805467, 6858914.002386456355453 ], [ 356087.565613545011729, 6858913.494972373358905 ], [ 356077.736995464365464, 6858916.477787282317877 ], [ 356069.490605452272575, 6858922.601182576268911 ], [ 355705.9498984158854, 6859305.061538157053292 ], [ 355569.21164830843918, 6859097.274570249021053 ], [ 355494.25767911184812, 6858716.693648527376354 ], [ 355491.108671262452845, 6858708.03146795835346 ], [ 355485.478608552832156, 6858700.734070030041039 ], [ 355477.89890398591524, 6858695.490244964137673 ], [ 355469.084994275879581, 6858692.794949384406209 ], [ 355459.868810871324968, 6858692.902588114142418 ], [ 355207.714575092424639, 6858735.123798773624003 ], [ 355136.401241817919072, 6858385.427276230417192 ], [ 355133.151918425865006, 6858376.711111170239747 ], [ 355127.388844126777258, 6858369.409288761205971 ], [ 355119.666104165720753, 6858364.223835709504783 ], [ 355110.726193961279932, 6858361.653302418068051 ], [ 354739.118420137965586, 6858315.216157477349043 ], [ 354487.3605291415588, 6857912.783949999138713 ], [ 354480.832070183008909, 6857905.400709744542837 ], [ 354472.263306975306477, 6857900.531489053741097 ], [ 354462.57902817230206, 6857898.701801347546279 ], [ 354452.824415084149223, 6857900.109116713516414 ], [ 354098.810721079877112, 6858012.842728452757001 ], [ 353916.218910733470693, 6857771.428408526815474 ], [ 353906.681499699829146, 6857763.201611628755927 ], [ 353496.775541281269398, 6857539.131713358685374 ], [ 353520.516707062313799, 6857393.391494719311595 ], [ 353520.545516241632868, 6857383.924927040934563 ], [ 353517.623095913848374, 6857374.920695091597736 ], [ 353512.04044359450927, 6857367.275387599132955 ], [ 353504.353447134082671, 6857361.750279546715319 ], [ 353317.211781581281684, 6857267.917390294373035 ], [ 353355.815372933633626, 6857157.295387266203761 ], [ 353357.487142613856122, 6857146.960498163476586 ], [ 353355.505832529859617, 6857136.680461346171796 ], [ 353350.112732670328114, 6857127.707211069762707 ], [ 353341.96463119488908, 6857121.133537136949599 ], [ 353294.32457553606946, 6857094.89243112783879 ], [ 353077.186957764381077, 6856742.155065414495766 ], [ 353070.263240594009403, 6856734.362371907569468 ], [ 353061.090926367440261, 6856729.409334125928581 ], [ 352730.301836142025422, 6856619.60226056817919 ], [ 352763.78295931633329, 6856525.585040320642292 ], [ 352765.520515236596111, 6856515.767407461069524 ], [ 352763.94468271266669, 6856505.922522120177746 ], [ 352759.229512473975774, 6856497.137752051465213 ], [ 352572.015825658629183, 6856255.692974756471813 ], [ 352561.310267026070505, 6856247.040043690241873 ], [ 352418.793494408717379, 6856178.499059735797346 ], [ 352410.928731407155283, 6856175.978105562739074 ], [ 352402.674592466559261, 6856175.6972188167274 ], [ 352394.656646918971092, 6856177.67768750153482 ], [ 352387.482563338417094, 6856181.76941473968327 ], [ 352102.458870253118221, 6856401.346544988453388 ], [ 352094.812459493987262, 6856410.067361390218139 ], [ 352091.045450612495188, 6856421.03685911372304 ], [ 352018.808448086201679, 6856947.890768651850522 ], [ 352018.910399540851358, 6856956.72588889952749 ], [ 352117.648366786190309, 6857571.148365211673081 ], [ 352051.304467549896799, 6857669.184266448020935 ], [ 352047.415741865639575, 6857677.375678488053381 ], [ 352046.152092927251942, 6857686.35479926969856 ], [ 352047.62896407750668, 6857695.30132207274437 ], [ 352051.711432604002766, 6857703.397918233647943 ], [ 352058.026535891287494, 6857709.904905948787928 ], [ 352065.997344215866178, 6857714.227825484238565 ], [ 352139.073574346257374, 6857740.509077455848455 ], [ 352001.25832376832841, 6857952.266598453745246 ], [ 351997.669729440065566, 6857960.002679702825844 ], [ 351996.402881128480658, 6857968.435950581915677 ], [ 351997.560147162061185, 6857976.884956303052604 ], [ 352001.048014064377639, 6857984.666970619931817 ], [ 352006.584642958419863, 6857991.153163867071271 ], [ 352185.702957685105503, 6858148.75991490110755 ], [ 352073.197262917587068, 6858347.536349920555949 ], [ 352070.031957476981916, 6858355.751342158764601 ], [ 352069.387599441746715, 6858364.531436618417501 ], [ 352071.31967896129936, 6858373.120518335141242 ], [ 352075.661811238329392, 6858380.778921777382493 ], [ 352197.861357195361052, 6858537.24581787828356 ], [ 351987.115726832766086, 6858775.889759046025574 ], [ 351982.277979760663584, 6858783.363663681782782 ], [ 351979.846710379002616, 6858791.928240520879626 ], [ 351980.036040709994268, 6858800.829206831753254 ], [ 351982.829296421434265, 6858809.282654043287039 ], [ 351987.980475336138625, 6858816.544086617417634 ], [ 352066.323973427934106, 6858897.998570282012224 ], [ 351988.414271281915717, 6858956.812555090524256 ], [ 351982.352092924003955, 6858962.940486560575664 ], [ 351978.282613433548249, 6858970.539229037240148 ], [ 351976.541797961690463, 6858978.981451021507382 ], [ 351977.273363495944068, 6858987.570185643620789 ], [ 351980.416913977009244, 6858995.596370348706841 ], [ 352016.734734421013854, 6859059.401993243955076 ], [ 351985.219485644658562, 6859066.517409826628864 ], [ 351975.914486266905442, 6859070.348402571864426 ], [ 351968.399755625345279, 6859077.040811870247126 ], [ 351963.520780396473128, 6859085.841670894064009 ], [ 351961.826496895984747, 6859095.760789919644594 ], [ 351963.507529937254731, 6859105.682163149118423 ], [ 351968.37474552373169, 6859114.48953115940094 ], [ 352058.410251336812507, 6859227.350876098498702 ], [ 352045.918738199397922, 6859490.117370009422302 ], [ 352046.810409283032641, 6859498.936112986877561 ], [ 352050.24013147095684, 6859507.109381043352187 ], [ 352192.274344840319827, 6859741.086706693284214 ], [ 352137.41170490096556, 6859907.763107295148075 ], [ 352135.928384879487567, 6859918.256386277265847 ], [ 352138.186122725950554, 6859928.61069754883647 ], [ 352226.080718567536678, 6860141.079290171153843 ], [ 352131.536787430755794, 6860307.487483745440841 ], [ 352127.871229076758027, 6860318.439596471376717 ], [ 352128.614740265300497, 6860329.96488528791815 ], [ 352197.021465584053658, 6860589.073646636679769 ], [ 351917.467308789025992, 6860812.519600099883974 ], [ 351911.427821013727225, 6860819.029349263757467 ], [ 351907.558544113649987, 6860827.021904740482569 ], [ 351906.198479396407492, 6860835.797009909525514 ], [ 351907.466787038254552, 6860844.585846152156591 ], [ 351954.237581733847037, 6861000.258612486533821 ], [ 351793.060254350304604, 6861451.654176401905715 ], [ 351791.459543825651053, 6861464.701771133579314 ], [ 351811.803361128666438, 6861669.920380337163806 ], [ 351419.455828057893086, 6862242.224738660268486 ], [ 351415.345922477426939, 6862250.973883931525052 ], [ 351414.231623431027401, 6862260.575821470469236 ], [ 351416.228618518915027, 6862270.033668872900307 ], [ 351525.730727095156908, 6862552.437345649115741 ], [ 351528.699053411139175, 6862558.170893474482 ], [ 351666.930675112002064, 6862766.632719580084085 ], [ 351484.167004404356703, 6863047.133492968045175 ], [ 351337.108652733790223, 6863083.834874232299626 ], [ 350990.504661052022129, 6862997.260109081864357 ], [ 350979.365248060203157, 6862996.616469886153936 ], [ 350968.761101247975603, 6863000.088193319737911 ], [ 350777.000654029485304, 6863105.708103936165571 ], [ 350768.701601277745795, 6863112.456076781265438 ], [ 350763.297433275438379, 6863121.686698770150542 ], [ 350473.752571082732175, 6863913.836322290822864 ], [ 349970.543725300289225, 6864283.15876161493361 ], [ 349294.573450721276458, 6864468.510139224119484 ], [ 348041.590283948928118, 6864651.936299068853259 ], [ 348031.592069495934993, 6864655.271107156760991 ], [ 348023.364263138617389, 6864661.858097348362207 ], [ 348017.922406900383066, 6864670.884250344708562 ], [ 347759.821310574247036, 6865344.365013815462589 ], [ 347376.607618798094336, 6865926.344332695007324 ], [ 347372.104657813324593, 6865937.717237375676632 ], [ 347331.160129131225403, 6866173.841679134406149 ], [ 347244.781897813954856, 6866257.728116128593683 ], [ 347244.758636711165309, 6866257.750730659812689 ], [ 347181.667070519994013, 6866319.154979217797518 ], [ 347069.923507028550375, 6866208.903992060571909 ], [ 347062.912785546679515, 6866203.757757215760648 ], [ 347054.720545885735191, 6866200.8386549372226 ], [ 347046.035245195787866, 6866200.391999928280711 ], [ 347037.586776351672597, 6866202.455328055657446 ], [ 347030.08512941992376, 6866206.855241928249598 ], [ 346814.095402852108236, 6866380.062306231819093 ], [ 346652.652037866355386, 6866271.594631201587617 ], [ 346652.623294727294706, 6866271.575343834236264 ], [ 346630.78713118477026, 6866256.940993258729577 ], [ 346623.698457717488054, 6866253.443802033551037 ], [ 346615.94242889463203, 6866251.919448108412325 ], [ 346440.536671073816251, 6866241.040852142497897 ], [ 346299.947893937351182, 6865913.256310875527561 ], [ 346295.868031071266159, 6865906.422475992701948 ], [ 346290.134741771558765, 6865900.901971122249961 ], [ 346283.151564116589725, 6865897.083357492461801 ], [ 345982.576255109801423, 6865781.412064973264933 ], [ 345892.975497333856765, 6865558.391818085685372 ], [ 345888.531617533939425, 6865550.794277991168201 ], [ 345882.074060488608666, 6865544.813421850092709 ], [ 345874.158683260029647, 6865540.964073008857667 ], [ 345865.466829938581213, 6865539.577577784657478 ], [ 345446.350978956266772, 6865534.985179499723017 ], [ 345211.842467533017043, 6865433.232261827215552 ], [ 345202.228737875120714, 6865430.843682705424726 ], [ 345192.361225658154581, 6865431.716213966719806 ], [ 345183.315808852377813, 6865435.754721484147012 ], [ 345034.644771962077357, 6865534.390903527848423 ], [ 344849.881970808084588, 6865501.97219574637711 ], [ 344604.619420009432361, 6865163.555246463045478 ], [ 344598.958400097850244, 6865157.646014844998717 ], [ 344591.911154233675916, 6865153.486388601362705 ], [ 344471.837376043084078, 6865103.228221581317484 ], [ 344407.867798965191469, 6864880.968244846910238 ], [ 344402.89718915784033, 6864871.079434386454523 ], [ 344394.679214208619669, 6864863.665904733352363 ], [ 344082.646286677161697, 6864673.019502711482346 ], [ 344075.131942050589714, 6864669.741134749725461 ], [ 344067.010682572494261, 6864668.619432406499982 ], [ 343896.581535823293962, 6864668.58828010968864 ], [ 343888.597640520136338, 6864669.668650512583554 ], [ 343881.189164086186793, 6864672.834761905483902 ], [ 343874.890420530515257, 6864677.858268055133522 ], [ 343563.585234711994417, 6865003.514121148735285 ], [ 343349.802034221298527, 6864869.56604244466871 ], [ 343339.866212670342065, 6864865.592773551121354 ], [ 343329.167942008643877, 6864865.359491650946438 ], [ 343319.068368152540643, 6864868.895877308212221 ], [ 343178.87088395585306, 6864948.446233734488487 ], [ 343107.017144709185231, 6864881.237663138657808 ], [ 343099.415480904746801, 6864876.058335519395769 ], [ 343090.601861094182823, 6864873.425687989220023 ], [ 343081.404870589962229, 6864873.587220794521272 ], [ 343072.689136119151954, 6864876.527747927233577 ], [ 343065.274040605698247, 6864881.970824788324535 ], [ 343059.85669140907703, 6864889.404737275093794 ], [ 343056.946383923641406, 6864898.130609009414911 ], [ 343056.816721741284709, 6864907.328104043379426 ], [ 343083.423135056218598, 6865096.380800595507026 ], [ 343087.691747001488693, 6865108.102012651972473 ], [ 343271.445368220331147, 6865402.053662624210119 ], [ 343437.303758282097988, 6866455.726368864998221 ], [ 343439.437080905539915, 6866463.047016375698149 ], [ 343443.347108329529874, 6866469.593361228704453 ], [ 343699.892668000538833, 6866796.185666696168482 ], [ 343957.585638171003666, 6867363.126106248237193 ], [ 343961.353187242930289, 6867369.305316210724413 ], [ 344027.123493187420536, 6867452.587595671415329 ], [ 343990.634864226798527, 6867610.207824874669313 ], [ 343939.132165959221311, 6867712.08757190592587 ], [ 343830.620680451102089, 6867831.488448176532984 ], [ 343825.301047040265985, 6867839.72391792666167 ], [ 343756.939822123502381, 6867997.277338004671037 ], [ 343756.490271497576032, 6867998.372068865224719 ], [ 343726.595834122388624, 6868075.463277825154364 ], [ 343653.245307136385236, 6868121.574834593571723 ], [ 343497.667206471087411, 6868146.565203776583076 ], [ 343495.33576098253252, 6868147.0351855866611 ], [ 343416.674412186432164, 6868166.165543305687606 ], [ 343411.981262499815784, 6868167.726500186137855 ], [ 343332.190174353774637, 6868201.802552993409336 ], [ 343327.619330023473594, 6868204.240999327972531 ], [ 343188.848322829056997, 6868294.47097522392869 ], [ 342952.430655140837189, 6868364.231017543934286 ], [ 342949.133325289352797, 6868365.417351211421192 ], [ 342859.099727591266856, 6868403.887274754233658 ], [ 342654.87146193953231, 6868491.154678742401302 ], [ 342654.218883786001243, 6868491.442750034853816 ], [ 342545.191521442611702, 6868541.128401579335332 ], [ 342536.406591757724527, 6868547.226456366479397 ], [ 342471.799313378112856, 6868611.908846247941256 ], [ 342467.882164785405621, 6868616.743720039725304 ], [ 342396.370654125174042, 6868726.605032954365015 ], [ 342318.921725262422115, 6868843.556750606745481 ], [ 342239.137808557192329, 6868914.190828389488161 ], [ 342147.09871948644286, 6868955.913174636662006 ], [ 342062.475297530123498, 6868976.116791427135468 ], [ 341990.815942797577009, 6868973.262472179718316 ], [ 341892.772463610104751, 6868929.577543437480927 ], [ 341885.395129847631324, 6868927.372238055802882 ], [ 341877.699450194428209, 6868927.117404890246689 ], [ 341860.951055716839619, 6868928.723190438002348 ], [ 341678.039185016765259, 6868444.600596182979643 ], [ 341672.09998870594427, 6868434.94279183074832 ], [ 341341.785612896142993, 6868074.244916895404458 ], [ 341334.530856414930895, 6868068.450313020497561 ], [ 341325.851755547511857, 6868065.15150508377701 ], [ 341316.579661362513434, 6868064.664478294551373 ], [ 341307.602726391283795, 6868067.035883825272322 ], [ 341073.008725858409889, 6868170.014343519695103 ], [ 340684.159258153813425, 6868186.081880929879844 ], [ 340670.963430546806194, 6868189.757094975560904 ], [ 340357.733045801287517, 6868361.674448696896434 ], [ 340349.810158394218888, 6868367.969855411909521 ], [ 340344.431139150401577, 6868376.541345512494445 ], [ 340234.38283363240771, 6868643.533094917424023 ], [ 340079.213502496248111, 6868715.282222461886704 ], [ 340071.753344667784404, 6868720.197253606282175 ], [ 340066.071304319193587, 6868727.091156959533691 ], [ 339968.47883639507927, 6868889.944346405565739 ], [ 339779.698304235003889, 6868389.379543582908809 ], [ 339775.750594328681473, 6868382.13015481736511 ], [ 339769.9766019784729, 6868376.231081728823483 ], [ 339762.813470056687947, 6868372.128936918452382 ], [ 339754.80351172783412, 6868370.134289445355535 ], [ 339507.398927539295983, 6868343.799986333586276 ], [ 339498.417862330097705, 6868344.198604348115623 ], [ 339489.958141979470383, 6868347.240242098458111 ], [ 339482.779434604395647, 6868352.65176582429558 ], [ 339477.526375593210105, 6868359.947230144403875 ], [ 339474.670680473325774, 6868368.471515099518001 ], [ 339425.096333316643722, 6868652.401753090322018 ], [ 338999.430670306261163, 6869119.338041464798152 ], [ 338992.809616741607897, 6869131.119376307353377 ], [ 338868.848757974046748, 6869554.516271298751235 ], [ 338722.384821920131799, 6869700.70590967964381 ], [ 338348.327061910589691, 6869770.792706524953246 ], [ 338339.029488050146028, 6869774.197133175097406 ], [ 338331.346495734411292, 6869780.442661942914128 ], [ 338326.114976247365121, 6869788.848981253802776 ], [ 338323.904787384090014, 6869798.500409422442317 ], [ 338324.956680107163265, 6869808.345637820661068 ], [ 338412.262052537465934, 6870121.102231153286994 ], [ 338384.065739086305257, 6870352.300278869457543 ], [ 338014.33060782920802, 6870788.163862663321197 ], [ 337428.817384982772637, 6870819.230774070136249 ], [ 337419.303697759227362, 6870821.318967607803643 ], [ 337410.960424151795451, 6870826.344958291389048 ], [ 337404.667045288544614, 6870833.778946408070624 ], [ 337068.632535125070717, 6871395.080973076634109 ], [ 336994.606771519233007, 6871419.795891588553786 ], [ 336871.715881497133523, 6871443.527831195853651 ], [ 336863.932494705659337, 6871446.178517156280577 ], [ 336857.161091301531997, 6871450.842779364436865 ], [ 336674.083516368176788, 6871618.228522046469152 ], [ 336526.924662004807033, 6871612.142496346496046 ], [ 336380.481771859049331, 6871497.477057601325214 ], [ 336371.210148170124739, 6871492.550717057660222 ], [ 336360.808841513411608, 6871491.120802091434598 ], [ 336350.551802044035867, 6871493.362448428757489 ], [ 335848.599801307893358, 6871700.311704989522696 ], [ 335842.153707310848404, 6871703.958149419166148 ], [ 335612.767065557360183, 6871874.231090459041297 ], [ 335504.341363197367173, 6871854.198415689170361 ], [ 335495.452853314869571, 6871853.896767592057586 ], [ 335486.866490260174032, 6871856.214302704669535 ], [ 335479.336887499783188, 6871860.947344197891653 ], [ 335473.525785004720092, 6871867.679928196594119 ], [ 335469.943892160314135, 6871875.820360812358558 ], [ 335468.906004015239887, 6871884.653219223022461 ], [ 335470.503335483837873, 6871893.402226691134274 ], [ 335474.595504913188051, 6871901.298475729301572 ], [ 336075.567697354301345, 6872730.920635516755283 ], [ 336082.474271830171347, 6872737.76778263412416 ], [ 336091.208291671355255, 6872742.045760200358927 ], [ 336100.851867730671074, 6872743.304980366490781 ], [ 336110.391522369231097, 6872741.413107216358185 ], [ 336118.824699419143144, 6872736.568964414298534 ], [ 336628.445779048779514, 6872320.902972664684057 ], [ 336801.186844168871175, 6872326.206158579327166 ], [ 336933.713275554822758, 6872653.551328341476619 ], [ 336939.937153777864296, 6872663.129556188359857 ], [ 336949.290160572039895, 6872669.687023133039474 ], [ 337066.917662390624173, 6872722.205069897696376 ], [ 337075.355064643372316, 6872724.570655769668519 ], [ 337412.366587413474917, 6872767.527647997252643 ], [ 337422.63252244569594, 6872767.061842480674386 ], [ 337432.138948967447504, 6872763.15873453207314 ], [ 337439.770378698594868, 6872756.276316561736166 ], [ 337713.534490788937546, 6872407.034968220628798 ], [ 337751.501989180338569, 6872407.180723478086293 ], [ 337784.635041630419437, 6872556.241543812677264 ], [ 337788.53746491210768, 6872565.723035661503673 ], [ 337795.404817871574778, 6872573.336645742878318 ], [ 337804.434935729310382, 6872578.193040148355067 ], [ 338045.595537422806956, 6872658.566106603480875 ], [ 338054.091942037979607, 6872660.088813871145248 ], [ 338062.670219044492114, 6872659.12928669154644 ], [ 338070.620205974264536, 6872655.766960618086159 ], [ 338077.283754071511794, 6872650.280189657583833 ], [ 338082.10921388969291, 6872643.123202417977154 ], [ 338253.897665472934023, 6872286.453845454379916 ], [ 338285.388369687192608, 6872360.801000527106225 ], [ 338290.945910902577452, 6872369.424357129260898 ], [ 338299.083989179693162, 6872375.670974246226251 ], [ 338308.850914646172896, 6872378.810354818589985 ], [ 338463.18028154008789, 6872400.428205455653369 ], [ 338475.966728604806121, 6872536.700725932605565 ], [ 338321.967800041718874, 6872800.030231934972107 ], [ 338318.836984025721904, 6872807.598308281973004 ], [ 338317.869610947265755, 6872815.731080124154687 ], [ 338319.137779969663825, 6872823.82240485213697 ], [ 338408.032608767272905, 6873119.130093647167087 ], [ 338411.84981299721403, 6873127.201460133306682 ], [ 338417.873387694358826, 6873133.79194971639663 ], [ 338425.569791349407751, 6873138.317806083709002 ], [ 339057.642509300785605, 6873392.405722837895155 ], [ 339482.052412354853004, 6873907.743606952019036 ], [ 339489.448857371055055, 6873914.198198046535254 ], [ 339498.532956692506559, 6873917.919526383280754 ], [ 339508.33201378013473, 6873918.509123927913606 ], [ 339517.796776685107034, 6873915.903858447447419 ], [ 339641.729704873985611, 6873858.621113812550902 ], [ 340222.204294896160718, 6873992.448195209726691 ], [ 340231.151913565467112, 6874511.731867306865752 ], [ 340232.939755995059386, 6874521.429002437740564 ], [ 340299.890458231675439, 6874706.325174241326749 ], [ 340251.541305731516331, 6874844.25471958052367 ], [ 340249.856589254923165, 6874854.684278829023242 ], [ 340251.891810330620501, 6874865.051141946576536 ], [ 340366.893940201262012, 6875160.801404796540737 ], [ 340371.234506958106067, 6875168.424878662452102 ], [ 340377.594786262547132, 6875174.466792325489223 ], [ 341270.424976105103269, 6875802.475668057799339 ], [ 341279.766990343225189, 6875806.87418791372329 ], [ 341290.046985027962364, 6875807.844711603596807 ], [ 341300.047121091745794, 6875805.272264197468758 ], [ 341308.582713449490257, 6875799.46159555669874 ], [ 341483.123917024640832, 6875629.994057626463473 ], [ 341487.948373949329834, 6875623.908978153020144 ], [ 341491.049319712852594, 6875616.789447817951441 ], [ 341543.831614784896374, 6875433.913262087851763 ], [ 341599.007827321591321, 6875436.954071239568293 ], [ 341636.789901674084831, 6875539.21034225076437 ], [ 341502.468386472202837, 6875961.885445015504956 ], [ 341501.068068265507463, 6875970.250345174223185 ], [ 341502.064805657195393, 6875978.672872129827738 ], [ 341505.378934471460525, 6875986.479855922982097 ], [ 341599.728436718753073, 6876142.712857619859278 ], [ 341605.491589122219011, 6876149.638718787580729 ], [ 341613.051316135912202, 6876154.540963785722852 ], [ 341621.72571796370903, 6876156.977402062155306 ], [ 341630.732349310361315, 6876156.728262881748378 ], [ 341787.266280871757772, 6876128.503687418997288 ], [ 341795.969305817387067, 6876125.498797913081944 ], [ 341803.351161971397232, 6876119.996052792295814 ], [ 341808.716544066381175, 6876112.513761757872999 ], [ 341898.594575886556413, 6875934.711789693683386 ], [ 342200.922138205496594, 6875881.350203542038798 ], [ 342242.142968361789826, 6875946.015160385519266 ], [ 342161.03247052570805, 6876196.644224625080824 ], [ 342159.604900735255796, 6876207.220800327137113 ], [ 342161.970275139552541, 6876217.627861055545509 ], [ 342289.953246840566862, 6876518.392851897515357 ], [ 342294.820138828072231, 6876526.216535102576017 ], [ 342301.831880466314033, 6876532.194171400740743 ], [ 342310.327056842681486, 6876535.761892640963197 ], [ 342319.504321211774368, 6876536.583157041110098 ], [ 342594.600699726026505, 6876518.697544085793197 ], [ 342604.770417938882019, 6876516.205248712562025 ], [ 342613.464199275709689, 6876510.369764943607152 ], [ 342619.622999125218485, 6876501.901950044557452 ], [ 342653.643628144869581, 6876432.084057428874075 ], [ 342744.164572141948156, 6876601.387127350084484 ], [ 342713.027133853058331, 6876689.326382621191442 ], [ 342549.879183029290289, 6876732.167871206067502 ], [ 342539.823369591089431, 6876736.9439951851964 ], [ 342532.201456587004941, 6876745.058006913401186 ], [ 342453.94423280475894, 6876867.820739830844104 ], [ 342450.117383333679754, 6876876.750326886773109 ], [ 342449.344749424955808, 6876886.434609963558614 ], [ 342466.304577204864472, 6877090.25120937731117 ], [ 342469.747103529225569, 6877101.911899358034134 ], [ 342617.846352393331472, 6877378.821764850057662 ], [ 342386.948047912155744, 6877756.326707344502211 ], [ 342383.342695916304365, 6877765.088706634938717 ], [ 342382.649695718195289, 6877774.538095255382359 ], [ 342404.159316167468205, 6878025.884775568731129 ], [ 342245.628668942663353, 6878370.573278951458633 ], [ 342242.956347376515623, 6878381.028905904851854 ], [ 342202.651616278220899, 6878960.99299287609756 ], [ 341911.700234534335323, 6879381.594144301488996 ], [ 341908.09276959032286, 6879388.648111439310014 ], [ 341800.414746969006956, 6879692.760938031598926 ], [ 341278.453159251192119, 6879111.682472298853099 ], [ 341271.813629355747253, 6879106.15299351233989 ], [ 341263.873502507049125, 6879102.745226133614779 ], [ 341255.291443042573519, 6879101.741857691667974 ], [ 341246.779366101603955, 6879103.22612149361521 ], [ 341239.043381501629483, 6879107.074892096221447 ], [ 339232.579532318748534, 6880498.018864776939154 ], [ 339225.526714347070083, 6880504.868276625871658 ], [ 339221.066927920677699, 6880513.62995392177254 ], [ 339219.679137670085765, 6880523.36292480584234 ], [ 339221.512387154973112, 6880533.021904065273702 ], [ 339226.369792134908494, 6880541.569552916102111 ], [ 339546.000643764506094, 6880935.728098486550152 ], [ 339361.780903779319488, 6881709.920448512770236 ], [ 339360.980682058550883, 6881717.802279164083302 ], [ 339362.271559501241427, 6881725.618751811794937 ], [ 339365.563513743807562, 6881732.824766416102648 ], [ 339824.916229274356738, 6882463.961736491881311 ], [ 339853.482725295820273, 6882689.093778470531106 ], [ 339853.742710644728504, 6882690.76428603567183 ], [ 339858.460396474052686, 6882716.316301456652582 ], [ 339858.872082174115349, 6882737.478408455848694 ], [ 339856.08907214080682, 6882757.590648734010756 ], [ 339846.00584635703126, 6882777.700780025683343 ], [ 339822.53057871182682, 6882818.42042341735214 ], [ 339796.216709097323474, 6882849.098671415820718 ], [ 339791.024479057639837, 6882857.764801123179495 ], [ 339789.003313418652397, 6882867.663081091828644 ], [ 339790.382414737599902, 6882877.671034751459956 ], [ 339795.005391305254307, 6882886.653748402372003 ], [ 339812.169439739664085, 6882909.492431661114097 ], [ 339814.990324161073659, 6882912.733730718493462 ], [ 339831.733397309435531, 6882929.395397471264005 ], [ 339835.345223324082326, 6882933.844468683004379 ] ] ] ] } }
]
}
