{
"type": "FeatureCollection",
"name": "Domicilios em Área de Risco (SGB, 2025)",
"crs": { "type": "name", "properties": { "name": "urn:ogc:def:crs:EPSG::31982" } },
"features": [
{ "type": "Feature", "properties": { "fid": 79406026, "COD_MUN": 4314100, "COD_ESPECI": 1, "NV_GEO_COO": 1, "UF": "RS" }, "geometry": { "type": "Point", "coordinates": [ 359235.321331336162984, 6873628.765246105380356 ] } },
{ "type": "Feature", "properties": { "fid": 79406027, "COD_MUN": 4314100, "COD_ESPECI": 1, "NV_GEO_COO": 1, "UF": "RS" }, "geometry": { "type": "Point", "coordinates": [ 359235.733466788195074, 6873627.107921373099089 ] } },
{ "type": "Feature", "properties": { "fid": 79418399, "COD_MUN": 4314100, "COD_ESPECI": 1, "NV_GEO_COO": 1, "UF": "RS" }, "geometry": { "type": "Point", "coordinates": [ 359157.699907012749463, 6873819.663810481317341 ] } },
{ "type": "Feature", "properties": { "fid": 79418400, "COD_MUN": 4314100, "COD_ESPECI": 1, "NV_GEO_COO": 1, "UF": "RS" }, "geometry": { "type": "Point", "coordinates": [ 359142.921901011257432, 6873824.696729339659214 ] } },
{ "type": "Feature", "properties": { "fid": 79418401, "COD_MUN": 4314100, "COD_ESPECI": 1, "NV_GEO_COO": 1, "UF": "RS" }, "geometry": { "type": "Point", "coordinates": [ 359141.579443157883361, 6873830.332322225905955 ] } },
{ "type": "Feature", "properties": { "fid": 79418409, "COD_MUN": 4314100, "COD_ESPECI": 1, "NV_GEO_COO": 1, "UF": "RS" }, "geometry": { "type": "Point", "coordinates": [ 359136.973431181511842, 6873854.656782953068614 ] } },
{ "type": "Feature", "properties": { "fid": 79418410, "COD_MUN": 4314100, "COD_ESPECI": 1, "NV_GEO_COO": 1, "UF": "RS" }, "geometry": { "type": "Point", "coordinates": [ 359118.748427944665309, 6873860.756912240758538 ] } },
{ "type": "Feature", "properties": { "fid": 79418411, "COD_MUN": 4314100, "COD_ESPECI": 1, "NV_GEO_COO": 1, "UF": "RS" }, "geometry": { "type": "Point", "coordinates": [ 359108.612493447610177, 6873871.49640535376966 ] } },
{ "type": "Feature", "properties": { "fid": 79418412, "COD_MUN": 4314100, "COD_ESPECI": 1, "NV_GEO_COO": 1, "UF": "RS" }, "geometry": { "type": "Point", "coordinates": [ 359109.585688625171315, 6873872.172840924933553 ] } },
{ "type": "Feature", "properties": { "fid": 79418413, "COD_MUN": 4314100, "COD_ESPECI": 1, "NV_GEO_COO": 1, "UF": "RS" }, "geometry": { "type": "Point", "coordinates": [ 359102.937456754618324, 6873878.410342111252248 ] } },
{ "type": "Feature", "properties": { "fid": 79418414, "COD_MUN": 4314100, "COD_ESPECI": 1, "NV_GEO_COO": 1, "UF": "RS" }, "geometry": { "type": "Point", "coordinates": [ 359120.054157806327567, 6873899.557368183508515 ] } },
{ "type": "Feature", "properties": { "fid": 79418415, "COD_MUN": 4314100, "COD_ESPECI": 1, "NV_GEO_COO": 1, "UF": "RS" }, "geometry": { "type": "Point", "coordinates": [ 359121.377205905853771, 6873912.095070293173194 ] } },
{ "type": "Feature", "properties": { "fid": 79418416, "COD_MUN": 4314100, "COD_ESPECI": 1, "NV_GEO_COO": 1, "UF": "RS" }, "geometry": { "type": "Point", "coordinates": [ 359128.935030076943804, 6873920.163379413075745 ] } },
{ "type": "Feature", "properties": { "fid": 79418417, "COD_MUN": 4314100, "COD_ESPECI": 1, "NV_GEO_COO": 1, "UF": "RS" }, "geometry": { "type": "Point", "coordinates": [ 359106.666654930158984, 6873903.166165070608258 ] } },
{ "type": "Feature", "properties": { "fid": 79418418, "COD_MUN": 4314100, "COD_ESPECI": 1, "NV_GEO_COO": 1, "UF": "RS" }, "geometry": { "type": "Point", "coordinates": [ 359124.973856994649395, 6873923.219169012270868 ] } },
{ "type": "Feature", "properties": { "fid": 79418419, "COD_MUN": 4314100, "COD_ESPECI": 1, "NV_GEO_COO": 1, "UF": "RS" }, "geometry": { "type": "Point", "coordinates": [ 359114.194219431141391, 6873913.782851235941052 ] } },
{ "type": "Feature", "properties": { "fid": 79418420, "COD_MUN": 4314100, "COD_ESPECI": 1, "NV_GEO_COO": 1, "UF": "RS" }, "geometry": { "type": "Point", "coordinates": [ 359086.943373912014067, 6873894.953437549993396 ] } },
{ "type": "Feature", "properties": { "fid": 79418421, "COD_MUN": 4314100, "COD_ESPECI": 1, "NV_GEO_COO": 1, "UF": "RS" }, "geometry": { "type": "Point", "coordinates": [ 359084.902819153794553, 6873893.267002372071147 ] } },
{ "type": "Feature", "properties": { "fid": 79418422, "COD_MUN": 4314100, "COD_ESPECI": 1, "NV_GEO_COO": 1, "UF": "RS" }, "geometry": { "type": "Point", "coordinates": [ 359087.267950212815776, 6873892.408564145676792 ] } },
{ "type": "Feature", "properties": { "fid": 79418423, "COD_MUN": 4314100, "COD_ESPECI": 1, "NV_GEO_COO": 1, "UF": "RS" }, "geometry": { "type": "Point", "coordinates": [ 359090.080222986754961, 6873895.212301173247397 ] } },
{ "type": "Feature", "properties": { "fid": 79418424, "COD_MUN": 4314100, "COD_ESPECI": 1, "NV_GEO_COO": 1, "UF": "RS" }, "geometry": { "type": "Point", "coordinates": [ 359106.621943737147376, 6873906.933316309005022 ] } },
{ "type": "Feature", "properties": { "fid": 79418425, "COD_MUN": 4314100, "COD_ESPECI": 6, "NV_GEO_COO": 1, "UF": "RS" }, "geometry": { "type": "Point", "coordinates": [ 359106.047756221611053, 6873905.707545528188348 ] } },
{ "type": "Feature", "properties": { "fid": 79418426, "COD_MUN": 4314100, "COD_ESPECI": 1, "NV_GEO_COO": 1, "UF": "RS" }, "geometry": { "type": "Point", "coordinates": [ 359096.313152227026876, 6873899.164781577885151 ] } },
{ "type": "Feature", "properties": { "fid": 79418427, "COD_MUN": 4314100, "COD_ESPECI": 7, "NV_GEO_COO": 1, "UF": "RS" }, "geometry": { "type": "Point", "coordinates": [ 359085.101667078910396, 6873893.047734439373016 ] } },
{ "type": "Feature", "properties": { "fid": 79418428, "COD_MUN": 4314100, "COD_ESPECI": 1, "NV_GEO_COO": 1, "UF": "RS" }, "geometry": { "type": "Point", "coordinates": [ 359089.31955842312891, 6873884.89755279943347 ] } },
{ "type": "Feature", "properties": { "fid": 79418429, "COD_MUN": 4314100, "COD_ESPECI": 1, "NV_GEO_COO": 1, "UF": "RS" }, "geometry": { "type": "Point", "coordinates": [ 359092.112631972297095, 6873881.052210506983101 ] } },
{ "type": "Feature", "properties": { "fid": 79418430, "COD_MUN": 4314100, "COD_ESPECI": 1, "NV_GEO_COO": 1, "UF": "RS" }, "geometry": { "type": "Point", "coordinates": [ 359103.415894177102018, 6873862.902035476639867 ] } },
{ "type": "Feature", "properties": { "fid": 79418431, "COD_MUN": 4314100, "COD_ESPECI": 1, "NV_GEO_COO": 1, "UF": "RS" }, "geometry": { "type": "Point", "coordinates": [ 359110.233237527310848, 6873850.682575781829655 ] } },
{ "type": "Feature", "properties": { "fid": 79418432, "COD_MUN": 4314100, "COD_ESPECI": 1, "NV_GEO_COO": 1, "UF": "RS" }, "geometry": { "type": "Point", "coordinates": [ 359127.893755499855615, 6873834.270043124444783 ] } },
{ "type": "Feature", "properties": { "fid": 79418433, "COD_MUN": 4314100, "COD_ESPECI": 1, "NV_GEO_COO": 1, "UF": "RS" }, "geometry": { "type": "Point", "coordinates": [ 359127.209627728967462, 6873834.04029605537653 ] } },
{ "type": "Feature", "properties": { "fid": 79418434, "COD_MUN": 4314100, "COD_ESPECI": 1, "NV_GEO_COO": 1, "UF": "RS" }, "geometry": { "type": "Point", "coordinates": [ 359135.019343066494912, 6873829.14633593801409 ] } },
{ "type": "Feature", "properties": { "fid": 79418435, "COD_MUN": 4314100, "COD_ESPECI": 1, "NV_GEO_COO": 1, "UF": "RS" }, "geometry": { "type": "Point", "coordinates": [ 359156.244701764313504, 6873785.18333947006613 ] } },
{ "type": "Feature", "properties": { "fid": 79418436, "COD_MUN": 4314100, "COD_ESPECI": 1, "NV_GEO_COO": 1, "UF": "RS" }, "geometry": { "type": "Point", "coordinates": [ 359146.673522829310969, 6873781.412905300036073 ] } },
{ "type": "Feature", "properties": { "fid": 79418437, "COD_MUN": 4314100, "COD_ESPECI": 1, "NV_GEO_COO": 1, "UF": "RS" }, "geometry": { "type": "Point", "coordinates": [ 359137.936362608917989, 6873765.2411721162498 ] } },
{ "type": "Feature", "properties": { "fid": 79418438, "COD_MUN": 4314100, "COD_ESPECI": 1, "NV_GEO_COO": 1, "UF": "RS" }, "geometry": { "type": "Point", "coordinates": [ 359129.622195708798245, 6873763.037038052454591 ] } },
{ "type": "Feature", "properties": { "fid": 79418439, "COD_MUN": 4314100, "COD_ESPECI": 1, "NV_GEO_COO": 1, "UF": "RS" }, "geometry": { "type": "Point", "coordinates": [ 359106.62766202079365, 6873774.177992418408394 ] } },
{ "type": "Feature", "properties": { "fid": 79418440, "COD_MUN": 4314100, "COD_ESPECI": 1, "NV_GEO_COO": 1, "UF": "RS" }, "geometry": { "type": "Point", "coordinates": [ 359107.730518666910939, 6873772.196427013725042 ] } },
{ "type": "Feature", "properties": { "fid": 79418441, "COD_MUN": 4314100, "COD_ESPECI": 1, "NV_GEO_COO": 1, "UF": "RS" }, "geometry": { "type": "Point", "coordinates": [ 359104.500592469295952, 6873796.315584006719291 ] } },
{ "type": "Feature", "properties": { "fid": 79418442, "COD_MUN": 4314100, "COD_ESPECI": 1, "NV_GEO_COO": 1, "UF": "RS" }, "geometry": { "type": "Point", "coordinates": [ 359096.170626149163581, 6873795.44101027213037 ] } },
{ "type": "Feature", "properties": { "fid": 79418443, "COD_MUN": 4314100, "COD_ESPECI": 1, "NV_GEO_COO": 1, "UF": "RS" }, "geometry": { "type": "Point", "coordinates": [ 359152.968036383972503, 6873804.980197157710791 ] } },
{ "type": "Feature", "properties": { "fid": 79421956, "COD_MUN": 4314100, "COD_ESPECI": 6, "NV_GEO_COO": 1, "UF": "RS" }, "geometry": { "type": "Point", "coordinates": [ 359340.957420103251934, 6873623.811935384757817 ] } },
{ "type": "Feature", "properties": { "fid": 79421957, "COD_MUN": 4314100, "COD_ESPECI": 1, "NV_GEO_COO": 1, "UF": "RS" }, "geometry": { "type": "Point", "coordinates": [ 359308.691840818035416, 6873630.743268745020032 ] } },
{ "type": "Feature", "properties": { "fid": 79421958, "COD_MUN": 4314100, "COD_ESPECI": 1, "NV_GEO_COO": 1, "UF": "RS" }, "geometry": { "type": "Point", "coordinates": [ 359302.926805047900416, 6873636.991339595988393 ] } },
{ "type": "Feature", "properties": { "fid": 79421959, "COD_MUN": 4314100, "COD_ESPECI": 1, "NV_GEO_COO": 1, "UF": "RS" }, "geometry": { "type": "Point", "coordinates": [ 359295.559222947689705, 6873645.990764496847987 ] } },
{ "type": "Feature", "properties": { "fid": 79421960, "COD_MUN": 4314100, "COD_ESPECI": 1, "NV_GEO_COO": 1, "UF": "RS" }, "geometry": { "type": "Point", "coordinates": [ 359289.969371182727627, 6873654.013932244852185 ] } },
{ "type": "Feature", "properties": { "fid": 79421961, "COD_MUN": 4314100, "COD_ESPECI": 1, "NV_GEO_COO": 1, "UF": "RS" }, "geometry": { "type": "Point", "coordinates": [ 359281.311932598706335, 6873664.217014068737626 ] } },
{ "type": "Feature", "properties": { "fid": 79421962, "COD_MUN": 4314100, "COD_ESPECI": 1, "NV_GEO_COO": 1, "UF": "RS" }, "geometry": { "type": "Point", "coordinates": [ 359269.65084711369127, 6873679.481929229572415 ] } },
{ "type": "Feature", "properties": { "fid": 79421967, "COD_MUN": 4314100, "COD_ESPECI": 1, "NV_GEO_COO": 1, "UF": "RS" }, "geometry": { "type": "Point", "coordinates": [ 359110.34206649987027, 6873742.307591267861426 ] } },
{ "type": "Feature", "properties": { "fid": 79421968, "COD_MUN": 4314100, "COD_ESPECI": 1, "NV_GEO_COO": 1, "UF": "RS" }, "geometry": { "type": "Point", "coordinates": [ 359134.524851301976014, 6873721.983156353235245 ] } },
{ "type": "Feature", "properties": { "fid": 79421969, "COD_MUN": 4314100, "COD_ESPECI": 1, "NV_GEO_COO": 1, "UF": "RS" }, "geometry": { "type": "Point", "coordinates": [ 359122.158072950318456, 6873722.27964798361063 ] } },
{ "type": "Feature", "properties": { "fid": 79421970, "COD_MUN": 4314100, "COD_ESPECI": 1, "NV_GEO_COO": 1, "UF": "RS" }, "geometry": { "type": "Point", "coordinates": [ 359153.651502432301641, 6873706.031250021420419 ] } },
{ "type": "Feature", "properties": { "fid": 79421971, "COD_MUN": 4314100, "COD_ESPECI": 1, "NV_GEO_COO": 1, "UF": "RS" }, "geometry": { "type": "Point", "coordinates": [ 359158.141259478521533, 6873699.768114787526429 ] } },
{ "type": "Feature", "properties": { "fid": 79421972, "COD_MUN": 4314100, "COD_ESPECI": 1, "NV_GEO_COO": 1, "UF": "RS" }, "geometry": { "type": "Point", "coordinates": [ 359189.971801406005397, 6873688.177820738404989 ] } },
{ "type": "Feature", "properties": { "fid": 79421973, "COD_MUN": 4314100, "COD_ESPECI": 1, "NV_GEO_COO": 1, "UF": "RS" }, "geometry": { "type": "Point", "coordinates": [ 359195.960737046902068, 6873679.605359180830419 ] } },
{ "type": "Feature", "properties": { "fid": 79421974, "COD_MUN": 4314100, "COD_ESPECI": 1, "NV_GEO_COO": 1, "UF": "RS" }, "geometry": { "type": "Point", "coordinates": [ 359219.219960125861689, 6873679.216356767341495 ] } },
{ "type": "Feature", "properties": { "fid": 79421975, "COD_MUN": 4314100, "COD_ESPECI": 1, "NV_GEO_COO": 1, "UF": "RS" }, "geometry": { "type": "Point", "coordinates": [ 359223.922521283791866, 6873679.826200051233172 ] } },
{ "type": "Feature", "properties": { "fid": 79421976, "COD_MUN": 4314100, "COD_ESPECI": 1, "NV_GEO_COO": 1, "UF": "RS" }, "geometry": { "type": "Point", "coordinates": [ 359103.102359444601461, 6873773.582078082486987 ] } },
{ "type": "Feature", "properties": { "fid": 79421977, "COD_MUN": 4314100, "COD_ESPECI": 1, "NV_GEO_COO": 1, "UF": "RS" }, "geometry": { "type": "Point", "coordinates": [ 359182.868346673552878, 6873765.885095231235027 ] } },
{ "type": "Feature", "properties": { "fid": 79421978, "COD_MUN": 4314100, "COD_ESPECI": 1, "NV_GEO_COO": 1, "UF": "RS" }, "geometry": { "type": "Point", "coordinates": [ 359190.185294657887425, 6873752.895823007449508 ] } },
{ "type": "Feature", "properties": { "fid": 79421979, "COD_MUN": 4314100, "COD_ESPECI": 1, "NV_GEO_COO": 1, "UF": "RS" }, "geometry": { "type": "Point", "coordinates": [ 359194.951434545218945, 6873739.87628947198391 ] } },
{ "type": "Feature", "properties": { "fid": 79421980, "COD_MUN": 4314100, "COD_ESPECI": 1, "NV_GEO_COO": 1, "UF": "RS" }, "geometry": { "type": "Point", "coordinates": [ 359198.338342883682344, 6873735.594712514430285 ] } },
{ "type": "Feature", "properties": { "fid": 79421981, "COD_MUN": 4314100, "COD_ESPECI": 1, "NV_GEO_COO": 1, "UF": "RS" }, "geometry": { "type": "Point", "coordinates": [ 359210.822088323533535, 6873725.437069037929177 ] } },
{ "type": "Feature", "properties": { "fid": 79421982, "COD_MUN": 4314100, "COD_ESPECI": 1, "NV_GEO_COO": 1, "UF": "RS" }, "geometry": { "type": "Point", "coordinates": [ 359221.025693526840769, 6873717.247026002034545 ] } },
{ "type": "Feature", "properties": { "fid": 79421983, "COD_MUN": 4314100, "COD_ESPECI": 1, "NV_GEO_COO": 1, "UF": "RS" }, "geometry": { "type": "Point", "coordinates": [ 359217.902481380326208, 6873707.56915370747447 ] } },
{ "type": "Feature", "properties": { "fid": 79421984, "COD_MUN": 4314100, "COD_ESPECI": 1, "NV_GEO_COO": 1, "UF": "RS" }, "geometry": { "type": "Point", "coordinates": [ 359222.764474755851552, 6873711.283683819696307 ] } },
{ "type": "Feature", "properties": { "fid": 79421985, "COD_MUN": 4314100, "COD_ESPECI": 6, "NV_GEO_COO": 1, "UF": "RS" }, "geometry": { "type": "Point", "coordinates": [ 359234.525947743910365, 6873704.1094333184883 ] } },
{ "type": "Feature", "properties": { "fid": 79421986, "COD_MUN": 4314100, "COD_ESPECI": 1, "NV_GEO_COO": 1, "UF": "RS" }, "geometry": { "type": "Point", "coordinates": [ 359235.295037382864393, 6873705.448323483578861 ] } },
{ "type": "Feature", "properties": { "fid": 79421987, "COD_MUN": 4314100, "COD_ESPECI": 1, "NV_GEO_COO": 1, "UF": "RS" }, "geometry": { "type": "Point", "coordinates": [ 359203.060772327240556, 6873684.897844528779387 ] } },
{ "type": "Feature", "properties": { "fid": 79421988, "COD_MUN": 4314100, "COD_ESPECI": 6, "NV_GEO_COO": 1, "UF": "RS" }, "geometry": { "type": "Point", "coordinates": [ 359170.108526882482693, 6873708.331980910152197 ] } },
{ "type": "Feature", "properties": { "fid": 79421989, "COD_MUN": 4314100, "COD_ESPECI": 1, "NV_GEO_COO": 1, "UF": "RS" }, "geometry": { "type": "Point", "coordinates": [ 359163.512172207585536, 6873701.937310328707099 ] } },
{ "type": "Feature", "properties": { "fid": 79421990, "COD_MUN": 4314100, "COD_ESPECI": 1, "NV_GEO_COO": 1, "UF": "RS" }, "geometry": { "type": "Point", "coordinates": [ 359156.642866731970571, 6873710.27768287435174 ] } },
{ "type": "Feature", "properties": { "fid": 79421991, "COD_MUN": 4314100, "COD_ESPECI": 1, "NV_GEO_COO": 1, "UF": "RS" }, "geometry": { "type": "Point", "coordinates": [ 359138.858664669853169, 6873720.594001261517406 ] } },
{ "type": "Feature", "properties": { "fid": 79421992, "COD_MUN": 4314100, "COD_ESPECI": 7, "NV_GEO_COO": 1, "UF": "RS" }, "geometry": { "type": "Point", "coordinates": [ 359135.995954171172343, 6873730.311678068712354 ] } },
{ "type": "Feature", "properties": { "fid": 79421993, "COD_MUN": 4314100, "COD_ESPECI": 6, "NV_GEO_COO": 1, "UF": "RS" }, "geometry": { "type": "Point", "coordinates": [ 359176.041923190292437, 6873687.901753052137792 ] } },
{ "type": "Feature", "properties": { "fid": 79421994, "COD_MUN": 4314100, "COD_ESPECI": 1, "NV_GEO_COO": 1, "UF": "RS" }, "geometry": { "type": "Point", "coordinates": [ 359135.488121228525415, 6873756.568613194860518 ] } },
{ "type": "Feature", "properties": { "fid": 79421995, "COD_MUN": 4314100, "COD_ESPECI": 1, "NV_GEO_COO": 1, "UF": "RS" }, "geometry": { "type": "Point", "coordinates": [ 359144.492981775780208, 6873758.448496730066836 ] } },
{ "type": "Feature", "properties": { "fid": 79421996, "COD_MUN": 4314100, "COD_ESPECI": 1, "NV_GEO_COO": 1, "UF": "RS" }, "geometry": { "type": "Point", "coordinates": [ 359149.260812165914103, 6873761.829496897757053 ] } },
{ "type": "Feature", "properties": { "fid": 79421997, "COD_MUN": 4314100, "COD_ESPECI": 1, "NV_GEO_COO": 1, "UF": "RS" }, "geometry": { "type": "Point", "coordinates": [ 359165.290821233007591, 6873775.317394057288766 ] } },
{ "type": "Feature", "properties": { "fid": 79422012, "COD_MUN": 4314100, "COD_ESPECI": 1, "NV_GEO_COO": 1, "UF": "RS" }, "geometry": { "type": "Point", "coordinates": [ 359238.367020735575352, 6873719.447334366850555 ] } },
{ "type": "Feature", "properties": { "fid": 79422013, "COD_MUN": 4314100, "COD_ESPECI": 1, "NV_GEO_COO": 1, "UF": "RS" }, "geometry": { "type": "Point", "coordinates": [ 359222.383848136290908, 6873735.104210640303791 ] } },
{ "type": "Feature", "properties": { "fid": 79422014, "COD_MUN": 4314100, "COD_ESPECI": 1, "NV_GEO_COO": 1, "UF": "RS" }, "geometry": { "type": "Point", "coordinates": [ 359220.082700680941343, 6873738.844600331038237 ] } },
{ "type": "Feature", "properties": { "fid": 79422015, "COD_MUN": 4314100, "COD_ESPECI": 1, "NV_GEO_COO": 1, "UF": "RS" }, "geometry": { "type": "Point", "coordinates": [ 359214.500641074730083, 6873746.202944109216332 ] } },
{ "type": "Feature", "properties": { "fid": 79422016, "COD_MUN": 4314100, "COD_ESPECI": 1, "NV_GEO_COO": 1, "UF": "RS" }, "geometry": { "type": "Point", "coordinates": [ 359202.350168872042559, 6873761.351181895472109 ] } },
{ "type": "Feature", "properties": { "fid": 79422017, "COD_MUN": 4314100, "COD_ESPECI": 1, "NV_GEO_COO": 1, "UF": "RS" }, "geometry": { "type": "Point", "coordinates": [ 359193.228326891548932, 6873769.332414724864066 ] } },
{ "type": "Feature", "properties": { "fid": 79422018, "COD_MUN": 4314100, "COD_ESPECI": 1, "NV_GEO_COO": 1, "UF": "RS" }, "geometry": { "type": "Point", "coordinates": [ 359181.314766615629196, 6873781.048204628750682 ] } },
{ "type": "Feature", "properties": { "fid": 79422452, "COD_MUN": 4314100, "COD_ESPECI": 1, "NV_GEO_COO": 1, "UF": "RS" }, "geometry": { "type": "Point", "coordinates": [ 359251.357410155178513, 6873674.832462973892689 ] } },
{ "type": "Feature", "properties": { "fid": 79422453, "COD_MUN": 4314100, "COD_ESPECI": 1, "NV_GEO_COO": 1, "UF": "RS" }, "geometry": { "type": "Point", "coordinates": [ 359267.396119099052157, 6873671.033323183655739 ] } },
{ "type": "Feature", "properties": { "fid": 79422454, "COD_MUN": 4314100, "COD_ESPECI": 1, "NV_GEO_COO": 1, "UF": "RS" }, "geometry": { "type": "Point", "coordinates": [ 359269.612268957891501, 6873666.183776438236237 ] } },
{ "type": "Feature", "properties": { "fid": 79422455, "COD_MUN": 4314100, "COD_ESPECI": 1, "NV_GEO_COO": 1, "UF": "RS" }, "geometry": { "type": "Point", "coordinates": [ 359271.578345402143896, 6873665.874643782153726 ] } },
{ "type": "Feature", "properties": { "fid": 79422456, "COD_MUN": 4314100, "COD_ESPECI": 1, "NV_GEO_COO": 1, "UF": "RS" }, "geometry": { "type": "Point", "coordinates": [ 359278.196570284490008, 6873653.874367078766227 ] } },
{ "type": "Feature", "properties": { "fid": 79422457, "COD_MUN": 4314100, "COD_ESPECI": 1, "NV_GEO_COO": 1, "UF": "RS" }, "geometry": { "type": "Point", "coordinates": [ 359302.64863967691781, 6873627.347214103676379 ] } },
{ "type": "Feature", "properties": { "fid": 79422458, "COD_MUN": 4314100, "COD_ESPECI": 1, "NV_GEO_COO": 1, "UF": "RS" }, "geometry": { "type": "Point", "coordinates": [ 359270.325288955122232, 6873663.975947428494692 ] } },
{ "type": "Feature", "properties": { "fid": 79422459, "COD_MUN": 4314100, "COD_ESPECI": 1, "NV_GEO_COO": 1, "UF": "RS" }, "geometry": { "type": "Point", "coordinates": [ 359346.308047871629242, 6873611.131718950346112 ] } },
{ "type": "Feature", "properties": { "fid": 79422460, "COD_MUN": 4314100, "COD_ESPECI": 1, "NV_GEO_COO": 1, "UF": "RS" }, "geometry": { "type": "Point", "coordinates": [ 359348.544798901013564, 6873612.820435346104205 ] } },
{ "type": "Feature", "properties": { "fid": 79422461, "COD_MUN": 4314100, "COD_ESPECI": 1, "NV_GEO_COO": 1, "UF": "RS" }, "geometry": { "type": "Point", "coordinates": [ 359348.523792146588676, 6873614.593211999163032 ] } },
{ "type": "Feature", "properties": { "fid": 79425711, "COD_MUN": 4314100, "COD_ESPECI": 1, "NV_GEO_COO": 1, "UF": "RS" }, "geometry": { "type": "Point", "coordinates": [ 362941.473822940839455, 6874530.489986169151962 ] } },
{ "type": "Feature", "properties": { "fid": 79425712, "COD_MUN": 4314100, "COD_ESPECI": 1, "NV_GEO_COO": 1, "UF": "RS" }, "geometry": { "type": "Point", "coordinates": [ 362937.909056557109579, 6874550.284222716465592 ] } },
{ "type": "Feature", "properties": { "fid": 79425713, "COD_MUN": 4314100, "COD_ESPECI": 1, "NV_GEO_COO": 1, "UF": "RS" }, "geometry": { "type": "Point", "coordinates": [ 362930.072445812926162, 6874557.618178261443973 ] } },
{ "type": "Feature", "properties": { "fid": 79425714, "COD_MUN": 4314100, "COD_ESPECI": 1, "NV_GEO_COO": 1, "UF": "RS" }, "geometry": { "type": "Point", "coordinates": [ 362925.130610014777631, 6874569.196411449462175 ] } },
{ "type": "Feature", "properties": { "fid": 79425715, "COD_MUN": 4314100, "COD_ESPECI": 1, "NV_GEO_COO": 1, "UF": "RS" }, "geometry": { "type": "Point", "coordinates": [ 362923.955435777606908, 6874577.493760654702783 ] } },
{ "type": "Feature", "properties": { "fid": 79425716, "COD_MUN": 4314100, "COD_ESPECI": 1, "NV_GEO_COO": 1, "UF": "RS" }, "geometry": { "type": "Point", "coordinates": [ 362915.873067423468456, 6874580.614006757736206 ] } },
{ "type": "Feature", "properties": { "fid": 79425717, "COD_MUN": 4314100, "COD_ESPECI": 6, "NV_GEO_COO": 1, "UF": "RS" }, "geometry": { "type": "Point", "coordinates": [ 362915.873067423468456, 6874580.614006757736206 ] } },
{ "type": "Feature", "properties": { "fid": 79425718, "COD_MUN": 4314100, "COD_ESPECI": 1, "NV_GEO_COO": 1, "UF": "RS" }, "geometry": { "type": "Point", "coordinates": [ 362919.550200934172608, 6874585.088947023265064 ] } },
{ "type": "Feature", "properties": { "fid": 79425719, "COD_MUN": 4314100, "COD_ESPECI": 1, "NV_GEO_COO": 1, "UF": "RS" }, "geometry": { "type": "Point", "coordinates": [ 362907.172205908922479, 6874594.808328231796622 ] } },
{ "type": "Feature", "properties": { "fid": 79425720, "COD_MUN": 4314100, "COD_ESPECI": 1, "NV_GEO_COO": 1, "UF": "RS" }, "geometry": { "type": "Point", "coordinates": [ 362898.943980949814431, 6874610.559472365304828 ] } },
{ "type": "Feature", "properties": { "fid": 79425721, "COD_MUN": 4314100, "COD_ESPECI": 1, "NV_GEO_COO": 1, "UF": "RS" }, "geometry": { "type": "Point", "coordinates": [ 362901.504381994949654, 6874626.767618412151933 ] } },
{ "type": "Feature", "properties": { "fid": 79425722, "COD_MUN": 4314100, "COD_ESPECI": 1, "NV_GEO_COO": 1, "UF": "RS" }, "geometry": { "type": "Point", "coordinates": [ 362884.005232324649114, 6874638.090031588450074 ] } },
{ "type": "Feature", "properties": { "fid": 79425723, "COD_MUN": 4314100, "COD_ESPECI": 1, "NV_GEO_COO": 1, "UF": "RS" }, "geometry": { "type": "Point", "coordinates": [ 362880.526071414235048, 6874650.460824467241764 ] } },
{ "type": "Feature", "properties": { "fid": 79425724, "COD_MUN": 4314100, "COD_ESPECI": 1, "NV_GEO_COO": 1, "UF": "RS" }, "geometry": { "type": "Point", "coordinates": [ 362872.155288542853668, 6874661.556193170137703 ] } },
{ "type": "Feature", "properties": { "fid": 79425725, "COD_MUN": 4314100, "COD_ESPECI": 6, "NV_GEO_COO": 1, "UF": "RS" }, "geometry": { "type": "Point", "coordinates": [ 362872.155288542853668, 6874661.556193170137703 ] } },
{ "type": "Feature", "properties": { "fid": 79425726, "COD_MUN": 4314100, "COD_ESPECI": 1, "NV_GEO_COO": 1, "UF": "RS" }, "geometry": { "type": "Point", "coordinates": [ 362863.724764392594807, 6874669.326499937102199 ] } },
{ "type": "Feature", "properties": { "fid": 79425727, "COD_MUN": 4314100, "COD_ESPECI": 1, "NV_GEO_COO": 1, "UF": "RS" }, "geometry": { "type": "Point", "coordinates": [ 362860.753196793142706, 6874671.730049969628453 ] } },
{ "type": "Feature", "properties": { "fid": 79425728, "COD_MUN": 4314100, "COD_ESPECI": 1, "NV_GEO_COO": 1, "UF": "RS" }, "geometry": { "type": "Point", "coordinates": [ 362854.728158740501385, 6874683.62818455696106 ] } },
{ "type": "Feature", "properties": { "fid": 79425750, "COD_MUN": 4314100, "COD_ESPECI": 1, "NV_GEO_COO": 1, "UF": "RS" }, "geometry": { "type": "Point", "coordinates": [ 362691.2535749663366, 6874683.179541260004044 ] } },
{ "type": "Feature", "properties": { "fid": 79425751, "COD_MUN": 4314100, "COD_ESPECI": 1, "NV_GEO_COO": 1, "UF": "RS" }, "geometry": { "type": "Point", "coordinates": [ 362709.870441970182583, 6874651.591671830043197 ] } },
{ "type": "Feature", "properties": { "fid": 79425752, "COD_MUN": 4314100, "COD_ESPECI": 1, "NV_GEO_COO": 1, "UF": "RS" }, "geometry": { "type": "Point", "coordinates": [ 362698.562805393303279, 6874636.612078223377466 ] } },
{ "type": "Feature", "properties": { "fid": 79425754, "COD_MUN": 4314100, "COD_ESPECI": 1, "NV_GEO_COO": 1, "UF": "RS" }, "geometry": { "type": "Point", "coordinates": [ 362709.077845546300523, 6874652.247381608001888 ] } },
{ "type": "Feature", "properties": { "fid": 79425755, "COD_MUN": 4314100, "COD_ESPECI": 1, "NV_GEO_COO": 1, "UF": "RS" }, "geometry": { "type": "Point", "coordinates": [ 362703.67133925051894, 6874653.071368404664099 ] } },
{ "type": "Feature", "properties": { "fid": 79425756, "COD_MUN": 4314100, "COD_ESPECI": 1, "NV_GEO_COO": 1, "UF": "RS" }, "geometry": { "type": "Point", "coordinates": [ 362698.138959908043034, 6874690.240332972258329 ] } },
{ "type": "Feature", "properties": { "fid": 79425757, "COD_MUN": 4314100, "COD_ESPECI": 7, "NV_GEO_COO": 1, "UF": "RS" }, "geometry": { "type": "Point", "coordinates": [ 362707.204642054159194, 6874695.442520039156079 ] } },
{ "type": "Feature", "properties": { "fid": 79425758, "COD_MUN": 4314100, "COD_ESPECI": 1, "NV_GEO_COO": 1, "UF": "RS" }, "geometry": { "type": "Point", "coordinates": [ 362720.867607820720877, 6874701.916784387081861 ] } },
{ "type": "Feature", "properties": { "fid": 79425759, "COD_MUN": 4314100, "COD_ESPECI": 1, "NV_GEO_COO": 1, "UF": "RS" }, "geometry": { "type": "Point", "coordinates": [ 362727.902111147064716, 6874687.592510031536222 ] } },
{ "type": "Feature", "properties": { "fid": 79425760, "COD_MUN": 4314100, "COD_ESPECI": 1, "NV_GEO_COO": 1, "UF": "RS" }, "geometry": { "type": "Point", "coordinates": [ 362734.567197059397586, 6874671.269340554252267 ] } },
{ "type": "Feature", "properties": { "fid": 79425761, "COD_MUN": 4314100, "COD_ESPECI": 1, "NV_GEO_COO": 1, "UF": "RS" }, "geometry": { "type": "Point", "coordinates": [ 362729.733228485449217, 6874665.007971465587616 ] } },
{ "type": "Feature", "properties": { "fid": 79425762, "COD_MUN": 4314100, "COD_ESPECI": 1, "NV_GEO_COO": 1, "UF": "RS" }, "geometry": { "type": "Point", "coordinates": [ 362732.834696135949343, 6874642.881366906687617 ] } },
{ "type": "Feature", "properties": { "fid": 79425763, "COD_MUN": 4314100, "COD_ESPECI": 1, "NV_GEO_COO": 1, "UF": "RS" }, "geometry": { "type": "Point", "coordinates": [ 362731.829223305277992, 6874644.975177032873034 ] } },
{ "type": "Feature", "properties": { "fid": 79425764, "COD_MUN": 4314100, "COD_ESPECI": 1, "NV_GEO_COO": 1, "UF": "RS" }, "geometry": { "type": "Point", "coordinates": [ 362808.801109798368998, 6874649.964790243655443 ] } },
{ "type": "Feature", "properties": { "fid": 79425765, "COD_MUN": 4314100, "COD_ESPECI": 1, "NV_GEO_COO": 1, "UF": "RS" }, "geometry": { "type": "Point", "coordinates": [ 362803.882622114149854, 6874651.016085132956505 ] } },
{ "type": "Feature", "properties": { "fid": 79425766, "COD_MUN": 4314100, "COD_ESPECI": 1, "NV_GEO_COO": 1, "UF": "RS" }, "geometry": { "type": "Point", "coordinates": [ 362791.054860861157067, 6874657.184163969010115 ] } },
{ "type": "Feature", "properties": { "fid": 79425767, "COD_MUN": 4314100, "COD_ESPECI": 1, "NV_GEO_COO": 1, "UF": "RS" }, "geometry": { "type": "Point", "coordinates": [ 362783.090999524109066, 6874658.53269715514034 ] } },
{ "type": "Feature", "properties": { "fid": 79425768, "COD_MUN": 4314100, "COD_ESPECI": 1, "NV_GEO_COO": 1, "UF": "RS" }, "geometry": { "type": "Point", "coordinates": [ 362780.787008253217209, 6874662.606126275844872 ] } },
{ "type": "Feature", "properties": { "fid": 79425769, "COD_MUN": 4314100, "COD_ESPECI": 1, "NV_GEO_COO": 1, "UF": "RS" }, "geometry": { "type": "Point", "coordinates": [ 362768.406254523608368, 6874672.546964613720775 ] } },
{ "type": "Feature", "properties": { "fid": 79425770, "COD_MUN": 4314100, "COD_ESPECI": 1, "NV_GEO_COO": 1, "UF": "RS" }, "geometry": { "type": "Point", "coordinates": [ 362756.810883473139256, 6874673.964323257096112 ] } },
{ "type": "Feature", "properties": { "fid": 79425771, "COD_MUN": 4314100, "COD_ESPECI": 1, "NV_GEO_COO": 1, "UF": "RS" }, "geometry": { "type": "Point", "coordinates": [ 362752.170859784760978, 6874684.881108550354838 ] } },
{ "type": "Feature", "properties": { "fid": 79425772, "COD_MUN": 4314100, "COD_ESPECI": 1, "NV_GEO_COO": 1, "UF": "RS" }, "geometry": { "type": "Point", "coordinates": [ 362738.739483835990541, 6874683.839358823373914 ] } },
{ "type": "Feature", "properties": { "fid": 79425773, "COD_MUN": 4314100, "COD_ESPECI": 1, "NV_GEO_COO": 1, "UF": "RS" }, "geometry": { "type": "Point", "coordinates": [ 362738.102403360942844, 6874704.997140223160386 ] } },
{ "type": "Feature", "properties": { "fid": 79425774, "COD_MUN": 4314100, "COD_ESPECI": 1, "NV_GEO_COO": 1, "UF": "RS" }, "geometry": { "type": "Point", "coordinates": [ 362751.765395440219436, 6874711.47136783413589 ] } },
{ "type": "Feature", "properties": { "fid": 79425775, "COD_MUN": 4314100, "COD_ESPECI": 1, "NV_GEO_COO": 1, "UF": "RS" }, "geometry": { "type": "Point", "coordinates": [ 362751.975710751954466, 6874710.254863711073995 ] } },
{ "type": "Feature", "properties": { "fid": 79425776, "COD_MUN": 4314100, "COD_ESPECI": 1, "NV_GEO_COO": 1, "UF": "RS" }, "geometry": { "type": "Point", "coordinates": [ 362758.146361413877457, 6874694.258404555730522 ] } },
{ "type": "Feature", "properties": { "fid": 79425777, "COD_MUN": 4314100, "COD_ESPECI": 1, "NV_GEO_COO": 1, "UF": "RS" }, "geometry": { "type": "Point", "coordinates": [ 362779.933146013878286, 6874711.021217606030405 ] } },
{ "type": "Feature", "properties": { "fid": 79425778, "COD_MUN": 4314100, "COD_ESPECI": 1, "NV_GEO_COO": 1, "UF": "RS" }, "geometry": { "type": "Point", "coordinates": [ 362791.066143564356025, 6874707.160622494295239 ] } },
{ "type": "Feature", "properties": { "fid": 79425779, "COD_MUN": 4314100, "COD_ESPECI": 1, "NV_GEO_COO": 1, "UF": "RS" }, "geometry": { "type": "Point", "coordinates": [ 362800.447160362382419, 6874702.060840029269457 ] } },
{ "type": "Feature", "properties": { "fid": 79425780, "COD_MUN": 4314100, "COD_ESPECI": 1, "NV_GEO_COO": 1, "UF": "RS" }, "geometry": { "type": "Point", "coordinates": [ 362802.23113729787292, 6874700.530080761760473 ] } },
{ "type": "Feature", "properties": { "fid": 79425781, "COD_MUN": 4314100, "COD_ESPECI": 1, "NV_GEO_COO": 1, "UF": "RS" }, "geometry": { "type": "Point", "coordinates": [ 362802.095898632367607, 6874703.742073439061642 ] } },
{ "type": "Feature", "properties": { "fid": 79425782, "COD_MUN": 4314100, "COD_ESPECI": 1, "NV_GEO_COO": 1, "UF": "RS" }, "geometry": { "type": "Point", "coordinates": [ 362807.565143829560839, 6874697.488965848460793 ] } },
{ "type": "Feature", "properties": { "fid": 79425783, "COD_MUN": 4314100, "COD_ESPECI": 1, "NV_GEO_COO": 1, "UF": "RS" }, "geometry": { "type": "Point", "coordinates": [ 362817.013539064791985, 6874695.049443302676082 ] } },
{ "type": "Feature", "properties": { "fid": 79425784, "COD_MUN": 4314100, "COD_ESPECI": 1, "NV_GEO_COO": 1, "UF": "RS" }, "geometry": { "type": "Point", "coordinates": [ 362823.676337428856641, 6874695.902101065963507 ] } },
{ "type": "Feature", "properties": { "fid": 79425785, "COD_MUN": 4314100, "COD_ESPECI": 1, "NV_GEO_COO": 1, "UF": "RS" }, "geometry": { "type": "Point", "coordinates": [ 362822.609045764314942, 6874686.359918691217899 ] } },
{ "type": "Feature", "properties": { "fid": 79425786, "COD_MUN": 4314100, "COD_ESPECI": 1, "NV_GEO_COO": 1, "UF": "RS" }, "geometry": { "type": "Point", "coordinates": [ 362837.526215487276204, 6874686.199801176786423 ] } },
{ "type": "Feature", "properties": { "fid": 79425787, "COD_MUN": 4314100, "COD_ESPECI": 1, "NV_GEO_COO": 1, "UF": "RS" }, "geometry": { "type": "Point", "coordinates": [ 362842.014294137246907, 6874679.935345334932208 ] } },
{ "type": "Feature", "properties": { "fid": 79425788, "COD_MUN": 4314100, "COD_ESPECI": 1, "NV_GEO_COO": 1, "UF": "RS" }, "geometry": { "type": "Point", "coordinates": [ 362846.82315774448216, 6874679.8800781480968 ] } },
{ "type": "Feature", "properties": { "fid": 79425789, "COD_MUN": 4314100, "COD_ESPECI": 1, "NV_GEO_COO": 1, "UF": "RS" }, "geometry": { "type": "Point", "coordinates": [ 362861.544922722852789, 6874662.652591234073043 ] } },
{ "type": "Feature", "properties": { "fid": 79425790, "COD_MUN": 4314100, "COD_ESPECI": 1, "NV_GEO_COO": 1, "UF": "RS" }, "geometry": { "type": "Point", "coordinates": [ 362859.746021969011053, 6874656.980391630902886 ] } },
{ "type": "Feature", "properties": { "fid": 79425791, "COD_MUN": 4314100, "COD_ESPECI": 1, "NV_GEO_COO": 1, "UF": "RS" }, "geometry": { "type": "Point", "coordinates": [ 362870.409712853259407, 6874659.763039048761129 ] } },
{ "type": "Feature", "properties": { "fid": 79425792, "COD_MUN": 4314100, "COD_ESPECI": 1, "NV_GEO_COO": 1, "UF": "RS" }, "geometry": { "type": "Point", "coordinates": [ 362870.187437313375995, 6874645.022446317598224 ] } },
{ "type": "Feature", "properties": { "fid": 79425793, "COD_MUN": 4314100, "COD_ESPECI": 1, "NV_GEO_COO": 1, "UF": "RS" }, "geometry": { "type": "Point", "coordinates": [ 362876.943612252362072, 6874637.786861658096313 ] } },
{ "type": "Feature", "properties": { "fid": 79425794, "COD_MUN": 4314100, "COD_ESPECI": 1, "NV_GEO_COO": 1, "UF": "RS" }, "geometry": { "type": "Point", "coordinates": [ 362880.90182642173022, 6874626.418911601416767 ] } },
{ "type": "Feature", "properties": { "fid": 79425795, "COD_MUN": 4314100, "COD_ESPECI": 1, "NV_GEO_COO": 1, "UF": "RS" }, "geometry": { "type": "Point", "coordinates": [ 362881.522493745549582, 6874623.655773308128119 ] } },
{ "type": "Feature", "properties": { "fid": 79425796, "COD_MUN": 4314100, "COD_ESPECI": 1, "NV_GEO_COO": 1, "UF": "RS" }, "geometry": { "type": "Point", "coordinates": [ 362895.323626147583127, 6874618.163713249377906 ] } },
{ "type": "Feature", "properties": { "fid": 79425797, "COD_MUN": 4314100, "COD_ESPECI": 1, "NV_GEO_COO": 1, "UF": "RS" }, "geometry": { "type": "Point", "coordinates": [ 362898.450855523580685, 6874610.775403030216694 ] } },
{ "type": "Feature", "properties": { "fid": 79425798, "COD_MUN": 4314100, "COD_ESPECI": 1, "NV_GEO_COO": 1, "UF": "RS" }, "geometry": { "type": "Point", "coordinates": [ 362902.301582856394816, 6874608.714432002976537 ] } },
{ "type": "Feature", "properties": { "fid": 79425799, "COD_MUN": 4314100, "COD_ESPECI": 1, "NV_GEO_COO": 1, "UF": "RS" }, "geometry": { "type": "Point", "coordinates": [ 362902.505875388043933, 6874599.519376852549613 ] } },
{ "type": "Feature", "properties": { "fid": 79425800, "COD_MUN": 4314100, "COD_ESPECI": 1, "NV_GEO_COO": 1, "UF": "RS" }, "geometry": { "type": "Point", "coordinates": [ 362907.69475265906658, 6874592.044055986218154 ] } },
{ "type": "Feature", "properties": { "fid": 79425801, "COD_MUN": 4314100, "COD_ESPECI": 1, "NV_GEO_COO": 1, "UF": "RS" }, "geometry": { "type": "Point", "coordinates": [ 362914.504218014306389, 6874588.687494896352291 ] } },
{ "type": "Feature", "properties": { "fid": 79425802, "COD_MUN": 4314100, "COD_ESPECI": 1, "NV_GEO_COO": 1, "UF": "RS" }, "geometry": { "type": "Point", "coordinates": [ 362913.88394259091001, 6874582.91809868812561 ] } },
{ "type": "Feature", "properties": { "fid": 79425803, "COD_MUN": 4314100, "COD_ESPECI": 7, "NV_GEO_COO": 1, "UF": "RS" }, "geometry": { "type": "Point", "coordinates": [ 362911.779179757926613, 6874578.239685716107488 ] } },
{ "type": "Feature", "properties": { "fid": 79425804, "COD_MUN": 4314100, "COD_ESPECI": 1, "NV_GEO_COO": 1, "UF": "RS" }, "geometry": { "type": "Point", "coordinates": [ 362924.740716111031361, 6874568.97028599306941 ] } },
{ "type": "Feature", "properties": { "fid": 79425805, "COD_MUN": 4314100, "COD_ESPECI": 1, "NV_GEO_COO": 1, "UF": "RS" }, "geometry": { "type": "Point", "coordinates": [ 362925.673089385149069, 6874547.705104909837246 ] } },
{ "type": "Feature", "properties": { "fid": 79425806, "COD_MUN": 4314100, "COD_ESPECI": 8, "NV_GEO_COO": 1, "UF": "RS" }, "geometry": { "type": "Point", "coordinates": [ 362933.336493488808628, 6874538.374533130787313 ] } },
{ "type": "Feature", "properties": { "fid": 79426115, "COD_MUN": 4314100, "COD_ESPECI": 1, "NV_GEO_COO": 1, "UF": "RS" }, "geometry": { "type": "Point", "coordinates": [ 362850.554479731770698, 6874696.655822072178125 ] } },
{ "type": "Feature", "properties": { "fid": 79426187, "COD_MUN": 4314100, "COD_ESPECI": 1, "NV_GEO_COO": 1, "UF": "RS" }, "geometry": { "type": "Point", "coordinates": [ 362833.710416789748706, 6874702.223497963510454 ] } },
{ "type": "Feature", "properties": { "fid": 79426188, "COD_MUN": 4314100, "COD_ESPECI": 1, "NV_GEO_COO": 1, "UF": "RS" }, "geometry": { "type": "Point", "coordinates": [ 362823.679734824923798, 6874704.102246008813381 ] } },
{ "type": "Feature", "properties": { "fid": 79426189, "COD_MUN": 4314100, "COD_ESPECI": 1, "NV_GEO_COO": 1, "UF": "RS" }, "geometry": { "type": "Point", "coordinates": [ 362804.745805553277023, 6874712.194420980289578 ] } },
{ "type": "Feature", "properties": { "fid": 79426190, "COD_MUN": 4314100, "COD_ESPECI": 1, "NV_GEO_COO": 1, "UF": "RS" }, "geometry": { "type": "Point", "coordinates": [ 362790.49317047430668, 6874722.778529467992485 ] } },
{ "type": "Feature", "properties": { "fid": 79426194, "COD_MUN": 4314100, "COD_ESPECI": 1, "NV_GEO_COO": 1, "UF": "RS" }, "geometry": { "type": "Point", "coordinates": [ 362841.908921444322914, 6874697.553273100405931 ] } },
{ "type": "Feature", "properties": { "fid": 79426195, "COD_MUN": 4314100, "COD_ESPECI": 1, "NV_GEO_COO": 1, "UF": "RS" }, "geometry": { "type": "Point", "coordinates": [ 362744.426819108310156, 6874718.14609347935766 ] } },
{ "type": "Feature", "properties": { "fid": 79426196, "COD_MUN": 4314100, "COD_ESPECI": 1, "NV_GEO_COO": 1, "UF": "RS" }, "geometry": { "type": "Point", "coordinates": [ 362733.704182427725755, 6874720.460017902776599 ] } },
{ "type": "Feature", "properties": { "fid": 79426197, "COD_MUN": 4314100, "COD_ESPECI": 6, "NV_GEO_COO": 1, "UF": "RS" }, "geometry": { "type": "Point", "coordinates": [ 362726.904064516653307, 6874714.50835763476789 ] } },
{ "type": "Feature", "properties": { "fid": 79426198, "COD_MUN": 4314100, "COD_ESPECI": 1, "NV_GEO_COO": 1, "UF": "RS" }, "geometry": { "type": "Point", "coordinates": [ 362718.54693498974666, 6874707.430569636635482 ] } },
{ "type": "Feature", "properties": { "fid": 79426199, "COD_MUN": 4314100, "COD_ESPECI": 1, "NV_GEO_COO": 1, "UF": "RS" }, "geometry": { "type": "Point", "coordinates": [ 362687.888970284257084, 6874694.111052713356912 ] } },
{ "type": "Feature", "properties": { "fid": 79428262, "COD_MUN": 4314100, "COD_ESPECI": 1, "NV_GEO_COO": 1, "UF": "RS" }, "geometry": { "type": "Point", "coordinates": [ 363708.674891473492607, 6873542.789474480785429 ] } },
{ "type": "Feature", "properties": { "fid": 79428263, "COD_MUN": 4314100, "COD_ESPECI": 1, "NV_GEO_COO": 1, "UF": "RS" }, "geometry": { "type": "Point", "coordinates": [ 363710.937650870881043, 6873542.261396951973438 ] } },
{ "type": "Feature", "properties": { "fid": 79428264, "COD_MUN": 4314100, "COD_ESPECI": 1, "NV_GEO_COO": 1, "UF": "RS" }, "geometry": { "type": "Point", "coordinates": [ 363709.774677800596692, 6873558.094157384708524 ] } },
{ "type": "Feature", "properties": { "fid": 79428265, "COD_MUN": 4314100, "COD_ESPECI": 1, "NV_GEO_COO": 1, "UF": "RS" }, "geometry": { "type": "Point", "coordinates": [ 363674.938707436260302, 6873558.469784118235111 ] } },
{ "type": "Feature", "properties": { "fid": 79428271, "COD_MUN": 4314100, "COD_ESPECI": 1, "NV_GEO_COO": 1, "UF": "RS" }, "geometry": { "type": "Point", "coordinates": [ 363687.683121866546571, 6873542.326789298094809 ] } },
{ "type": "Feature", "properties": { "fid": 79428311, "COD_MUN": 4314100, "COD_ESPECI": 1, "NV_GEO_COO": 1, "UF": "RS" }, "geometry": { "type": "Point", "coordinates": [ 363944.630891558947042, 6873920.816276140511036 ] } },
{ "type": "Feature", "properties": { "fid": 79428312, "COD_MUN": 4314100, "COD_ESPECI": 7, "NV_GEO_COO": 1, "UF": "RS" }, "geometry": { "type": "Point", "coordinates": [ 363957.165100565878674, 6873905.8895198777318 ] } },
{ "type": "Feature", "properties": { "fid": 79428440, "COD_MUN": 4314100, "COD_ESPECI": 1, "NV_GEO_COO": 1, "UF": "RS" }, "geometry": { "type": "Point", "coordinates": [ 363688.096919913368765, 6873523.382689284160733 ] } },
{ "type": "Feature", "properties": { "fid": 79428481, "COD_MUN": 4314100, "COD_ESPECI": 1, "NV_GEO_COO": 1, "UF": "RS" }, "geometry": { "type": "Point", "coordinates": [ 363670.832206856226549, 6873548.671161633916199 ] } },
{ "type": "Feature", "properties": { "fid": 79428482, "COD_MUN": 4314100, "COD_ESPECI": 6, "NV_GEO_COO": 1, "UF": "RS" }, "geometry": { "type": "Point", "coordinates": [ 363670.832206856226549, 6873548.671161633916199 ] } },
{ "type": "Feature", "properties": { "fid": 79428483, "COD_MUN": 4314100, "COD_ESPECI": 1, "NV_GEO_COO": 1, "UF": "RS" }, "geometry": { "type": "Point", "coordinates": [ 363686.211433495860547, 6873533.777363486588001 ] } },
{ "type": "Feature", "properties": { "fid": 79430203, "COD_MUN": 4314100, "COD_ESPECI": 1, "NV_GEO_COO": 1, "UF": "RS" }, "geometry": { "type": "Point", "coordinates": [ 364689.23061348113697, 6873906.499770069494843 ] } },
{ "type": "Feature", "properties": { "fid": 79430204, "COD_MUN": 4314100, "COD_ESPECI": 1, "NV_GEO_COO": 1, "UF": "RS" }, "geometry": { "type": "Point", "coordinates": [ 364693.2277408161317, 6873908.761560232378542 ] } },
{ "type": "Feature", "properties": { "fid": 79430205, "COD_MUN": 4314100, "COD_ESPECI": 1, "NV_GEO_COO": 1, "UF": "RS" }, "geometry": { "type": "Point", "coordinates": [ 364689.08325233461801, 6873910.8197375908494 ] } },
{ "type": "Feature", "properties": { "fid": 79430206, "COD_MUN": 4314100, "COD_ESPECI": 1, "NV_GEO_COO": 1, "UF": "RS" }, "geometry": { "type": "Point", "coordinates": [ 364681.424185312935151, 6873919.929784786887467 ] } },
{ "type": "Feature", "properties": { "fid": 79430207, "COD_MUN": 4314100, "COD_ESPECI": 1, "NV_GEO_COO": 1, "UF": "RS" }, "geometry": { "type": "Point", "coordinates": [ 364669.762508854735643, 6873935.864509340375662 ] } },
{ "type": "Feature", "properties": { "fid": 79430208, "COD_MUN": 4314100, "COD_ESPECI": 1, "NV_GEO_COO": 1, "UF": "RS" }, "geometry": { "type": "Point", "coordinates": [ 364673.939849013579078, 6873930.925614432431757 ] } },
{ "type": "Feature", "properties": { "fid": 79430209, "COD_MUN": 4314100, "COD_ESPECI": 1, "NV_GEO_COO": 1, "UF": "RS" }, "geometry": { "type": "Point", "coordinates": [ 364675.402615123428404, 6873931.71796980407089 ] } },
{ "type": "Feature", "properties": { "fid": 79430210, "COD_MUN": 4314100, "COD_ESPECI": 1, "NV_GEO_COO": 1, "UF": "RS" }, "geometry": { "type": "Point", "coordinates": [ 364662.491632170451339, 6873953.954700356349349 ] } },
{ "type": "Feature", "properties": { "fid": 79430211, "COD_MUN": 4314100, "COD_ESPECI": 1, "NV_GEO_COO": 1, "UF": "RS" }, "geometry": { "type": "Point", "coordinates": [ 364659.109244204533752, 6873958.016163127496839 ] } },
{ "type": "Feature", "properties": { "fid": 79430212, "COD_MUN": 4314100, "COD_ESPECI": 1, "NV_GEO_COO": 1, "UF": "RS" }, "geometry": { "type": "Point", "coordinates": [ 364662.448266553867143, 6873966.365090852603316 ] } },
{ "type": "Feature", "properties": { "fid": 79430213, "COD_MUN": 4314100, "COD_ESPECI": 1, "NV_GEO_COO": 1, "UF": "RS" }, "geometry": { "type": "Point", "coordinates": [ 364653.974391439987812, 6873969.482013637199998 ] } },
{ "type": "Feature", "properties": { "fid": 79430214, "COD_MUN": 4314100, "COD_ESPECI": 1, "NV_GEO_COO": 1, "UF": "RS" }, "geometry": { "type": "Point", "coordinates": [ 364647.474866145756096, 6873980.156622326001525 ] } },
{ "type": "Feature", "properties": { "fid": 79430215, "COD_MUN": 4314100, "COD_ESPECI": 1, "NV_GEO_COO": 1, "UF": "RS" }, "geometry": { "type": "Point", "coordinates": [ 364649.728813898458611, 6873980.403944049030542 ] } },
{ "type": "Feature", "properties": { "fid": 79430216, "COD_MUN": 4314100, "COD_ESPECI": 7, "NV_GEO_COO": 1, "UF": "RS" }, "geometry": { "type": "Point", "coordinates": [ 364622.540677738492377, 6874024.196896261535585 ] } },
{ "type": "Feature", "properties": { "fid": 79430217, "COD_MUN": 4314100, "COD_ESPECI": 1, "NV_GEO_COO": 1, "UF": "RS" }, "geometry": { "type": "Point", "coordinates": [ 364614.138323392369784, 6874029.641649804078043 ] } },
{ "type": "Feature", "properties": { "fid": 79430218, "COD_MUN": 4314100, "COD_ESPECI": 1, "NV_GEO_COO": 1, "UF": "RS" }, "geometry": { "type": "Point", "coordinates": [ 364624.568915032781661, 6874035.633607853204012 ] } },
{ "type": "Feature", "properties": { "fid": 79430219, "COD_MUN": 4314100, "COD_ESPECI": 1, "NV_GEO_COO": 1, "UF": "RS" }, "geometry": { "type": "Point", "coordinates": [ 364662.188476214185357, 6873980.545997294597328 ] } },
{ "type": "Feature", "properties": { "fid": 79430220, "COD_MUN": 4314100, "COD_ESPECI": 1, "NV_GEO_COO": 1, "UF": "RS" }, "geometry": { "type": "Point", "coordinates": [ 364722.572832357138395, 6873856.460564464330673 ] } },
{ "type": "Feature", "properties": { "fid": 79430221, "COD_MUN": 4314100, "COD_ESPECI": 1, "NV_GEO_COO": 1, "UF": "RS" }, "geometry": { "type": "Point", "coordinates": [ 364604.088692254619673, 6874050.4704071264714 ] } },
{ "type": "Feature", "properties": { "fid": 79430222, "COD_MUN": 4314100, "COD_ESPECI": 1, "NV_GEO_COO": 1, "UF": "RS" }, "geometry": { "type": "Point", "coordinates": [ 364592.862323073321022, 6874036.823361651971936 ] } },
{ "type": "Feature", "properties": { "fid": 79430237, "COD_MUN": 4314100, "COD_ESPECI": 1, "NV_GEO_COO": 1, "UF": "RS" }, "geometry": { "type": "Point", "coordinates": [ 364569.625172145431861, 6874138.504870364442468 ] } },
{ "type": "Feature", "properties": { "fid": 79430238, "COD_MUN": 4314100, "COD_ESPECI": 1, "NV_GEO_COO": 1, "UF": "RS" }, "geometry": { "type": "Point", "coordinates": [ 364608.289131742087193, 6874206.984111877158284 ] } },
{ "type": "Feature", "properties": { "fid": 79431812, "COD_MUN": 4314100, "COD_ESPECI": 1, "NV_GEO_COO": 1, "UF": "RS" }, "geometry": { "type": "Point", "coordinates": [ 363993.076780513394624, 6874128.589456502348185 ] } },
{ "type": "Feature", "properties": { "fid": 79431851, "COD_MUN": 4314100, "COD_ESPECI": 1, "NV_GEO_COO": 1, "UF": "RS" }, "geometry": { "type": "Point", "coordinates": [ 364101.296987351262942, 6874146.450515910983086 ] } },
{ "type": "Feature", "properties": { "fid": 79431852, "COD_MUN": 4314100, "COD_ESPECI": 7, "NV_GEO_COO": 1, "UF": "RS" }, "geometry": { "type": "Point", "coordinates": [ 364082.20502916641999, 6874142.796790747903287 ] } },
{ "type": "Feature", "properties": { "fid": 79431853, "COD_MUN": 4314100, "COD_ESPECI": 1, "NV_GEO_COO": 1, "UF": "RS" }, "geometry": { "type": "Point", "coordinates": [ 364071.700583234371152, 6874134.698079902678728 ] } },
{ "type": "Feature", "properties": { "fid": 79431854, "COD_MUN": 4314100, "COD_ESPECI": 1, "NV_GEO_COO": 1, "UF": "RS" }, "geometry": { "type": "Point", "coordinates": [ 364049.734307109960355, 6874133.560060898773372 ] } },
{ "type": "Feature", "properties": { "fid": 79431855, "COD_MUN": 4314100, "COD_ESPECI": 1, "NV_GEO_COO": 1, "UF": "RS" }, "geometry": { "type": "Point", "coordinates": [ 364054.39913508441532, 6874137.491889711469412 ] } },
{ "type": "Feature", "properties": { "fid": 79431856, "COD_MUN": 4314100, "COD_ESPECI": 1, "NV_GEO_COO": 1, "UF": "RS" }, "geometry": { "type": "Point", "coordinates": [ 364041.061376444878988, 6874136.895904161036015 ] } },
{ "type": "Feature", "properties": { "fid": 79431857, "COD_MUN": 4314100, "COD_ESPECI": 1, "NV_GEO_COO": 1, "UF": "RS" }, "geometry": { "type": "Point", "coordinates": [ 364023.441083083045669, 6874133.258936470374465 ] } },
{ "type": "Feature", "properties": { "fid": 79431858, "COD_MUN": 4314100, "COD_ESPECI": 6, "NV_GEO_COO": 1, "UF": "RS" }, "geometry": { "type": "Point", "coordinates": [ 364023.441083083045669, 6874133.258936470374465 ] } },
{ "type": "Feature", "properties": { "fid": 79431859, "COD_MUN": 4314100, "COD_ESPECI": 1, "NV_GEO_COO": 1, "UF": "RS" }, "geometry": { "type": "Point", "coordinates": [ 364022.347924080328085, 6874134.465345008298755 ] } },
{ "type": "Feature", "properties": { "fid": 79431860, "COD_MUN": 4314100, "COD_ESPECI": 1, "NV_GEO_COO": 1, "UF": "RS" }, "geometry": { "type": "Point", "coordinates": [ 364010.337238071486354, 6874120.8087372276932 ] } },
{ "type": "Feature", "properties": { "fid": 79431861, "COD_MUN": 4314100, "COD_ESPECI": 1, "NV_GEO_COO": 1, "UF": "RS" }, "geometry": { "type": "Point", "coordinates": [ 364013.581179045489989, 6874120.291836739517748 ] } },
{ "type": "Feature", "properties": { "fid": 79431862, "COD_MUN": 4314100, "COD_ESPECI": 1, "NV_GEO_COO": 1, "UF": "RS" }, "geometry": { "type": "Point", "coordinates": [ 364010.57406910136342, 6874117.265473809093237 ] } },
{ "type": "Feature", "properties": { "fid": 79431863, "COD_MUN": 4314100, "COD_ESPECI": 1, "NV_GEO_COO": 1, "UF": "RS" }, "geometry": { "type": "Point", "coordinates": [ 363997.328469604894053, 6874125.757058231160045 ] } },
{ "type": "Feature", "properties": { "fid": 79431864, "COD_MUN": 4314100, "COD_ESPECI": 6, "NV_GEO_COO": 1, "UF": "RS" }, "geometry": { "type": "Point", "coordinates": [ 363998.355773500050418, 6874104.603779771365225 ] } },
{ "type": "Feature", "properties": { "fid": 79431865, "COD_MUN": 4314100, "COD_ESPECI": 6, "NV_GEO_COO": 1, "UF": "RS" }, "geometry": { "type": "Point", "coordinates": [ 364085.407943189085927, 6874137.292873432859778 ] } },
{ "type": "Feature", "properties": { "fid": 79431874, "COD_MUN": 4314100, "COD_ESPECI": 1, "NV_GEO_COO": 1, "UF": "RS" }, "geometry": { "type": "Point", "coordinates": [ 363975.954151997109875, 6874081.519901593215764 ] } },
{ "type": "Feature", "properties": { "fid": 79431896, "COD_MUN": 4314100, "COD_ESPECI": 1, "NV_GEO_COO": 1, "UF": "RS" }, "geometry": { "type": "Point", "coordinates": [ 364461.359154465491883, 6873909.773187715560198 ] } },
{ "type": "Feature", "properties": { "fid": 79431897, "COD_MUN": 4314100, "COD_ESPECI": 1, "NV_GEO_COO": 1, "UF": "RS" }, "geometry": { "type": "Point", "coordinates": [ 364460.375553772202693, 6873909.983580324798822 ] } },
{ "type": "Feature", "properties": { "fid": 79431898, "COD_MUN": 4314100, "COD_ESPECI": 6, "NV_GEO_COO": 1, "UF": "RS" }, "geometry": { "type": "Point", "coordinates": [ 364459.654647520626895, 6873912.967261673882604 ] } },
{ "type": "Feature", "properties": { "fid": 79431899, "COD_MUN": 4314100, "COD_ESPECI": 1, "NV_GEO_COO": 1, "UF": "RS" }, "geometry": { "type": "Point", "coordinates": [ 364453.156115542748012, 6873906.35517729818821 ] } },
{ "type": "Feature", "properties": { "fid": 79431903, "COD_MUN": 4314100, "COD_ESPECI": 1, "NV_GEO_COO": 1, "UF": "RS" }, "geometry": { "type": "Point", "coordinates": [ 364442.080826858058572, 6873913.874708849005401 ] } },
{ "type": "Feature", "properties": { "fid": 79431904, "COD_MUN": 4314100, "COD_ESPECI": 1, "NV_GEO_COO": 1, "UF": "RS" }, "geometry": { "type": "Point", "coordinates": [ 364428.504677416291088, 6873908.400713929906487 ] } },
{ "type": "Feature", "properties": { "fid": 79431905, "COD_MUN": 4314100, "COD_ESPECI": 1, "NV_GEO_COO": 1, "UF": "RS" }, "geometry": { "type": "Point", "coordinates": [ 364427.027418151497841, 6873917.470393262803555 ] } },
{ "type": "Feature", "properties": { "fid": 79431906, "COD_MUN": 4314100, "COD_ESPECI": 1, "NV_GEO_COO": 1, "UF": "RS" }, "geometry": { "type": "Point", "coordinates": [ 364426.783793641836382, 6873930.210943745449185 ] } },
{ "type": "Feature", "properties": { "fid": 79431907, "COD_MUN": 4314100, "COD_ESPECI": 1, "NV_GEO_COO": 1, "UF": "RS" }, "geometry": { "type": "Point", "coordinates": [ 364431.304995921906084, 6873938.130200186744332 ] } },
{ "type": "Feature", "properties": { "fid": 79431908, "COD_MUN": 4314100, "COD_ESPECI": 1, "NV_GEO_COO": 1, "UF": "RS" }, "geometry": { "type": "Point", "coordinates": [ 364425.024863233498763, 6873938.169290043413639 ] } },
{ "type": "Feature", "properties": { "fid": 79431938, "COD_MUN": 4314100, "COD_ESPECI": 1, "NV_GEO_COO": 1, "UF": "RS" }, "geometry": { "type": "Point", "coordinates": [ 364588.129592778917868, 6874030.231500321999192 ] } },
{ "type": "Feature", "properties": { "fid": 79431939, "COD_MUN": 4314100, "COD_ESPECI": 1, "NV_GEO_COO": 1, "UF": "RS" }, "geometry": { "type": "Point", "coordinates": [ 364590.579765462549403, 6874030.481071074493229 ] } },
{ "type": "Feature", "properties": { "fid": 79431945, "COD_MUN": 4314100, "COD_ESPECI": 1, "NV_GEO_COO": 1, "UF": "RS" }, "geometry": { "type": "Point", "coordinates": [ 364606.331383774639107, 6874025.895834951661527 ] } },
{ "type": "Feature", "properties": { "fid": 79431946, "COD_MUN": 4314100, "COD_ESPECI": 1, "NV_GEO_COO": 1, "UF": "RS" }, "geometry": { "type": "Point", "coordinates": [ 364613.618811530759558, 6874006.365312895737588 ] } },
{ "type": "Feature", "properties": { "fid": 79431947, "COD_MUN": 4314100, "COD_ESPECI": 1, "NV_GEO_COO": 1, "UF": "RS" }, "geometry": { "type": "Point", "coordinates": [ 364625.133245842414908, 6873994.750606451183558 ] } },
{ "type": "Feature", "properties": { "fid": 79431948, "COD_MUN": 4314100, "COD_ESPECI": 1, "NV_GEO_COO": 1, "UF": "RS" }, "geometry": { "type": "Point", "coordinates": [ 364630.122459027625155, 6873978.850646693259478 ] } },
{ "type": "Feature", "properties": { "fid": 79431965, "COD_MUN": 4314100, "COD_ESPECI": 1, "NV_GEO_COO": 1, "UF": "RS" }, "geometry": { "type": "Point", "coordinates": [ 364659.518937426269986, 6873939.293694647029042 ] } },
{ "type": "Feature", "properties": { "fid": 79431966, "COD_MUN": 4314100, "COD_ESPECI": 1, "NV_GEO_COO": 1, "UF": "RS" }, "geometry": { "type": "Point", "coordinates": [ 364669.376810286892578, 6873926.662760054692626 ] } },
{ "type": "Feature", "properties": { "fid": 79431967, "COD_MUN": 4314100, "COD_ESPECI": 1, "NV_GEO_COO": 1, "UF": "RS" }, "geometry": { "type": "Point", "coordinates": [ 364670.887138708261773, 6873906.069043608382344 ] } },
{ "type": "Feature", "properties": { "fid": 79431989, "COD_MUN": 4314100, "COD_ESPECI": 1, "NV_GEO_COO": 1, "UF": "RS" }, "geometry": { "type": "Point", "coordinates": [ 364493.757787181122694, 6873959.675828399136662 ] } },
{ "type": "Feature", "properties": { "fid": 79431990, "COD_MUN": 4314100, "COD_ESPECI": 1, "NV_GEO_COO": 1, "UF": "RS" }, "geometry": { "type": "Point", "coordinates": [ 364494.233688839594834, 6873952.367698226124048 ] } },
{ "type": "Feature", "properties": { "fid": 79431991, "COD_MUN": 4314100, "COD_ESPECI": 1, "NV_GEO_COO": 1, "UF": "RS" }, "geometry": { "type": "Point", "coordinates": [ 364448.647100523405243, 6873923.147050758823752 ] } },
{ "type": "Feature", "properties": { "fid": 79431992, "COD_MUN": 4314100, "COD_ESPECI": 1, "NV_GEO_COO": 1, "UF": "RS" }, "geometry": { "type": "Point", "coordinates": [ 364461.767594565520994, 6873934.156397323124111 ] } },
{ "type": "Feature", "properties": { "fid": 79431993, "COD_MUN": 4314100, "COD_ESPECI": 1, "NV_GEO_COO": 1, "UF": "RS" }, "geometry": { "type": "Point", "coordinates": [ 364472.664532113820314, 6873942.259241970255971 ] } },
{ "type": "Feature", "properties": { "fid": 79431994, "COD_MUN": 4314100, "COD_ESPECI": 1, "NV_GEO_COO": 1, "UF": "RS" }, "geometry": { "type": "Point", "coordinates": [ 364479.387137124780566, 6873946.436017484404147 ] } },
{ "type": "Feature", "properties": { "fid": 79431995, "COD_MUN": 4314100, "COD_ESPECI": 1, "NV_GEO_COO": 1, "UF": "RS" }, "geometry": { "type": "Point", "coordinates": [ 364486.588900509756058, 6873951.615562758408487 ] } },
{ "type": "Feature", "properties": { "fid": 79431996, "COD_MUN": 4314100, "COD_ESPECI": 1, "NV_GEO_COO": 1, "UF": "RS" }, "geometry": { "type": "Point", "coordinates": [ 364487.345934286247939, 6873954.062058851122856 ] } },
{ "type": "Feature", "properties": { "fid": 79432015, "COD_MUN": 4314100, "COD_ESPECI": 1, "NV_GEO_COO": 1, "UF": "RS" }, "geometry": { "type": "Point", "coordinates": [ 364701.237857937812805, 6873868.84991988260299 ] } },
{ "type": "Feature", "properties": { "fid": 79432016, "COD_MUN": 4314100, "COD_ESPECI": 1, "NV_GEO_COO": 1, "UF": "RS" }, "geometry": { "type": "Point", "coordinates": [ 364699.95742023549974, 6873869.278571618720889 ] } },
{ "type": "Feature", "properties": { "fid": 79432017, "COD_MUN": 4314100, "COD_ESPECI": 1, "NV_GEO_COO": 1, "UF": "RS" }, "geometry": { "type": "Point", "coordinates": [ 364705.405060243909247, 6873864.797391505911946 ] } },
{ "type": "Feature", "properties": { "fid": 79432018, "COD_MUN": 4314100, "COD_ESPECI": 7, "NV_GEO_COO": 1, "UF": "RS" }, "geometry": { "type": "Point", "coordinates": [ 364691.86680943146348, 6873881.818861208856106 ] } },
{ "type": "Feature", "properties": { "fid": 79432106, "COD_MUN": 4314100, "COD_ESPECI": 1, "NV_GEO_COO": 1, "UF": "RS" }, "geometry": { "type": "Point", "coordinates": [ 364215.760341006913222, 6874279.072031792253256 ] } },
{ "type": "Feature", "properties": { "fid": 79432160, "COD_MUN": 4314100, "COD_ESPECI": 1, "NV_GEO_COO": 1, "UF": "RS" }, "geometry": { "type": "Point", "coordinates": [ 364217.317432506068144, 6874280.197956239804626 ] } },
{ "type": "Feature", "properties": { "fid": 79432161, "COD_MUN": 4314100, "COD_ESPECI": 1, "NV_GEO_COO": 1, "UF": "RS" }, "geometry": { "type": "Point", "coordinates": [ 364205.641051445505582, 6874280.175222912803292 ] } },
{ "type": "Feature", "properties": { "fid": 79432164, "COD_MUN": 4314100, "COD_ESPECI": 1, "NV_GEO_COO": 1, "UF": "RS" }, "geometry": { "type": "Point", "coordinates": [ 364295.650795704452321, 6874217.376901034265757 ] } },
{ "type": "Feature", "properties": { "fid": 79432202, "COD_MUN": 4314100, "COD_ESPECI": 8, "NV_GEO_COO": 1, "UF": "RS" }, "geometry": { "type": "Point", "coordinates": [ 364060.379627012938727, 6874026.527007199823856 ] } },
{ "type": "Feature", "properties": { "fid": 79432203, "COD_MUN": 4314100, "COD_ESPECI": 1, "NV_GEO_COO": 1, "UF": "RS" }, "geometry": { "type": "Point", "coordinates": [ 364049.8401828201022, 6874030.063103135675192 ] } },
{ "type": "Feature", "properties": { "fid": 79432204, "COD_MUN": 4314100, "COD_ESPECI": 1, "NV_GEO_COO": 1, "UF": "RS" }, "geometry": { "type": "Point", "coordinates": [ 364028.432685749488883, 6874040.123421687632799 ] } },
{ "type": "Feature", "properties": { "fid": 79432205, "COD_MUN": 4314100, "COD_ESPECI": 1, "NV_GEO_COO": 1, "UF": "RS" }, "geometry": { "type": "Point", "coordinates": [ 364023.55050474323798, 6874046.605396008118987 ] } },
{ "type": "Feature", "properties": { "fid": 79432206, "COD_MUN": 4314100, "COD_ESPECI": 1, "NV_GEO_COO": 1, "UF": "RS" }, "geometry": { "type": "Point", "coordinates": [ 364048.150773171684705, 6874031.927555916830897 ] } },
{ "type": "Feature", "properties": { "fid": 79432207, "COD_MUN": 4314100, "COD_ESPECI": 1, "NV_GEO_COO": 1, "UF": "RS" }, "geometry": { "type": "Point", "coordinates": [ 364016.046044045011513, 6874050.730284509249032 ] } },
{ "type": "Feature", "properties": { "fid": 79432208, "COD_MUN": 4314100, "COD_ESPECI": 1, "NV_GEO_COO": 1, "UF": "RS" }, "geometry": { "type": "Point", "coordinates": [ 364010.146849941229448, 6874051.770827612839639 ] } },
{ "type": "Feature", "properties": { "fid": 79432209, "COD_MUN": 4314100, "COD_ESPECI": 1, "NV_GEO_COO": 1, "UF": "RS" }, "geometry": { "type": "Point", "coordinates": [ 364003.824759000213817, 6874055.466005802154541 ] } },
{ "type": "Feature", "properties": { "fid": 79432210, "COD_MUN": 4314100, "COD_ESPECI": 1, "NV_GEO_COO": 1, "UF": "RS" }, "geometry": { "type": "Point", "coordinates": [ 363998.924788125907071, 6874063.499131901189685 ] } },
{ "type": "Feature", "properties": { "fid": 79432211, "COD_MUN": 4314100, "COD_ESPECI": 1, "NV_GEO_COO": 1, "UF": "RS" }, "geometry": { "type": "Point", "coordinates": [ 363991.701572138117626, 6874060.202838869765401 ] } },
{ "type": "Feature", "properties": { "fid": 79432212, "COD_MUN": 4314100, "COD_ESPECI": 1, "NV_GEO_COO": 1, "UF": "RS" }, "geometry": { "type": "Point", "coordinates": [ 363990.100468944991007, 6874071.487296676263213 ] } },
{ "type": "Feature", "properties": { "fid": 79432213, "COD_MUN": 4314100, "COD_ESPECI": 1, "NV_GEO_COO": 1, "UF": "RS" }, "geometry": { "type": "Point", "coordinates": [ 364051.287587539874949, 6874109.310077324509621 ] } },
{ "type": "Feature", "properties": { "fid": 79432214, "COD_MUN": 4314100, "COD_ESPECI": 1, "NV_GEO_COO": 1, "UF": "RS" }, "geometry": { "type": "Point", "coordinates": [ 364049.037428224924952, 6874108.730250895023346 ] } },
{ "type": "Feature", "properties": { "fid": 79432215, "COD_MUN": 4314100, "COD_ESPECI": 1, "NV_GEO_COO": 1, "UF": "RS" }, "geometry": { "type": "Point", "coordinates": [ 364049.645971131394617, 6874098.431727651506662 ] } },
{ "type": "Feature", "properties": { "fid": 79432216, "COD_MUN": 4314100, "COD_ESPECI": 1, "NV_GEO_COO": 1, "UF": "RS" }, "geometry": { "type": "Point", "coordinates": [ 364057.67568469082471, 6874074.145094994455576 ] } },
{ "type": "Feature", "properties": { "fid": 79432217, "COD_MUN": 4314100, "COD_ESPECI": 1, "NV_GEO_COO": 1, "UF": "RS" }, "geometry": { "type": "Point", "coordinates": [ 364036.656745637883432, 6874084.542316099628806 ] } },
{ "type": "Feature", "properties": { "fid": 79432218, "COD_MUN": 4314100, "COD_ESPECI": 1, "NV_GEO_COO": 1, "UF": "RS" }, "geometry": { "type": "Point", "coordinates": [ 364031.939916983013973, 6874085.153165003284812 ] } },
{ "type": "Feature", "properties": { "fid": 79432219, "COD_MUN": 4314100, "COD_ESPECI": 1, "NV_GEO_COO": 1, "UF": "RS" }, "geometry": { "type": "Point", "coordinates": [ 364038.338550627871882, 6874083.342648022808135 ] } },
{ "type": "Feature", "properties": { "fid": 79432220, "COD_MUN": 4314100, "COD_ESPECI": 1, "NV_GEO_COO": 1, "UF": "RS" }, "geometry": { "type": "Point", "coordinates": [ 364038.484878144459799, 6874079.133477320894599 ] } },
{ "type": "Feature", "properties": { "fid": 79432221, "COD_MUN": 4314100, "COD_ESPECI": 1, "NV_GEO_COO": 1, "UF": "RS" }, "geometry": { "type": "Point", "coordinates": [ 364046.371223935857415, 6874067.366936977952719 ] } },
{ "type": "Feature", "properties": { "fid": 79432222, "COD_MUN": 4314100, "COD_ESPECI": 1, "NV_GEO_COO": 1, "UF": "RS" }, "geometry": { "type": "Point", "coordinates": [ 364043.17465249117231, 6874072.316858145408332 ] } },
{ "type": "Feature", "properties": { "fid": 79432223, "COD_MUN": 4314100, "COD_ESPECI": 1, "NV_GEO_COO": 1, "UF": "RS" }, "geometry": { "type": "Point", "coordinates": [ 364060.711123907298315, 6874083.26641624327749 ] } },
{ "type": "Feature", "properties": { "fid": 79432224, "COD_MUN": 4314100, "COD_ESPECI": 1, "NV_GEO_COO": 1, "UF": "RS" }, "geometry": { "type": "Point", "coordinates": [ 364060.264985808869824, 6874079.382896708324552 ] } },
{ "type": "Feature", "properties": { "fid": 79432225, "COD_MUN": 4314100, "COD_ESPECI": 1, "NV_GEO_COO": 1, "UF": "RS" }, "geometry": { "type": "Point", "coordinates": [ 364060.108516310108826, 6874084.478445070795715 ] } },
{ "type": "Feature", "properties": { "fid": 79432226, "COD_MUN": 4314100, "COD_ESPECI": 1, "NV_GEO_COO": 1, "UF": "RS" }, "geometry": { "type": "Point", "coordinates": [ 364056.950424518552609, 6874094.636962193064392 ] } },
{ "type": "Feature", "properties": { "fid": 79432227, "COD_MUN": 4314100, "COD_ESPECI": 1, "NV_GEO_COO": 1, "UF": "RS" }, "geometry": { "type": "Point", "coordinates": [ 364056.626917315123137, 6874097.181927727535367 ] } },
{ "type": "Feature", "properties": { "fid": 79432228, "COD_MUN": 4314100, "COD_ESPECI": 1, "NV_GEO_COO": 1, "UF": "RS" }, "geometry": { "type": "Point", "coordinates": [ 364046.082335116749164, 6874101.161211392842233 ] } },
{ "type": "Feature", "properties": { "fid": 79432229, "COD_MUN": 4314100, "COD_ESPECI": 1, "NV_GEO_COO": 1, "UF": "RS" }, "geometry": { "type": "Point", "coordinates": [ 364051.380208944086917, 6874101.221880871802568 ] } },
{ "type": "Feature", "properties": { "fid": 79432230, "COD_MUN": 4314100, "COD_ESPECI": 1, "NV_GEO_COO": 1, "UF": "RS" }, "geometry": { "type": "Point", "coordinates": [ 364051.616583896568045, 6874114.854431791231036 ] } },
{ "type": "Feature", "properties": { "fid": 79432231, "COD_MUN": 4314100, "COD_ESPECI": 1, "NV_GEO_COO": 1, "UF": "RS" }, "geometry": { "type": "Point", "coordinates": [ 364049.990678302478045, 6874059.762375837191939 ] } },
{ "type": "Feature", "properties": { "fid": 79432232, "COD_MUN": 4314100, "COD_ESPECI": 1, "NV_GEO_COO": 1, "UF": "RS" }, "geometry": { "type": "Point", "coordinates": [ 364053.387678545259405, 6874063.01481756567955 ] } },
{ "type": "Feature", "properties": { "fid": 79432233, "COD_MUN": 4314100, "COD_ESPECI": 1, "NV_GEO_COO": 1, "UF": "RS" }, "geometry": { "type": "Point", "coordinates": [ 364060.743692667980213, 6874071.853179873898625 ] } },
{ "type": "Feature", "properties": { "fid": 79432234, "COD_MUN": 4314100, "COD_ESPECI": 1, "NV_GEO_COO": 1, "UF": "RS" }, "geometry": { "type": "Point", "coordinates": [ 364093.923735218879301, 6874027.686755743809044 ] } },
{ "type": "Feature", "properties": { "fid": 79432235, "COD_MUN": 4314100, "COD_ESPECI": 1, "NV_GEO_COO": 1, "UF": "RS" }, "geometry": { "type": "Point", "coordinates": [ 364069.480849424842745, 6874028.62583326920867 ] } },
{ "type": "Feature", "properties": { "fid": 79432236, "COD_MUN": 4314100, "COD_ESPECI": 1, "NV_GEO_COO": 1, "UF": "RS" }, "geometry": { "type": "Point", "coordinates": [ 364069.23684623662848, 6874041.366389846429229 ] } },
{ "type": "Feature", "properties": { "fid": 79432237, "COD_MUN": 4314100, "COD_ESPECI": 1, "NV_GEO_COO": 1, "UF": "RS" }, "geometry": { "type": "Point", "coordinates": [ 364070.494916253781412, 6874051.464663351885974 ] } },
{ "type": "Feature", "properties": { "fid": 79432238, "COD_MUN": 4314100, "COD_ESPECI": 1, "NV_GEO_COO": 1, "UF": "RS" }, "geometry": { "type": "Point", "coordinates": [ 364063.983811452402733, 6874071.668657840229571 ] } },
{ "type": "Feature", "properties": { "fid": 79432239, "COD_MUN": 4314100, "COD_ESPECI": 1, "NV_GEO_COO": 1, "UF": "RS" }, "geometry": { "type": "Point", "coordinates": [ 364065.484198175836354, 6874060.604663906618953 ] } },
{ "type": "Feature", "properties": { "fid": 79432240, "COD_MUN": 4314100, "COD_ESPECI": 1, "NV_GEO_COO": 1, "UF": "RS" }, "geometry": { "type": "Point", "coordinates": [ 364063.468744383892044, 6874065.235679076984525 ] } },
{ "type": "Feature", "properties": { "fid": 79432241, "COD_MUN": 4314100, "COD_ESPECI": 1, "NV_GEO_COO": 1, "UF": "RS" }, "geometry": { "type": "Point", "coordinates": [ 364052.254909706534818, 6873981.998454061336815 ] } },
{ "type": "Feature", "properties": { "fid": 79432257, "COD_MUN": 4314100, "COD_ESPECI": 1, "NV_GEO_COO": 1, "UF": "RS" }, "geometry": { "type": "Point", "coordinates": [ 363970.412741883366834, 6874077.023936145938933 ] } },
{ "type": "Feature", "properties": { "fid": 79432265, "COD_MUN": 4314100, "COD_ESPECI": 1, "NV_GEO_COO": 1, "UF": "RS" }, "geometry": { "type": "Point", "coordinates": [ 363978.966873454744928, 6874066.927265600301325 ] } },
{ "type": "Feature", "properties": { "fid": 79432273, "COD_MUN": 4314100, "COD_ESPECI": 1, "NV_GEO_COO": 1, "UF": "RS" }, "geometry": { "type": "Point", "coordinates": [ 363987.841798858717084, 6874080.215549780055881 ] } },
{ "type": "Feature", "properties": { "fid": 79432274, "COD_MUN": 4314100, "COD_ESPECI": 1, "NV_GEO_COO": 1, "UF": "RS" }, "geometry": { "type": "Point", "coordinates": [ 363992.89304297498893, 6874093.23839752189815 ] } },
{ "type": "Feature", "properties": { "fid": 79432275, "COD_MUN": 4314100, "COD_ESPECI": 1, "NV_GEO_COO": 1, "UF": "RS" }, "geometry": { "type": "Point", "coordinates": [ 363998.807864863891155, 6874099.400805838406086 ] } },
{ "type": "Feature", "properties": { "fid": 79432276, "COD_MUN": 4314100, "COD_ESPECI": 1, "NV_GEO_COO": 1, "UF": "RS" }, "geometry": { "type": "Point", "coordinates": [ 363995.469627837825101, 6874099.584186473861337 ] } },
{ "type": "Feature", "properties": { "fid": 79432277, "COD_MUN": 4314100, "COD_ESPECI": 1, "NV_GEO_COO": 1, "UF": "RS" }, "geometry": { "type": "Point", "coordinates": [ 364003.86255964927841, 6874103.558746004477143 ] } },
{ "type": "Feature", "properties": { "fid": 79432278, "COD_MUN": 4314100, "COD_ESPECI": 1, "NV_GEO_COO": 1, "UF": "RS" }, "geometry": { "type": "Point", "coordinates": [ 364002.881471559405327, 6874103.547507174313068 ] } },
{ "type": "Feature", "properties": { "fid": 79432279, "COD_MUN": 4314100, "COD_ESPECI": 1, "NV_GEO_COO": 1, "UF": "RS" }, "geometry": { "type": "Point", "coordinates": [ 364014.008764623082243, 6874108.661499988287687 ] } },
{ "type": "Feature", "properties": { "fid": 79432280, "COD_MUN": 4314100, "COD_ESPECI": 1, "NV_GEO_COO": 1, "UF": "RS" }, "geometry": { "type": "Point", "coordinates": [ 364008.444101053057238, 6874097.627393499948084 ] } },
{ "type": "Feature", "properties": { "fid": 79432281, "COD_MUN": 4314100, "COD_ESPECI": 1, "NV_GEO_COO": 1, "UF": "RS" }, "geometry": { "type": "Point", "coordinates": [ 364027.608219805639237, 6874120.674125287681818 ] } },
{ "type": "Feature", "properties": { "fid": 79432282, "COD_MUN": 4314100, "COD_ESPECI": 1, "NV_GEO_COO": 1, "UF": "RS" }, "geometry": { "type": "Point", "coordinates": [ 364042.876417716848664, 6874124.062528166919947 ] } },
{ "type": "Feature", "properties": { "fid": 79432283, "COD_MUN": 4314100, "COD_ESPECI": 1, "NV_GEO_COO": 1, "UF": "RS" }, "geometry": { "type": "Point", "coordinates": [ 364006.51841098733712, 6873854.595096259377897 ] } },
{ "type": "Feature", "properties": { "fid": 79432284, "COD_MUN": 4314100, "COD_ESPECI": 1, "NV_GEO_COO": 1, "UF": "RS" }, "geometry": { "type": "Point", "coordinates": [ 364011.45331424777396, 6873860.635467973537743 ] } },
{ "type": "Feature", "properties": { "fid": 79432285, "COD_MUN": 4314100, "COD_ESPECI": 1, "NV_GEO_COO": 1, "UF": "RS" }, "geometry": { "type": "Point", "coordinates": [ 364004.403955067798961, 6873867.868288325145841 ] } },
{ "type": "Feature", "properties": { "fid": 79432286, "COD_MUN": 4314100, "COD_ESPECI": 1, "NV_GEO_COO": 1, "UF": "RS" }, "geometry": { "type": "Point", "coordinates": [ 363993.348706215736456, 6873873.614655382931232 ] } },
{ "type": "Feature", "properties": { "fid": 79432287, "COD_MUN": 4314100, "COD_ESPECI": 1, "NV_GEO_COO": 1, "UF": "RS" }, "geometry": { "type": "Point", "coordinates": [ 363988.415788821468595, 6873884.528505122289062 ] } },
{ "type": "Feature", "properties": { "fid": 79432288, "COD_MUN": 4314100, "COD_ESPECI": 1, "NV_GEO_COO": 1, "UF": "RS" }, "geometry": { "type": "Point", "coordinates": [ 363989.121937644202262, 6873891.406927764415741 ] } },
{ "type": "Feature", "properties": { "fid": 79432289, "COD_MUN": 4314100, "COD_ESPECI": 1, "NV_GEO_COO": 1, "UF": "RS" }, "geometry": { "type": "Point", "coordinates": [ 363994.015504554321524, 6873883.927792746573687 ] } },
{ "type": "Feature", "properties": { "fid": 79432290, "COD_MUN": 4314100, "COD_ESPECI": 1, "NV_GEO_COO": 1, "UF": "RS" }, "geometry": { "type": "Point", "coordinates": [ 363983.205045407870784, 6873893.998616294935346 ] } },
{ "type": "Feature", "properties": { "fid": 79432291, "COD_MUN": 4314100, "COD_ESPECI": 1, "NV_GEO_COO": 1, "UF": "RS" }, "geometry": { "type": "Point", "coordinates": [ 363978.182540562178474, 6873895.603244094178081 ] } },
{ "type": "Feature", "properties": { "fid": 79432292, "COD_MUN": 4314100, "COD_ESPECI": 1, "NV_GEO_COO": 1, "UF": "RS" }, "geometry": { "type": "Point", "coordinates": [ 363966.844700892805122, 6873908.881553383544087 ] } },
{ "type": "Feature", "properties": { "fid": 79432293, "COD_MUN": 4314100, "COD_ESPECI": 1, "NV_GEO_COO": 1, "UF": "RS" }, "geometry": { "type": "Point", "coordinates": [ 363961.767589590745047, 6873915.250456850975752 ] } },
{ "type": "Feature", "properties": { "fid": 79432294, "COD_MUN": 4314100, "COD_ESPECI": 1, "NV_GEO_COO": 1, "UF": "RS" }, "geometry": { "type": "Point", "coordinates": [ 363954.543874454800971, 6873929.129961080849171 ] } },
{ "type": "Feature", "properties": { "fid": 79432310, "COD_MUN": 4314100, "COD_ESPECI": 7, "NV_GEO_COO": 1, "UF": "RS" }, "geometry": { "type": "Point", "coordinates": [ 363981.144852853030898, 6874048.114217093214393 ] } },
{ "type": "Feature", "properties": { "fid": 79432311, "COD_MUN": 4314100, "COD_ESPECI": 1, "NV_GEO_COO": 1, "UF": "RS" }, "geometry": { "type": "Point", "coordinates": [ 363989.120287002413534, 6874062.832748380489647 ] } },
{ "type": "Feature", "properties": { "fid": 79432312, "COD_MUN": 4314100, "COD_ESPECI": 1, "NV_GEO_COO": 1, "UF": "RS" }, "geometry": { "type": "Point", "coordinates": [ 363993.965682649984956, 6874059.563907112926245 ] } },
{ "type": "Feature", "properties": { "fid": 79432313, "COD_MUN": 4314100, "COD_ESPECI": 1, "NV_GEO_COO": 1, "UF": "RS" }, "geometry": { "type": "Point", "coordinates": [ 364001.816897001350299, 6874059.4322280716151 ] } },
{ "type": "Feature", "properties": { "fid": 79432314, "COD_MUN": 4314100, "COD_ESPECI": 1, "NV_GEO_COO": 1, "UF": "RS" }, "geometry": { "type": "Point", "coordinates": [ 364005.317962253873702, 6874053.599311211146414 ] } },
{ "type": "Feature", "properties": { "fid": 79432315, "COD_MUN": 4314100, "COD_ESPECI": 1, "NV_GEO_COO": 1, "UF": "RS" }, "geometry": { "type": "Point", "coordinates": [ 364001.549226414645091, 6874057.102114476263523 ] } },
{ "type": "Feature", "properties": { "fid": 79432316, "COD_MUN": 4314100, "COD_ESPECI": 1, "NV_GEO_COO": 1, "UF": "RS" }, "geometry": { "type": "Point", "coordinates": [ 364014.505500761792064, 6874048.163967402651906 ] } },
{ "type": "Feature", "properties": { "fid": 79432317, "COD_MUN": 4314100, "COD_ESPECI": 1, "NV_GEO_COO": 1, "UF": "RS" }, "geometry": { "type": "Point", "coordinates": [ 364011.855306187062524, 6874048.24442148860544 ] } },
{ "type": "Feature", "properties": { "fid": 79432318, "COD_MUN": 4314100, "COD_ESPECI": 1, "NV_GEO_COO": 1, "UF": "RS" }, "geometry": { "type": "Point", "coordinates": [ 364022.746601875929628, 6874048.258364513516426 ] } },
{ "type": "Feature", "properties": { "fid": 79432319, "COD_MUN": 4314100, "COD_ESPECI": 1, "NV_GEO_COO": 1, "UF": "RS" }, "geometry": { "type": "Point", "coordinates": [ 364038.819073407212272, 6874032.81799131911248 ] } },
{ "type": "Feature", "properties": { "fid": 79432320, "COD_MUN": 4314100, "COD_ESPECI": 1, "NV_GEO_COO": 1, "UF": "RS" }, "geometry": { "type": "Point", "coordinates": [ 364043.931717025057878, 6874023.346733232960105 ] } },
{ "type": "Feature", "properties": { "fid": 79432322, "COD_MUN": 4314100, "COD_ESPECI": 1, "NV_GEO_COO": 1, "UF": "RS" }, "geometry": { "type": "Point", "coordinates": [ 364056.561878213484306, 6874017.175102408975363 ] } },
{ "type": "Feature", "properties": { "fid": 79432323, "COD_MUN": 4314100, "COD_ESPECI": 1, "NV_GEO_COO": 1, "UF": "RS" }, "geometry": { "type": "Point", "coordinates": [ 364032.75246574007906, 6874022.77545159496367 ] } },
{ "type": "Feature", "properties": { "fid": 79432324, "COD_MUN": 4314100, "COD_ESPECI": 1, "NV_GEO_COO": 1, "UF": "RS" }, "geometry": { "type": "Point", "coordinates": [ 364071.406222689663991, 6874006.153094872832298 ] } },
{ "type": "Feature", "properties": { "fid": 79432325, "COD_MUN": 4314100, "COD_ESPECI": 1, "NV_GEO_COO": 1, "UF": "RS" }, "geometry": { "type": "Point", "coordinates": [ 364069.777294875122607, 6873994.166774452663958 ] } },
{ "type": "Feature", "properties": { "fid": 79432326, "COD_MUN": 4314100, "COD_ESPECI": 1, "NV_GEO_COO": 1, "UF": "RS" }, "geometry": { "type": "Point", "coordinates": [ 364062.169285820797086, 6873990.201246245764196 ] } },
{ "type": "Feature", "properties": { "fid": 79432327, "COD_MUN": 4314100, "COD_ESPECI": 1, "NV_GEO_COO": 1, "UF": "RS" }, "geometry": { "type": "Point", "coordinates": [ 364102.982974965590984, 6873982.025218872353435 ] } },
{ "type": "Feature", "properties": { "fid": 79432328, "COD_MUN": 4314100, "COD_ESPECI": 1, "NV_GEO_COO": 1, "UF": "RS" }, "geometry": { "type": "Point", "coordinates": [ 364110.272940411581658, 6873970.916684339754283 ] } },
{ "type": "Feature", "properties": { "fid": 79432329, "COD_MUN": 4314100, "COD_ESPECI": 1, "NV_GEO_COO": 1, "UF": "RS" }, "geometry": { "type": "Point", "coordinates": [ 364115.423549685452599, 6873958.121481580659747 ] } },
{ "type": "Feature", "properties": { "fid": 79432330, "COD_MUN": 4314100, "COD_ESPECI": 1, "NV_GEO_COO": 1, "UF": "RS" }, "geometry": { "type": "Point", "coordinates": [ 364108.743803683610167, 6873967.35320464335382 ] } },
{ "type": "Feature", "properties": { "fid": 79432331, "COD_MUN": 4314100, "COD_ESPECI": 1, "NV_GEO_COO": 1, "UF": "RS" }, "geometry": { "type": "Point", "coordinates": [ 364090.141439241706394, 6873989.524217123165727 ] } },
{ "type": "Feature", "properties": { "fid": 79432332, "COD_MUN": 4314100, "COD_ESPECI": 1, "NV_GEO_COO": 1, "UF": "RS" }, "geometry": { "type": "Point", "coordinates": [ 364095.149621983931866, 6874006.314125263132155 ] } },
{ "type": "Feature", "properties": { "fid": 79432333, "COD_MUN": 4314100, "COD_ESPECI": 1, "NV_GEO_COO": 1, "UF": "RS" }, "geometry": { "type": "Point", "coordinates": [ 364044.653137765126303, 6874028.895583029836416 ] } },
{ "type": "Feature", "properties": { "fid": 79432334, "COD_MUN": 4314100, "COD_ESPECI": 6, "NV_GEO_COO": 1, "UF": "RS" }, "geometry": { "type": "Point", "coordinates": [ 364062.225919818505645, 6874028.099513437598944 ] } },
{ "type": "Feature", "properties": { "fid": 79432335, "COD_MUN": 4314100, "COD_ESPECI": 1, "NV_GEO_COO": 1, "UF": "RS" }, "geometry": { "type": "Point", "coordinates": [ 364003.396786164725199, 6874058.563832687214017 ] } },
{ "type": "Feature", "properties": { "fid": 79432336, "COD_MUN": 4314100, "COD_ESPECI": 1, "NV_GEO_COO": 1, "UF": "RS" }, "geometry": { "type": "Point", "coordinates": [ 364061.221169863187242, 6874013.017610259354115 ] } },
{ "type": "Feature", "properties": { "fid": 79432337, "COD_MUN": 4314100, "COD_ESPECI": 1, "NV_GEO_COO": 1, "UF": "RS" }, "geometry": { "type": "Point", "coordinates": [ 364074.686147261993028, 6874139.607978906482458 ] } },
{ "type": "Feature", "properties": { "fid": 79432338, "COD_MUN": 4314100, "COD_ESPECI": 1, "NV_GEO_COO": 1, "UF": "RS" }, "geometry": { "type": "Point", "coordinates": [ 364073.861519320402294, 6874134.501198077574372 ] } },
{ "type": "Feature", "properties": { "fid": 79432339, "COD_MUN": 4314100, "COD_ESPECI": 1, "NV_GEO_COO": 1, "UF": "RS" }, "geometry": { "type": "Point", "coordinates": [ 364098.596412061713636, 6874133.78706668689847 ] } },
{ "type": "Feature", "properties": { "fid": 79432340, "COD_MUN": 4314100, "COD_ESPECI": 1, "NV_GEO_COO": 1, "UF": "RS" }, "geometry": { "type": "Point", "coordinates": [ 364120.677969307114836, 6874099.134133429266512 ] } },
{ "type": "Feature", "properties": { "fid": 79432341, "COD_MUN": 4314100, "COD_ESPECI": 1, "NV_GEO_COO": 1, "UF": "RS" }, "geometry": { "type": "Point", "coordinates": [ 364112.675462622079067, 6874129.626569205895066 ] } },
{ "type": "Feature", "properties": { "fid": 79432342, "COD_MUN": 4314100, "COD_ESPECI": 1, "NV_GEO_COO": 1, "UF": "RS" }, "geometry": { "type": "Point", "coordinates": [ 364101.681733193458058, 6874121.411473026499152 ] } },
{ "type": "Feature", "properties": { "fid": 79432343, "COD_MUN": 4314100, "COD_ESPECI": 1, "NV_GEO_COO": 1, "UF": "RS" }, "geometry": { "type": "Point", "coordinates": [ 364104.796586889424361, 6874089.311731196939945 ] } },
{ "type": "Feature", "properties": { "fid": 79432346, "COD_MUN": 4314100, "COD_ESPECI": 1, "NV_GEO_COO": 1, "UF": "RS" }, "geometry": { "type": "Point", "coordinates": [ 364110.630036861228291, 6874145.449230998754501 ] } },
{ "type": "Feature", "properties": { "fid": 79432348, "COD_MUN": 4314100, "COD_ESPECI": 1, "NV_GEO_COO": 1, "UF": "RS" }, "geometry": { "type": "Point", "coordinates": [ 364108.374340479495004, 6874136.78009823244065 ] } },
{ "type": "Feature", "properties": { "fid": 79432349, "COD_MUN": 4314100, "COD_ESPECI": 1, "NV_GEO_COO": 1, "UF": "RS" }, "geometry": { "type": "Point", "coordinates": [ 364122.861723894369788, 6874096.942893482744694 ] } },
{ "type": "Feature", "properties": { "fid": 79432361, "COD_MUN": 4314100, "COD_ESPECI": 1, "NV_GEO_COO": 1, "UF": "RS" }, "geometry": { "type": "Point", "coordinates": [ 364248.370150970178656, 6874147.468287700787187 ] } },
{ "type": "Feature", "properties": { "fid": 79432362, "COD_MUN": 4314100, "COD_ESPECI": 1, "NV_GEO_COO": 1, "UF": "RS" }, "geometry": { "type": "Point", "coordinates": [ 364257.529767960193567, 6874144.470295395702124 ] } },
{ "type": "Feature", "properties": { "fid": 79432363, "COD_MUN": 4314100, "COD_ESPECI": 1, "NV_GEO_COO": 1, "UF": "RS" }, "geometry": { "type": "Point", "coordinates": [ 364266.610841029963922, 6874148.341719463467598 ] } },
{ "type": "Feature", "properties": { "fid": 79432365, "COD_MUN": 4314100, "COD_ESPECI": 1, "NV_GEO_COO": 1, "UF": "RS" }, "geometry": { "type": "Point", "coordinates": [ 364281.281027027056552, 6874143.966159678995609 ] } },
{ "type": "Feature", "properties": { "fid": 79432366, "COD_MUN": 4314100, "COD_ESPECI": 1, "NV_GEO_COO": 1, "UF": "RS" }, "geometry": { "type": "Point", "coordinates": [ 364309.009830521594267, 6874138.85335111990571 ] } },
{ "type": "Feature", "properties": { "fid": 79432367, "COD_MUN": 4314100, "COD_ESPECI": 1, "NV_GEO_COO": 1, "UF": "RS" }, "geometry": { "type": "Point", "coordinates": [ 364313.990595775190741, 6874140.904887147247791 ] } },
{ "type": "Feature", "properties": { "fid": 79432368, "COD_MUN": 4314100, "COD_ESPECI": 1, "NV_GEO_COO": 1, "UF": "RS" }, "geometry": { "type": "Point", "coordinates": [ 364327.758778673247434, 6874138.18113617785275 ] } },
{ "type": "Feature", "properties": { "fid": 79432369, "COD_MUN": 4314100, "COD_ESPECI": 1, "NV_GEO_COO": 1, "UF": "RS" }, "geometry": { "type": "Point", "coordinates": [ 364315.495276700239629, 6874103.689382446929812 ] } },
{ "type": "Feature", "properties": { "fid": 79432372, "COD_MUN": 4314100, "COD_ESPECI": 1, "NV_GEO_COO": 1, "UF": "RS" }, "geometry": { "type": "Point", "coordinates": [ 364322.621150157530792, 6874098.341054265387356 ] } },
{ "type": "Feature", "properties": { "fid": 79432373, "COD_MUN": 4314100, "COD_ESPECI": 1, "NV_GEO_COO": 1, "UF": "RS" }, "geometry": { "type": "Point", "coordinates": [ 364335.944254736590665, 6874125.974589298479259 ] } },
{ "type": "Feature", "properties": { "fid": 79432375, "COD_MUN": 4314100, "COD_ESPECI": 1, "NV_GEO_COO": 1, "UF": "RS" }, "geometry": { "type": "Point", "coordinates": [ 364230.604802496731281, 6874147.930003679357469 ] } },
{ "type": "Feature", "properties": { "fid": 79432378, "COD_MUN": 4314100, "COD_ESPECI": 1, "NV_GEO_COO": 1, "UF": "RS" }, "geometry": { "type": "Point", "coordinates": [ 364195.964517827495001, 6874208.258591985329986 ] } },
{ "type": "Feature", "properties": { "fid": 79432400, "COD_MUN": 4314100, "COD_ESPECI": 1, "NV_GEO_COO": 1, "UF": "RS" }, "geometry": { "type": "Point", "coordinates": [ 364329.142433934379369, 6874137.31045569293201 ] } },
{ "type": "Feature", "properties": { "fid": 79432401, "COD_MUN": 4314100, "COD_ESPECI": 1, "NV_GEO_COO": 1, "UF": "RS" }, "geometry": { "type": "Point", "coordinates": [ 364325.566193241858855, 6874141.147992428392172 ] } },
{ "type": "Feature", "properties": { "fid": 79432402, "COD_MUN": 4314100, "COD_ESPECI": 1, "NV_GEO_COO": 1, "UF": "RS" }, "geometry": { "type": "Point", "coordinates": [ 364325.393377871194389, 6874147.683902129530907 ] } },
{ "type": "Feature", "properties": { "fid": 79432403, "COD_MUN": 4314100, "COD_ESPECI": 7, "NV_GEO_COO": 1, "UF": "RS" }, "geometry": { "type": "Point", "coordinates": [ 364305.542419486911967, 6874150.338127396069467 ] } },
{ "type": "Feature", "properties": { "fid": 79432404, "COD_MUN": 4314100, "COD_ESPECI": 1, "NV_GEO_COO": 1, "UF": "RS" }, "geometry": { "type": "Point", "coordinates": [ 364304.67463442729786, 6874148.998469367623329 ] } },
{ "type": "Feature", "properties": { "fid": 79432405, "COD_MUN": 4314100, "COD_ESPECI": 1, "NV_GEO_COO": 1, "UF": "RS" }, "geometry": { "type": "Point", "coordinates": [ 364288.95564914913848, 6874150.702589983120561 ] } },
{ "type": "Feature", "properties": { "fid": 79432406, "COD_MUN": 4314100, "COD_ESPECI": 1, "NV_GEO_COO": 1, "UF": "RS" }, "geometry": { "type": "Point", "coordinates": [ 364288.95564914913848, 6874150.702589983120561 ] } },
{ "type": "Feature", "properties": { "fid": 79432407, "COD_MUN": 4314100, "COD_ESPECI": 1, "NV_GEO_COO": 1, "UF": "RS" }, "geometry": { "type": "Point", "coordinates": [ 364279.734550709021278, 6874167.662168074399233 ] } },
{ "type": "Feature", "properties": { "fid": 79432408, "COD_MUN": 4314100, "COD_ESPECI": 1, "NV_GEO_COO": 1, "UF": "RS" }, "geometry": { "type": "Point", "coordinates": [ 364266.301881515770219, 6874158.200422277674079 ] } },
{ "type": "Feature", "properties": { "fid": 79432409, "COD_MUN": 4314100, "COD_ESPECI": 1, "NV_GEO_COO": 1, "UF": "RS" }, "geometry": { "type": "Point", "coordinates": [ 364256.467598862247542, 6874151.550095373764634 ] } },
{ "type": "Feature", "properties": { "fid": 79432410, "COD_MUN": 4314100, "COD_ESPECI": 1, "NV_GEO_COO": 1, "UF": "RS" }, "geometry": { "type": "Point", "coordinates": [ 364242.865905991056934, 6874148.291840431280434 ] } },
{ "type": "Feature", "properties": { "fid": 79432411, "COD_MUN": 4314100, "COD_ESPECI": 1, "NV_GEO_COO": 1, "UF": "RS" }, "geometry": { "type": "Point", "coordinates": [ 364242.18641840852797, 6874181.970809267833829 ] } },
{ "type": "Feature", "properties": { "fid": 79432412, "COD_MUN": 4314100, "COD_ESPECI": 1, "NV_GEO_COO": 1, "UF": "RS" }, "geometry": { "type": "Point", "coordinates": [ 364241.546369000454433, 6874195.039263528771698 ] } },
{ "type": "Feature", "properties": { "fid": 79432413, "COD_MUN": 4314100, "COD_ESPECI": 1, "NV_GEO_COO": 1, "UF": "RS" }, "geometry": { "type": "Point", "coordinates": [ 364237.089630787842907, 6874198.645083859562874 ] } },
{ "type": "Feature", "properties": { "fid": 79432414, "COD_MUN": 4314100, "COD_ESPECI": 1, "NV_GEO_COO": 1, "UF": "RS" }, "geometry": { "type": "Point", "coordinates": [ 364230.594674971012864, 6874208.876292357221246 ] } },
{ "type": "Feature", "properties": { "fid": 79432415, "COD_MUN": 4314100, "COD_ESPECI": 1, "NV_GEO_COO": 1, "UF": "RS" }, "geometry": { "type": "Point", "coordinates": [ 364238.89052701368928, 6874187.030455630272627 ] } },
{ "type": "Feature", "properties": { "fid": 79432416, "COD_MUN": 4314100, "COD_ESPECI": 1, "NV_GEO_COO": 1, "UF": "RS" }, "geometry": { "type": "Point", "coordinates": [ 364233.945230527548119, 6874181.876568207517266 ] } },
{ "type": "Feature", "properties": { "fid": 79432417, "COD_MUN": 4314100, "COD_ESPECI": 1, "NV_GEO_COO": 1, "UF": "RS" }, "geometry": { "type": "Point", "coordinates": [ 364218.548542943317443, 6874224.0305349919945 ] } },
{ "type": "Feature", "properties": { "fid": 79432418, "COD_MUN": 4314100, "COD_ESPECI": 6, "NV_GEO_COO": 1, "UF": "RS" }, "geometry": { "type": "Point", "coordinates": [ 364218.548542943317443, 6874224.0305349919945 ] } },
{ "type": "Feature", "properties": { "fid": 79432419, "COD_MUN": 4314100, "COD_ESPECI": 1, "NV_GEO_COO": 1, "UF": "RS" }, "geometry": { "type": "Point", "coordinates": [ 364205.143521583755501, 6874229.306987220421433 ] } },
{ "type": "Feature", "properties": { "fid": 79432420, "COD_MUN": 4314100, "COD_ESPECI": 1, "NV_GEO_COO": 1, "UF": "RS" }, "geometry": { "type": "Point", "coordinates": [ 364220.989694689284079, 6874242.231562884524465 ] } },
{ "type": "Feature", "properties": { "fid": 79432421, "COD_MUN": 4314100, "COD_ESPECI": 1, "NV_GEO_COO": 1, "UF": "RS" }, "geometry": { "type": "Point", "coordinates": [ 364205.119971677253488, 6874239.944636080414057 ] } },
{ "type": "Feature", "properties": { "fid": 79432422, "COD_MUN": 4314100, "COD_ESPECI": 1, "NV_GEO_COO": 1, "UF": "RS" }, "geometry": { "type": "Point", "coordinates": [ 364015.83052376966225, 6873932.491651546210051 ] } },
{ "type": "Feature", "properties": { "fid": 79432423, "COD_MUN": 4314100, "COD_ESPECI": 1, "NV_GEO_COO": 1, "UF": "RS" }, "geometry": { "type": "Point", "coordinates": [ 364027.983149211038835, 6873933.738973437808454 ] } },
{ "type": "Feature", "properties": { "fid": 79432424, "COD_MUN": 4314100, "COD_ESPECI": 1, "NV_GEO_COO": 1, "UF": "RS" }, "geometry": { "type": "Point", "coordinates": [ 364029.898731127264909, 6873946.393457131460309 ] } },
{ "type": "Feature", "properties": { "fid": 79432425, "COD_MUN": 4314100, "COD_ESPECI": 1, "NV_GEO_COO": 1, "UF": "RS" }, "geometry": { "type": "Point", "coordinates": [ 364036.413954421062954, 6873960.097928062081337 ] } },
{ "type": "Feature", "properties": { "fid": 79432426, "COD_MUN": 4314100, "COD_ESPECI": 1, "NV_GEO_COO": 1, "UF": "RS" }, "geometry": { "type": "Point", "coordinates": [ 364044.450297097617295, 6873969.49815640412271 ] } },
{ "type": "Feature", "properties": { "fid": 79432427, "COD_MUN": 4314100, "COD_ESPECI": 1, "NV_GEO_COO": 1, "UF": "RS" }, "geometry": { "type": "Point", "coordinates": [ 364050.576520503149368, 6873974.333221731707454 ] } },
{ "type": "Feature", "properties": { "fid": 79432428, "COD_MUN": 4314100, "COD_ESPECI": 1, "NV_GEO_COO": 1, "UF": "RS" }, "geometry": { "type": "Point", "coordinates": [ 364060.855407331488095, 6873984.978048475459218 ] } },
{ "type": "Feature", "properties": { "fid": 79432429, "COD_MUN": 4314100, "COD_ESPECI": 1, "NV_GEO_COO": 1, "UF": "RS" }, "geometry": { "type": "Point", "coordinates": [ 364080.375483247684315, 6873994.066499257460237 ] } },
{ "type": "Feature", "properties": { "fid": 79432430, "COD_MUN": 4314100, "COD_ESPECI": 1, "NV_GEO_COO": 1, "UF": "RS" }, "geometry": { "type": "Point", "coordinates": [ 364042.223949030798394, 6873932.572339695878327 ] } },
{ "type": "Feature", "properties": { "fid": 79432431, "COD_MUN": 4314100, "COD_ESPECI": 1, "NV_GEO_COO": 1, "UF": "RS" }, "geometry": { "type": "Point", "coordinates": [ 364055.350036846240982, 6873934.495653003454208 ] } },
{ "type": "Feature", "properties": { "fid": 79432432, "COD_MUN": 4314100, "COD_ESPECI": 1, "NV_GEO_COO": 1, "UF": "RS" }, "geometry": { "type": "Point", "coordinates": [ 364067.188044714042917, 6873937.512319672852755 ] } },
{ "type": "Feature", "properties": { "fid": 79432433, "COD_MUN": 4314100, "COD_ESPECI": 1, "NV_GEO_COO": 1, "UF": "RS" }, "geometry": { "type": "Point", "coordinates": [ 364063.113240208011121, 6873907.768106583505869 ] } },
{ "type": "Feature", "properties": { "fid": 79433120, "COD_MUN": 4314100, "COD_ESPECI": 1, "NV_GEO_COO": 1, "UF": "RS" }, "geometry": { "type": "Point", "coordinates": [ 365563.86971811123658, 6874694.884398696944118 ] } },
{ "type": "Feature", "properties": { "fid": 79433121, "COD_MUN": 4314100, "COD_ESPECI": 1, "NV_GEO_COO": 1, "UF": "RS" }, "geometry": { "type": "Point", "coordinates": [ 365564.625501549511682, 6874688.798353926278651 ] } },
{ "type": "Feature", "properties": { "fid": 79433122, "COD_MUN": 4314100, "COD_ESPECI": 1, "NV_GEO_COO": 1, "UF": "RS" }, "geometry": { "type": "Point", "coordinates": [ 365559.058863025798928, 6874669.121793746948242 ] } },
{ "type": "Feature", "properties": { "fid": 79433123, "COD_MUN": 4314100, "COD_ESPECI": 1, "NV_GEO_COO": 1, "UF": "RS" }, "geometry": { "type": "Point", "coordinates": [ 365559.058863025798928, 6874669.121793746948242 ] } },
{ "type": "Feature", "properties": { "fid": 79433124, "COD_MUN": 4314100, "COD_ESPECI": 1, "NV_GEO_COO": 1, "UF": "RS" }, "geometry": { "type": "Point", "coordinates": [ 365561.947776137443725, 6874656.632865631021559 ] } },
{ "type": "Feature", "properties": { "fid": 79433125, "COD_MUN": 4314100, "COD_ESPECI": 1, "NV_GEO_COO": 1, "UF": "RS" }, "geometry": { "type": "Point", "coordinates": [ 365559.725050212931819, 6874653.615804582834244 ] } },
{ "type": "Feature", "properties": { "fid": 79433128, "COD_MUN": 4314100, "COD_ESPECI": 1, "NV_GEO_COO": 1, "UF": "RS" }, "geometry": { "type": "Point", "coordinates": [ 365545.394557329127565, 6874662.650853861123323 ] } },
{ "type": "Feature", "properties": { "fid": 79433129, "COD_MUN": 4314100, "COD_ESPECI": 8, "NV_GEO_COO": 1, "UF": "RS" }, "geometry": { "type": "Point", "coordinates": [ 365545.394557329127565, 6874662.650853861123323 ] } },
{ "type": "Feature", "properties": { "fid": 79433130, "COD_MUN": 4314100, "COD_ESPECI": 1, "NV_GEO_COO": 1, "UF": "RS" }, "geometry": { "type": "Point", "coordinates": [ 365523.885000157984905, 6874655.75861912406981 ] } },
{ "type": "Feature", "properties": { "fid": 79433144, "COD_MUN": 4314100, "COD_ESPECI": 1, "NV_GEO_COO": 1, "UF": "RS" }, "geometry": { "type": "Point", "coordinates": [ 365520.102991425432265, 6874669.123913107439876 ] } },
{ "type": "Feature", "properties": { "fid": 79433201, "COD_MUN": 4314100, "COD_ESPECI": 1, "NV_GEO_COO": 1, "UF": "RS" }, "geometry": { "type": "Point", "coordinates": [ 365480.086074087535962, 6874641.52195063047111 ] } },
{ "type": "Feature", "properties": { "fid": 79433321, "COD_MUN": 4314100, "COD_ESPECI": 8, "NV_GEO_COO": 1, "UF": "RS" }, "geometry": { "type": "Point", "coordinates": [ 365495.47428170137573, 6874625.739490443840623 ] } },
{ "type": "Feature", "properties": { "fid": 79433322, "COD_MUN": 4314100, "COD_ESPECI": 1, "NV_GEO_COO": 1, "UF": "RS" }, "geometry": { "type": "Point", "coordinates": [ 365495.640385570353828, 6874628.400835437700152 ] } },
{ "type": "Feature", "properties": { "fid": 79433323, "COD_MUN": 4314100, "COD_ESPECI": 1, "NV_GEO_COO": 1, "UF": "RS" }, "geometry": { "type": "Point", "coordinates": [ 365494.370376463164575, 6874645.229717554524541 ] } },
{ "type": "Feature", "properties": { "fid": 79433324, "COD_MUN": 4314100, "COD_ESPECI": 6, "NV_GEO_COO": 1, "UF": "RS" }, "geometry": { "type": "Point", "coordinates": [ 365494.370376463164575, 6874645.229717554524541 ] } },
{ "type": "Feature", "properties": { "fid": 79433325, "COD_MUN": 4314100, "COD_ESPECI": 1, "NV_GEO_COO": 1, "UF": "RS" }, "geometry": { "type": "Point", "coordinates": [ 365493.251190928858705, 6874657.406246949918568 ] } },
{ "type": "Feature", "properties": { "fid": 79433326, "COD_MUN": 4314100, "COD_ESPECI": 1, "NV_GEO_COO": 1, "UF": "RS" }, "geometry": { "type": "Point", "coordinates": [ 365507.650969879876357, 6874650.920695814304054 ] } },
{ "type": "Feature", "properties": { "fid": 79433327, "COD_MUN": 4314100, "COD_ESPECI": 1, "NV_GEO_COO": 1, "UF": "RS" }, "geometry": { "type": "Point", "coordinates": [ 365514.9868452292867, 6874652.998380404897034 ] } },
{ "type": "Feature", "properties": { "fid": 79433328, "COD_MUN": 4314100, "COD_ESPECI": 1, "NV_GEO_COO": 1, "UF": "RS" }, "geometry": { "type": "Point", "coordinates": [ 365533.448372553510126, 6874651.766915853135288 ] } },
{ "type": "Feature", "properties": { "fid": 79433329, "COD_MUN": 4314100, "COD_ESPECI": 1, "NV_GEO_COO": 1, "UF": "RS" }, "geometry": { "type": "Point", "coordinates": [ 365542.847131264279597, 6874653.646321571432054 ] } },
{ "type": "Feature", "properties": { "fid": 79433330, "COD_MUN": 4314100, "COD_ESPECI": 1, "NV_GEO_COO": 1, "UF": "RS" }, "geometry": { "type": "Point", "coordinates": [ 365560.585219488944858, 6874646.97688690200448 ] } },
{ "type": "Feature", "properties": { "fid": 79433331, "COD_MUN": 4314100, "COD_ESPECI": 1, "NV_GEO_COO": 1, "UF": "RS" }, "geometry": { "type": "Point", "coordinates": [ 365563.494733977830037, 6874650.001723546534777 ] } },
{ "type": "Feature", "properties": { "fid": 79433340, "COD_MUN": 4314100, "COD_ESPECI": 7, "NV_GEO_COO": 1, "UF": "RS" }, "geometry": { "type": "Point", "coordinates": [ 365571.376769192400388, 6874699.180203055031598 ] } },
{ "type": "Feature", "properties": { "fid": 79433341, "COD_MUN": 4314100, "COD_ESPECI": 1, "NV_GEO_COO": 1, "UF": "RS" }, "geometry": { "type": "Point", "coordinates": [ 365568.994888147281017, 6874675.55050911847502 ] } },
{ "type": "Feature", "properties": { "fid": 79433342, "COD_MUN": 4314100, "COD_ESPECI": 1, "NV_GEO_COO": 1, "UF": "RS" }, "geometry": { "type": "Point", "coordinates": [ 365571.146827971737366, 6874667.485673252493143 ] } },
{ "type": "Feature", "properties": { "fid": 79433343, "COD_MUN": 4314100, "COD_ESPECI": 1, "NV_GEO_COO": 1, "UF": "RS" }, "geometry": { "type": "Point", "coordinates": [ 365571.708889644301962, 6874661.175813069567084 ] } },
{ "type": "Feature", "properties": { "fid": 79433344, "COD_MUN": 4314100, "COD_ESPECI": 6, "NV_GEO_COO": 1, "UF": "RS" }, "geometry": { "type": "Point", "coordinates": [ 365568.596872678142972, 6874658.702740823850036 ] } },
{ "type": "Feature", "properties": { "fid": 79433345, "COD_MUN": 4314100, "COD_ESPECI": 1, "NV_GEO_COO": 1, "UF": "RS" }, "geometry": { "type": "Point", "coordinates": [ 365573.658328341087326, 6874653.662738964892924 ] } },
{ "type": "Feature", "properties": { "fid": 79433346, "COD_MUN": 4314100, "COD_ESPECI": 1, "NV_GEO_COO": 1, "UF": "RS" }, "geometry": { "type": "Point", "coordinates": [ 365570.785460366809275, 6874656.068055798299611 ] } },
{ "type": "Feature", "properties": { "fid": 79433351, "COD_MUN": 4314100, "COD_ESPECI": 1, "NV_GEO_COO": 1, "UF": "RS" }, "geometry": { "type": "Point", "coordinates": [ 365636.811082665226422, 6874709.228912853635848 ] } },
{ "type": "Feature", "properties": { "fid": 79433352, "COD_MUN": 4314100, "COD_ESPECI": 1, "NV_GEO_COO": 1, "UF": "RS" }, "geometry": { "type": "Point", "coordinates": [ 365635.744373712164816, 6874708.108733652159572 ] } },
{ "type": "Feature", "properties": { "fid": 79433353, "COD_MUN": 4314100, "COD_ESPECI": 7, "NV_GEO_COO": 1, "UF": "RS" }, "geometry": { "type": "Point", "coordinates": [ 365639.657295075186994, 6874700.507057522423565 ] } },
{ "type": "Feature", "properties": { "fid": 79433354, "COD_MUN": 4314100, "COD_ESPECI": 1, "NV_GEO_COO": 1, "UF": "RS" }, "geometry": { "type": "Point", "coordinates": [ 365637.467097111104522, 6874659.925484954379499 ] } },
{ "type": "Feature", "properties": { "fid": 79433355, "COD_MUN": 4314100, "COD_ESPECI": 1, "NV_GEO_COO": 1, "UF": "RS" }, "geometry": { "type": "Point", "coordinates": [ 365638.231010566814803, 6874670.461164819076657 ] } },
{ "type": "Feature", "properties": { "fid": 79433356, "COD_MUN": 4314100, "COD_ESPECI": 7, "NV_GEO_COO": 1, "UF": "RS" }, "geometry": { "type": "Point", "coordinates": [ 365639.267627427121624, 6874674.240465157665312 ] } },
{ "type": "Feature", "properties": { "fid": 79433358, "COD_MUN": 4314100, "COD_ESPECI": 1, "NV_GEO_COO": 1, "UF": "RS" }, "geometry": { "type": "Point", "coordinates": [ 365636.966180733637884, 6874652.163053443655372 ] } },
{ "type": "Feature", "properties": { "fid": 79433359, "COD_MUN": 4314100, "COD_ESPECI": 1, "NV_GEO_COO": 1, "UF": "RS" }, "geometry": { "type": "Point", "coordinates": [ 365643.125703116762452, 6874680.157097408547997 ] } },
{ "type": "Feature", "properties": { "fid": 79433360, "COD_MUN": 4314100, "COD_ESPECI": 1, "NV_GEO_COO": 1, "UF": "RS" }, "geometry": { "type": "Point", "coordinates": [ 365649.226261810050346, 6874678.674770696088672 ] } },
{ "type": "Feature", "properties": { "fid": 79433361, "COD_MUN": 4314100, "COD_ESPECI": 1, "NV_GEO_COO": 1, "UF": "RS" }, "geometry": { "type": "Point", "coordinates": [ 365645.851294114894699, 6874708.112282637506723 ] } },
{ "type": "Feature", "properties": { "fid": 79433362, "COD_MUN": 4314100, "COD_ESPECI": 1, "NV_GEO_COO": 1, "UF": "RS" }, "geometry": { "type": "Point", "coordinates": [ 365656.984473298012745, 6874704.138241817243397 ] } },
{ "type": "Feature", "properties": { "fid": 79433375, "COD_MUN": 4314100, "COD_ESPECI": 1, "NV_GEO_COO": 1, "UF": "RS" }, "geometry": { "type": "Point", "coordinates": [ 365711.685787486552726, 6874691.459684295579791 ] } },
{ "type": "Feature", "properties": { "fid": 79433376, "COD_MUN": 4314100, "COD_ESPECI": 1, "NV_GEO_COO": 1, "UF": "RS" }, "geometry": { "type": "Point", "coordinates": [ 365709.07394874910824, 6874679.462572794407606 ] } },
{ "type": "Feature", "properties": { "fid": 79433377, "COD_MUN": 4314100, "COD_ESPECI": 1, "NV_GEO_COO": 1, "UF": "RS" }, "geometry": { "type": "Point", "coordinates": [ 365709.07394874910824, 6874679.462572794407606 ] } },
{ "type": "Feature", "properties": { "fid": 79433378, "COD_MUN": 4314100, "COD_ESPECI": 1, "NV_GEO_COO": 1, "UF": "RS" }, "geometry": { "type": "Point", "coordinates": [ 365708.163493869535159, 6874655.849560733884573 ] } },
{ "type": "Feature", "properties": { "fid": 79433379, "COD_MUN": 4314100, "COD_ESPECI": 1, "NV_GEO_COO": 1, "UF": "RS" }, "geometry": { "type": "Point", "coordinates": [ 365708.365984800562728, 6874655.29779645614326 ] } },
{ "type": "Feature", "properties": { "fid": 79433380, "COD_MUN": 4314100, "COD_ESPECI": 1, "NV_GEO_COO": 1, "UF": "RS" }, "geometry": { "type": "Point", "coordinates": [ 365708.673732780735008, 6874645.439109286293387 ] } },
{ "type": "Feature", "properties": { "fid": 79433381, "COD_MUN": 4314100, "COD_ESPECI": 6, "NV_GEO_COO": 1, "UF": "RS" }, "geometry": { "type": "Point", "coordinates": [ 365701.322428490093444, 6874636.047853279858828 ] } },
{ "type": "Feature", "properties": { "fid": 79433385, "COD_MUN": 4314100, "COD_ESPECI": 1, "NV_GEO_COO": 1, "UF": "RS" }, "geometry": { "type": "Point", "coordinates": [ 365715.48588621156523, 6874693.829687545076013 ] } },
{ "type": "Feature", "properties": { "fid": 79435348, "COD_MUN": 4314100, "COD_ESPECI": 1, "NV_GEO_COO": 1, "UF": "RS" }, "geometry": { "type": "Point", "coordinates": [ 364744.918769233394414, 6874185.935937222093344 ] } },
{ "type": "Feature", "properties": { "fid": 79435349, "COD_MUN": 4314100, "COD_ESPECI": 1, "NV_GEO_COO": 1, "UF": "RS" }, "geometry": { "type": "Point", "coordinates": [ 364745.341500731999986, 6874183.281279686838388 ] } },
{ "type": "Feature", "properties": { "fid": 79435350, "COD_MUN": 4314100, "COD_ESPECI": 1, "NV_GEO_COO": 1, "UF": "RS" }, "geometry": { "type": "Point", "coordinates": [ 364732.855476085969713, 6874176.822774074971676 ] } },
{ "type": "Feature", "properties": { "fid": 79435351, "COD_MUN": 4314100, "COD_ESPECI": 1, "NV_GEO_COO": 1, "UF": "RS" }, "geometry": { "type": "Point", "coordinates": [ 364723.906442990060896, 6874169.961311772465706 ] } },
{ "type": "Feature", "properties": { "fid": 79435352, "COD_MUN": 4314100, "COD_ESPECI": 1, "NV_GEO_COO": 1, "UF": "RS" }, "geometry": { "type": "Point", "coordinates": [ 364712.624266498140059, 6874161.189460944384336 ] } },
{ "type": "Feature", "properties": { "fid": 79435353, "COD_MUN": 4314100, "COD_ESPECI": 1, "NV_GEO_COO": 1, "UF": "RS" }, "geometry": { "type": "Point", "coordinates": [ 364700.548395726946183, 6874153.184233071282506 ] } },
{ "type": "Feature", "properties": { "fid": 79435354, "COD_MUN": 4314100, "COD_ESPECI": 1, "NV_GEO_COO": 1, "UF": "RS" }, "geometry": { "type": "Point", "coordinates": [ 364700.076791413594037, 6874151.516687019728124 ] } },
{ "type": "Feature", "properties": { "fid": 79435355, "COD_MUN": 4314100, "COD_ESPECI": 1, "NV_GEO_COO": 1, "UF": "RS" }, "geometry": { "type": "Point", "coordinates": [ 364697.235419292235747, 6874151.151870418339968 ] } },
{ "type": "Feature", "properties": { "fid": 79435356, "COD_MUN": 4314100, "COD_ESPECI": 1, "NV_GEO_COO": 1, "UF": "RS" }, "geometry": { "type": "Point", "coordinates": [ 364696.547393728164025, 6874151.254840507172048 ] } },
{ "type": "Feature", "properties": { "fid": 79435357, "COD_MUN": 4314100, "COD_ESPECI": 1, "NV_GEO_COO": 1, "UF": "RS" }, "geometry": { "type": "Point", "coordinates": [ 364686.150367870577611, 6874150.914719240739942 ] } },
{ "type": "Feature", "properties": { "fid": 79435358, "COD_MUN": 4314100, "COD_ESPECI": 1, "NV_GEO_COO": 1, "UF": "RS" }, "geometry": { "type": "Point", "coordinates": [ 364676.649752019555308, 6874132.190107974223793 ] } },
{ "type": "Feature", "properties": { "fid": 79435359, "COD_MUN": 4314100, "COD_ESPECI": 1, "NV_GEO_COO": 1, "UF": "RS" }, "geometry": { "type": "Point", "coordinates": [ 364672.425161200924776, 6874124.052717299200594 ] } },
{ "type": "Feature", "properties": { "fid": 79435360, "COD_MUN": 4314100, "COD_ESPECI": 1, "NV_GEO_COO": 1, "UF": "RS" }, "geometry": { "type": "Point", "coordinates": [ 364675.63197981211124, 6874109.572972614318132 ] } },
{ "type": "Feature", "properties": { "fid": 79435361, "COD_MUN": 4314100, "COD_ESPECI": 1, "NV_GEO_COO": 1, "UF": "RS" }, "geometry": { "type": "Point", "coordinates": [ 364687.186067638453096, 6874111.699276054278016 ] } },
{ "type": "Feature", "properties": { "fid": 79435362, "COD_MUN": 4314100, "COD_ESPECI": 1, "NV_GEO_COO": 1, "UF": "RS" }, "geometry": { "type": "Point", "coordinates": [ 364696.476470042252913, 6874105.821345686912537 ] } },
{ "type": "Feature", "properties": { "fid": 79435363, "COD_MUN": 4314100, "COD_ESPECI": 1, "NV_GEO_COO": 1, "UF": "RS" }, "geometry": { "type": "Point", "coordinates": [ 364701.119526288413908, 6874094.460684593766928 ] } },
{ "type": "Feature", "properties": { "fid": 79435364, "COD_MUN": 4314100, "COD_ESPECI": 1, "NV_GEO_COO": 1, "UF": "RS" }, "geometry": { "type": "Point", "coordinates": [ 364703.841692708432674, 6874088.064645057544112 ] } },
{ "type": "Feature", "properties": { "fid": 79435365, "COD_MUN": 4314100, "COD_ESPECI": 1, "NV_GEO_COO": 1, "UF": "RS" }, "geometry": { "type": "Point", "coordinates": [ 364706.191244792251382, 6874088.534667355008423 ] } },
{ "type": "Feature", "properties": { "fid": 79435366, "COD_MUN": 4314100, "COD_ESPECI": 1, "NV_GEO_COO": 1, "UF": "RS" }, "geometry": { "type": "Point", "coordinates": [ 364721.125933555071242, 6874069.534482238814235 ] } },
{ "type": "Feature", "properties": { "fid": 79435367, "COD_MUN": 4314100, "COD_ESPECI": 1, "NV_GEO_COO": 1, "UF": "RS" }, "geometry": { "type": "Point", "coordinates": [ 364728.262954797246493, 6874063.188745094463229 ] } },
{ "type": "Feature", "properties": { "fid": 79435368, "COD_MUN": 4314100, "COD_ESPECI": 6, "NV_GEO_COO": 1, "UF": "RS" }, "geometry": { "type": "Point", "coordinates": [ 364728.262954797246493, 6874063.188745094463229 ] } },
{ "type": "Feature", "properties": { "fid": 79435369, "COD_MUN": 4314100, "COD_ESPECI": 1, "NV_GEO_COO": 1, "UF": "RS" }, "geometry": { "type": "Point", "coordinates": [ 364725.573999846936204, 6874058.060779564082623 ] } },
{ "type": "Feature", "properties": { "fid": 79435370, "COD_MUN": 4314100, "COD_ESPECI": 1, "NV_GEO_COO": 1, "UF": "RS" }, "geometry": { "type": "Point", "coordinates": [ 364740.984917607449461, 6874048.928215387277305 ] } },
{ "type": "Feature", "properties": { "fid": 79435371, "COD_MUN": 4314100, "COD_ESPECI": 1, "NV_GEO_COO": 1, "UF": "RS" }, "geometry": { "type": "Point", "coordinates": [ 364741.260663539869711, 6874041.950237544253469 ] } },
{ "type": "Feature", "properties": { "fid": 79435372, "COD_MUN": 4314100, "COD_ESPECI": 7, "NV_GEO_COO": 1, "UF": "RS" }, "geometry": { "type": "Point", "coordinates": [ 364745.284356216725428, 6874041.885269799269736 ] } },
{ "type": "Feature", "properties": { "fid": 79435373, "COD_MUN": 4314100, "COD_ESPECI": 1, "NV_GEO_COO": 1, "UF": "RS" }, "geometry": { "type": "Point", "coordinates": [ 364748.94464961567428, 6874039.267497872933745 ] } },
{ "type": "Feature", "properties": { "fid": 79435374, "COD_MUN": 4314100, "COD_ESPECI": 1, "NV_GEO_COO": 1, "UF": "RS" }, "geometry": { "type": "Point", "coordinates": [ 364756.519510541460477, 6874028.937522465363145 ] } },
{ "type": "Feature", "properties": { "fid": 79435375, "COD_MUN": 4314100, "COD_ESPECI": 1, "NV_GEO_COO": 1, "UF": "RS" }, "geometry": { "type": "Point", "coordinates": [ 364746.812581931939349, 6874011.09710583742708 ] } },
{ "type": "Feature", "properties": { "fid": 79435376, "COD_MUN": 4314100, "COD_ESPECI": 1, "NV_GEO_COO": 1, "UF": "RS" }, "geometry": { "type": "Point", "coordinates": [ 364773.851209337124601, 6874014.840287124738097 ] } },
{ "type": "Feature", "properties": { "fid": 79435377, "COD_MUN": 4314100, "COD_ESPECI": 1, "NV_GEO_COO": 1, "UF": "RS" }, "geometry": { "type": "Point", "coordinates": [ 364776.607729448238388, 6873996.809426248073578 ] } },
{ "type": "Feature", "properties": { "fid": 79435378, "COD_MUN": 4314100, "COD_ESPECI": 7, "NV_GEO_COO": 1, "UF": "RS" }, "geometry": { "type": "Point", "coordinates": [ 364797.057028785231523, 6873993.274755230173469 ] } },
{ "type": "Feature", "properties": { "fid": 79435379, "COD_MUN": 4314100, "COD_ESPECI": 1, "NV_GEO_COO": 1, "UF": "RS" }, "geometry": { "type": "Point", "coordinates": [ 364799.513822696986608, 6873984.327012052759528 ] } },
{ "type": "Feature", "properties": { "fid": 79435380, "COD_MUN": 4314100, "COD_ESPECI": 1, "NV_GEO_COO": 1, "UF": "RS" }, "geometry": { "type": "Point", "coordinates": [ 364812.752342836756725, 6873976.388545412570238 ] } },
{ "type": "Feature", "properties": { "fid": 79435381, "COD_MUN": 4314100, "COD_ESPECI": 1, "NV_GEO_COO": 1, "UF": "RS" }, "geometry": { "type": "Point", "coordinates": [ 364825.29429962253198, 6873960.685335598886013 ] } },
{ "type": "Feature", "properties": { "fid": 79435382, "COD_MUN": 4314100, "COD_ESPECI": 1, "NV_GEO_COO": 1, "UF": "RS" }, "geometry": { "type": "Point", "coordinates": [ 364828.478855193709023, 6873965.375675816088915 ] } },
{ "type": "Feature", "properties": { "fid": 79435383, "COD_MUN": 4314100, "COD_ESPECI": 1, "NV_GEO_COO": 1, "UF": "RS" }, "geometry": { "type": "Point", "coordinates": [ 364830.284193873871118, 6873953.317790523171425 ] } },
{ "type": "Feature", "properties": { "fid": 79435384, "COD_MUN": 4314100, "COD_ESPECI": 1, "NV_GEO_COO": 1, "UF": "RS" }, "geometry": { "type": "Point", "coordinates": [ 364829.66905662487261, 6873955.637825522571802 ] } },
{ "type": "Feature", "properties": { "fid": 79435385, "COD_MUN": 4314100, "COD_ESPECI": 1, "NV_GEO_COO": 1, "UF": "RS" }, "geometry": { "type": "Point", "coordinates": [ 364845.313817556714639, 6873943.183456614613533 ] } },
{ "type": "Feature", "properties": { "fid": 79435386, "COD_MUN": 4314100, "COD_ESPECI": 1, "NV_GEO_COO": 1, "UF": "RS" }, "geometry": { "type": "Point", "coordinates": [ 364840.482204952160828, 6873919.414808529429138 ] } },
{ "type": "Feature", "properties": { "fid": 79435387, "COD_MUN": 4314100, "COD_ESPECI": 1, "NV_GEO_COO": 1, "UF": "RS" }, "geometry": { "type": "Point", "coordinates": [ 364837.367718408349901, 6873925.806408183649182 ] } },
{ "type": "Feature", "properties": { "fid": 79435388, "COD_MUN": 4314100, "COD_ESPECI": 1, "NV_GEO_COO": 1, "UF": "RS" }, "geometry": { "type": "Point", "coordinates": [ 364856.116817526170053, 6873907.846803339198232 ] } },
{ "type": "Feature", "properties": { "fid": 79435389, "COD_MUN": 4314100, "COD_ESPECI": 1, "NV_GEO_COO": 1, "UF": "RS" }, "geometry": { "type": "Point", "coordinates": [ 364840.92062929738313, 6873898.144012421369553 ] } },
{ "type": "Feature", "properties": { "fid": 79435390, "COD_MUN": 4314100, "COD_ESPECI": 1, "NV_GEO_COO": 1, "UF": "RS" }, "geometry": { "type": "Point", "coordinates": [ 364846.616559274494648, 6873914.941384272649884 ] } },
{ "type": "Feature", "properties": { "fid": 79435391, "COD_MUN": 4314100, "COD_ESPECI": 1, "NV_GEO_COO": 1, "UF": "RS" }, "geometry": { "type": "Point", "coordinates": [ 364857.075461481465027, 6873901.209033691324294 ] } },
{ "type": "Feature", "properties": { "fid": 79435392, "COD_MUN": 4314100, "COD_ESPECI": 1, "NV_GEO_COO": 1, "UF": "RS" }, "geometry": { "type": "Point", "coordinates": [ 364864.568434441171121, 6873889.437516423873603 ] } },
{ "type": "Feature", "properties": { "fid": 79435393, "COD_MUN": 4314100, "COD_ESPECI": 1, "NV_GEO_COO": 1, "UF": "RS" }, "geometry": { "type": "Point", "coordinates": [ 364883.131050392228644, 6873879.232546772807837 ] } },
{ "type": "Feature", "properties": { "fid": 79435394, "COD_MUN": 4314100, "COD_ESPECI": 1, "NV_GEO_COO": 1, "UF": "RS" }, "geometry": { "type": "Point", "coordinates": [ 364866.335890854243189, 6873880.703537232242525 ] } },
{ "type": "Feature", "properties": { "fid": 79435395, "COD_MUN": 4314100, "COD_ESPECI": 1, "NV_GEO_COO": 1, "UF": "RS" }, "geometry": { "type": "Point", "coordinates": [ 364856.860187454032712, 6873868.406411061063409 ] } },
{ "type": "Feature", "properties": { "fid": 79435396, "COD_MUN": 4314100, "COD_ESPECI": 1, "NV_GEO_COO": 1, "UF": "RS" }, "geometry": { "type": "Point", "coordinates": [ 364883.79635794123169, 6873881.123912967741489 ] } },
{ "type": "Feature", "properties": { "fid": 79435477, "COD_MUN": 4314100, "COD_ESPECI": 1, "NV_GEO_COO": 1, "UF": "RS" }, "geometry": { "type": "Point", "coordinates": [ 364772.040762737276964, 6874191.00978790037334 ] } },
{ "type": "Feature", "properties": { "fid": 79435478, "COD_MUN": 4314100, "COD_ESPECI": 6, "NV_GEO_COO": 1, "UF": "RS" }, "geometry": { "type": "Point", "coordinates": [ 364772.040762737276964, 6874191.00978790037334 ] } },
{ "type": "Feature", "properties": { "fid": 79435489, "COD_MUN": 4314100, "COD_ESPECI": 1, "NV_GEO_COO": 1, "UF": "RS" }, "geometry": { "type": "Point", "coordinates": [ 364721.556395644089207, 6874092.034106872044504 ] } },
{ "type": "Feature", "properties": { "fid": 79435490, "COD_MUN": 4314100, "COD_ESPECI": 6, "NV_GEO_COO": 1, "UF": "RS" }, "geometry": { "type": "Point", "coordinates": [ 364702.479155497509055, 6874095.695105641148984 ] } },
{ "type": "Feature", "properties": { "fid": 79435491, "COD_MUN": 4314100, "COD_ESPECI": 1, "NV_GEO_COO": 1, "UF": "RS" }, "geometry": { "type": "Point", "coordinates": [ 364696.368259316775948, 6874106.706603867933154 ] } },
{ "type": "Feature", "properties": { "fid": 79435492, "COD_MUN": 4314100, "COD_ESPECI": 1, "NV_GEO_COO": 1, "UF": "RS" }, "geometry": { "type": "Point", "coordinates": [ 364688.764253654750064, 6874119.584875853732228 ] } },
{ "type": "Feature", "properties": { "fid": 79435493, "COD_MUN": 4314100, "COD_ESPECI": 1, "NV_GEO_COO": 1, "UF": "RS" }, "geometry": { "type": "Point", "coordinates": [ 364691.205606291186996, 6874120.610004290938377 ] } },
{ "type": "Feature", "properties": { "fid": 79435494, "COD_MUN": 4314100, "COD_ESPECI": 1, "NV_GEO_COO": 1, "UF": "RS" }, "geometry": { "type": "Point", "coordinates": [ 364681.727812659635674, 6874125.71011514402926 ] } },
{ "type": "Feature", "properties": { "fid": 79435495, "COD_MUN": 4314100, "COD_ESPECI": 1, "NV_GEO_COO": 1, "UF": "RS" }, "geometry": { "type": "Point", "coordinates": [ 364698.02825156081235, 6874141.852746302261949 ] } },
{ "type": "Feature", "properties": { "fid": 79435496, "COD_MUN": 4314100, "COD_ESPECI": 1, "NV_GEO_COO": 1, "UF": "RS" }, "geometry": { "type": "Point", "coordinates": [ 364708.213523222599179, 6874152.163472415879369 ] } },
{ "type": "Feature", "properties": { "fid": 79435497, "COD_MUN": 4314100, "COD_ESPECI": 1, "NV_GEO_COO": 1, "UF": "RS" }, "geometry": { "type": "Point", "coordinates": [ 364715.508568425779231, 6874157.787174742668867 ] } },
{ "type": "Feature", "properties": { "fid": 79435498, "COD_MUN": 4314100, "COD_ESPECI": 1, "NV_GEO_COO": 1, "UF": "RS" }, "geometry": { "type": "Point", "coordinates": [ 364720.337373345915694, 6874155.958405261859298 ] } },
{ "type": "Feature", "properties": { "fid": 79435573, "COD_MUN": 4314100, "COD_ESPECI": 1, "NV_GEO_COO": 1, "UF": "RS" }, "geometry": { "type": "Point", "coordinates": [ 364900.075761888292618, 6873881.863255572505295 ] } },
{ "type": "Feature", "properties": { "fid": 79435574, "COD_MUN": 4314100, "COD_ESPECI": 1, "NV_GEO_COO": 1, "UF": "RS" }, "geometry": { "type": "Point", "coordinates": [ 364893.62820980953984, 6873887.995311707258224 ] } },
{ "type": "Feature", "properties": { "fid": 79435575, "COD_MUN": 4314100, "COD_ESPECI": 6, "NV_GEO_COO": 1, "UF": "RS" }, "geometry": { "type": "Point", "coordinates": [ 364893.62820980953984, 6873887.995311707258224 ] } },
{ "type": "Feature", "properties": { "fid": 79435576, "COD_MUN": 4314100, "COD_ESPECI": 1, "NV_GEO_COO": 1, "UF": "RS" }, "geometry": { "type": "Point", "coordinates": [ 364889.054768610280007, 6873893.262204522266984 ] } },
{ "type": "Feature", "properties": { "fid": 79435579, "COD_MUN": 4314100, "COD_ESPECI": 7, "NV_GEO_COO": 1, "UF": "RS" }, "geometry": { "type": "Point", "coordinates": [ 364851.740544515952934, 6873921.648404479958117 ] } },
{ "type": "Feature", "properties": { "fid": 79435580, "COD_MUN": 4314100, "COD_ESPECI": 1, "NV_GEO_COO": 1, "UF": "RS" }, "geometry": { "type": "Point", "coordinates": [ 364865.125438477261923, 6873935.319769954308867 ] } },
{ "type": "Feature", "properties": { "fid": 79435581, "COD_MUN": 4314100, "COD_ESPECI": 1, "NV_GEO_COO": 1, "UF": "RS" }, "geometry": { "type": "Point", "coordinates": [ 364780.04522432165686, 6874030.978495376184583 ] } },
{ "type": "Feature", "properties": { "fid": 79435585, "COD_MUN": 4314100, "COD_ESPECI": 1, "NV_GEO_COO": 1, "UF": "RS" }, "geometry": { "type": "Point", "coordinates": [ 364802.955162703350652, 6874018.163681570440531 ] } },
{ "type": "Feature", "properties": { "fid": 79435594, "COD_MUN": 4314100, "COD_ESPECI": 1, "NV_GEO_COO": 1, "UF": "RS" }, "geometry": { "type": "Point", "coordinates": [ 364863.557701146230102, 6873952.366875713691115 ] } },
{ "type": "Feature", "properties": { "fid": 79435595, "COD_MUN": 4314100, "COD_ESPECI": 1, "NV_GEO_COO": 1, "UF": "RS" }, "geometry": { "type": "Point", "coordinates": [ 364836.571016935864463, 6873978.543558923527598 ] } },
{ "type": "Feature", "properties": { "fid": 79435596, "COD_MUN": 4314100, "COD_ESPECI": 1, "NV_GEO_COO": 1, "UF": "RS" }, "geometry": { "type": "Point", "coordinates": [ 364827.160266261023935, 6873977.771537452936172 ] } },
{ "type": "Feature", "properties": { "fid": 79435597, "COD_MUN": 4314100, "COD_ESPECI": 1, "NV_GEO_COO": 1, "UF": "RS" }, "geometry": { "type": "Point", "coordinates": [ 364812.3012565234676, 6873998.767310673370957 ] } },
{ "type": "Feature", "properties": { "fid": 79435598, "COD_MUN": 4314100, "COD_ESPECI": 1, "NV_GEO_COO": 1, "UF": "RS" }, "geometry": { "type": "Point", "coordinates": [ 364805.393341505667195, 6874002.234607407823205 ] } },
{ "type": "Feature", "properties": { "fid": 79435599, "COD_MUN": 4314100, "COD_ESPECI": 1, "NV_GEO_COO": 1, "UF": "RS" }, "geometry": { "type": "Point", "coordinates": [ 364801.520453052246012, 6874006.29052265919745 ] } },
{ "type": "Feature", "properties": { "fid": 79435608, "COD_MUN": 4314100, "COD_ESPECI": 1, "NV_GEO_COO": 1, "UF": "RS" }, "geometry": { "type": "Point", "coordinates": [ 364775.857801148435101, 6874036.803802859038115 ] } },
{ "type": "Feature", "properties": { "fid": 79435609, "COD_MUN": 4314100, "COD_ESPECI": 1, "NV_GEO_COO": 1, "UF": "RS" }, "geometry": { "type": "Point", "coordinates": [ 364756.776883128099144, 6874040.797276070341468 ] } },
{ "type": "Feature", "properties": { "fid": 79435610, "COD_MUN": 4314100, "COD_ESPECI": 1, "NV_GEO_COO": 1, "UF": "RS" }, "geometry": { "type": "Point", "coordinates": [ 364742.602261149440892, 6874053.379099451005459 ] } },
{ "type": "Feature", "properties": { "fid": 79435611, "COD_MUN": 4314100, "COD_ESPECI": 6, "NV_GEO_COO": 1, "UF": "RS" }, "geometry": { "type": "Point", "coordinates": [ 364742.602261149440892, 6874053.379099451005459 ] } },
{ "type": "Feature", "properties": { "fid": 79435612, "COD_MUN": 4314100, "COD_ESPECI": 1, "NV_GEO_COO": 1, "UF": "RS" }, "geometry": { "type": "Point", "coordinates": [ 364733.362058221711777, 6874063.468469120562077 ] } },
{ "type": "Feature", "properties": { "fid": 79435613, "COD_MUN": 4314100, "COD_ESPECI": 6, "NV_GEO_COO": 1, "UF": "RS" }, "geometry": { "type": "Point", "coordinates": [ 364733.362058221711777, 6874063.468469120562077 ] } },
{ "type": "Feature", "properties": { "fid": 79435614, "COD_MUN": 4314100, "COD_ESPECI": 1, "NV_GEO_COO": 1, "UF": "RS" }, "geometry": { "type": "Point", "coordinates": [ 364720.829604924772866, 6874086.928499490022659 ] } },
{ "type": "Feature", "properties": { "fid": 79436126, "COD_MUN": 4314100, "COD_ESPECI": 8, "NV_GEO_COO": 1, "UF": "RS" }, "geometry": { "type": "Point", "coordinates": [ 364165.76380515191704, 6873426.136336237192154 ] } },
{ "type": "Feature", "properties": { "fid": 79436127, "COD_MUN": 4314100, "COD_ESPECI": 1, "NV_GEO_COO": 1, "UF": "RS" }, "geometry": { "type": "Point", "coordinates": [ 364173.516161760664545, 6873443.17926034424454 ] } },
{ "type": "Feature", "properties": { "fid": 79436143, "COD_MUN": 4314100, "COD_ESPECI": 1, "NV_GEO_COO": 1, "UF": "RS" }, "geometry": { "type": "Point", "coordinates": [ 364378.708744360832497, 6873603.543155780993402 ] } },
{ "type": "Feature", "properties": { "fid": 79436144, "COD_MUN": 4314100, "COD_ESPECI": 1, "NV_GEO_COO": 1, "UF": "RS" }, "geometry": { "type": "Point", "coordinates": [ 364379.648653716430999, 6873598.567370416596532 ] } },
{ "type": "Feature", "properties": { "fid": 79436145, "COD_MUN": 4314100, "COD_ESPECI": 1, "NV_GEO_COO": 1, "UF": "RS" }, "geometry": { "type": "Point", "coordinates": [ 364381.338578075869009, 6873605.235378930345178 ] } },
{ "type": "Feature", "properties": { "fid": 79436155, "COD_MUN": 4314100, "COD_ESPECI": 1, "NV_GEO_COO": 1, "UF": "RS" }, "geometry": { "type": "Point", "coordinates": [ 364403.10505767329596, 6873520.713141618296504 ] } },
{ "type": "Feature", "properties": { "fid": 79436156, "COD_MUN": 4314100, "COD_ESPECI": 1, "NV_GEO_COO": 1, "UF": "RS" }, "geometry": { "type": "Point", "coordinates": [ 364406.094381396658719, 6873525.290570328943431 ] } },
{ "type": "Feature", "properties": { "fid": 79436157, "COD_MUN": 4314100, "COD_ESPECI": 1, "NV_GEO_COO": 1, "UF": "RS" }, "geometry": { "type": "Point", "coordinates": [ 364411.469844436913263, 6873527.124965213239193 ] } },
{ "type": "Feature", "properties": { "fid": 79436158, "COD_MUN": 4314100, "COD_ESPECI": 6, "NV_GEO_COO": 1, "UF": "RS" }, "geometry": { "type": "Point", "coordinates": [ 364447.727526604314335, 6873608.431595547124743 ] } },
{ "type": "Feature", "properties": { "fid": 79436160, "COD_MUN": 4314100, "COD_ESPECI": 1, "NV_GEO_COO": 1, "UF": "RS" }, "geometry": { "type": "Point", "coordinates": [ 364406.269696263072547, 6873518.533061841502786 ] } },
{ "type": "Feature", "properties": { "fid": 79436166, "COD_MUN": 4314100, "COD_ESPECI": 1, "NV_GEO_COO": 1, "UF": "RS" }, "geometry": { "type": "Point", "coordinates": [ 364444.860983090242371, 6873610.282656421884894 ] } },
{ "type": "Feature", "properties": { "fid": 79436167, "COD_MUN": 4314100, "COD_ESPECI": 1, "NV_GEO_COO": 1, "UF": "RS" }, "geometry": { "type": "Point", "coordinates": [ 364436.897993339982349, 6873594.456461042165756 ] } },
{ "type": "Feature", "properties": { "fid": 79436168, "COD_MUN": 4314100, "COD_ESPECI": 7, "NV_GEO_COO": 1, "UF": "RS" }, "geometry": { "type": "Point", "coordinates": [ 364434.283278288261499, 6873574.258879601955414 ] } },
{ "type": "Feature", "properties": { "fid": 79436169, "COD_MUN": 4314100, "COD_ESPECI": 1, "NV_GEO_COO": 1, "UF": "RS" }, "geometry": { "type": "Point", "coordinates": [ 364434.283278288261499, 6873574.258879601955414 ] } },
{ "type": "Feature", "properties": { "fid": 79436170, "COD_MUN": 4314100, "COD_ESPECI": 1, "NV_GEO_COO": 1, "UF": "RS" }, "geometry": { "type": "Point", "coordinates": [ 364429.062843038060237, 6873567.43974323477596 ] } },
{ "type": "Feature", "properties": { "fid": 79436171, "COD_MUN": 4314100, "COD_ESPECI": 1, "NV_GEO_COO": 1, "UF": "RS" }, "geometry": { "type": "Point", "coordinates": [ 364423.753168730065227, 6873559.843903352506459 ] } },
{ "type": "Feature", "properties": { "fid": 79436172, "COD_MUN": 4314100, "COD_ESPECI": 1, "NV_GEO_COO": 1, "UF": "RS" }, "geometry": { "type": "Point", "coordinates": [ 364423.647471117903478, 6873560.507565908133984 ] } },
{ "type": "Feature", "properties": { "fid": 79436173, "COD_MUN": 4314100, "COD_ESPECI": 1, "NV_GEO_COO": 1, "UF": "RS" }, "geometry": { "type": "Point", "coordinates": [ 364413.507890843960922, 6873537.675354125909507 ] } },
{ "type": "Feature", "properties": { "fid": 79436176, "COD_MUN": 4314100, "COD_ESPECI": 1, "NV_GEO_COO": 1, "UF": "RS" }, "geometry": { "type": "Point", "coordinates": [ 364441.320955781731755, 6873602.374601478688419 ] } },
{ "type": "Feature", "properties": { "fid": 79436177, "COD_MUN": 4314100, "COD_ESPECI": 7, "NV_GEO_COO": 1, "UF": "RS" }, "geometry": { "type": "Point", "coordinates": [ 364404.303210292186122, 6873544.662148170173168 ] } },
{ "type": "Feature", "properties": { "fid": 79436178, "COD_MUN": 4314100, "COD_ESPECI": 7, "NV_GEO_COO": 1, "UF": "RS" }, "geometry": { "type": "Point", "coordinates": [ 364394.439005473221187, 6873523.495237966068089 ] } },
{ "type": "Feature", "properties": { "fid": 79436179, "COD_MUN": 4314100, "COD_ESPECI": 1, "NV_GEO_COO": 1, "UF": "RS" }, "geometry": { "type": "Point", "coordinates": [ 364390.275601632078178, 6873527.215266862884164 ] } },
{ "type": "Feature", "properties": { "fid": 79436180, "COD_MUN": 4314100, "COD_ESPECI": 7, "NV_GEO_COO": 1, "UF": "RS" }, "geometry": { "type": "Point", "coordinates": [ 364372.044050402881112, 6873551.385518806055188 ] } },
{ "type": "Feature", "properties": { "fid": 79436181, "COD_MUN": 4314100, "COD_ESPECI": 7, "NV_GEO_COO": 1, "UF": "RS" }, "geometry": { "type": "Point", "coordinates": [ 364372.337096717441455, 6873551.499679058790207 ] } },
{ "type": "Feature", "properties": { "fid": 79436182, "COD_MUN": 4314100, "COD_ESPECI": 7, "NV_GEO_COO": 1, "UF": "RS" }, "geometry": { "type": "Point", "coordinates": [ 364375.283398787956685, 6873542.668411735445261 ] } },
{ "type": "Feature", "properties": { "fid": 79436186, "COD_MUN": 4314100, "COD_ESPECI": 1, "NV_GEO_COO": 1, "UF": "RS" }, "geometry": { "type": "Point", "coordinates": [ 364389.6882440308691, 6873527.097744397819042 ] } },
{ "type": "Feature", "properties": { "fid": 79436197, "COD_MUN": 4314100, "COD_ESPECI": 1, "NV_GEO_COO": 1, "UF": "RS" }, "geometry": { "type": "Point", "coordinates": [ 364387.791355620604008, 6873529.957174859941006 ] } },
{ "type": "Feature", "properties": { "fid": 79436198, "COD_MUN": 4314100, "COD_ESPECI": 7, "NV_GEO_COO": 1, "UF": "RS" }, "geometry": { "type": "Point", "coordinates": [ 364390.828780107724015, 6873530.324313796125352 ] } },
{ "type": "Feature", "properties": { "fid": 79436199, "COD_MUN": 4314100, "COD_ESPECI": 1, "NV_GEO_COO": 1, "UF": "RS" }, "geometry": { "type": "Point", "coordinates": [ 364398.541647111414932, 6873525.0934734120965 ] } },
{ "type": "Feature", "properties": { "fid": 79436200, "COD_MUN": 4314100, "COD_ESPECI": 1, "NV_GEO_COO": 1, "UF": "RS" }, "geometry": { "type": "Point", "coordinates": [ 364398.136573247087654, 6873526.19696220010519 ] } },
{ "type": "Feature", "properties": { "fid": 79436201, "COD_MUN": 4314100, "COD_ESPECI": 1, "NV_GEO_COO": 1, "UF": "RS" }, "geometry": { "type": "Point", "coordinates": [ 364394.320647770888172, 6873525.266872378066182 ] } },
{ "type": "Feature", "properties": { "fid": 79436202, "COD_MUN": 4314100, "COD_ESPECI": 1, "NV_GEO_COO": 1, "UF": "RS" }, "geometry": { "type": "Point", "coordinates": [ 364401.71452029410284, 6873530.781116837635636 ] } },
{ "type": "Feature", "properties": { "fid": 79436213, "COD_MUN": 4314100, "COD_ESPECI": 1, "NV_GEO_COO": 1, "UF": "RS" }, "geometry": { "type": "Point", "coordinates": [ 364280.976806517224759, 6873844.438795953989029 ] } },
{ "type": "Feature", "properties": { "fid": 79436214, "COD_MUN": 4314100, "COD_ESPECI": 1, "NV_GEO_COO": 1, "UF": "RS" }, "geometry": { "type": "Point", "coordinates": [ 364281.348399013106246, 6873837.683532478287816 ] } },
{ "type": "Feature", "properties": { "fid": 79436215, "COD_MUN": 4314100, "COD_ESPECI": 1, "NV_GEO_COO": 1, "UF": "RS" }, "geometry": { "type": "Point", "coordinates": [ 364301.159476175089367, 6873855.639886028133333 ] } },
{ "type": "Feature", "properties": { "fid": 79436216, "COD_MUN": 4314100, "COD_ESPECI": 1, "NV_GEO_COO": 1, "UF": "RS" }, "geometry": { "type": "Point", "coordinates": [ 364316.579951840918511, 6873854.264791544526815 ] } },
{ "type": "Feature", "properties": { "fid": 79436217, "COD_MUN": 4314100, "COD_ESPECI": 1, "NV_GEO_COO": 1, "UF": "RS" }, "geometry": { "type": "Point", "coordinates": [ 364331.167450701002963, 6873857.090999742969871 ] } },
{ "type": "Feature", "properties": { "fid": 79436218, "COD_MUN": 4314100, "COD_ESPECI": 1, "NV_GEO_COO": 1, "UF": "RS" }, "geometry": { "type": "Point", "coordinates": [ 364294.118712855037302, 6873836.388979678973556 ] } },
{ "type": "Feature", "properties": { "fid": 79436219, "COD_MUN": 4314100, "COD_ESPECI": 1, "NV_GEO_COO": 1, "UF": "RS" }, "geometry": { "type": "Point", "coordinates": [ 364294.118712855037302, 6873836.388979678973556 ] } },
{ "type": "Feature", "properties": { "fid": 79436220, "COD_MUN": 4314100, "COD_ESPECI": 1, "NV_GEO_COO": 1, "UF": "RS" }, "geometry": { "type": "Point", "coordinates": [ 364293.353892626124434, 6873868.95886536128819 ] } },
{ "type": "Feature", "properties": { "fid": 79436221, "COD_MUN": 4314100, "COD_ESPECI": 1, "NV_GEO_COO": 1, "UF": "RS" }, "geometry": { "type": "Point", "coordinates": [ 364280.550474985619076, 6873890.309952139854431 ] } },
{ "type": "Feature", "properties": { "fid": 79436222, "COD_MUN": 4314100, "COD_ESPECI": 1, "NV_GEO_COO": 1, "UF": "RS" }, "geometry": { "type": "Point", "coordinates": [ 364284.694338177505415, 6873896.89521648734808 ] } },
{ "type": "Feature", "properties": { "fid": 79436223, "COD_MUN": 4314100, "COD_ESPECI": 1, "NV_GEO_COO": 1, "UF": "RS" }, "geometry": { "type": "Point", "coordinates": [ 364301.769824386981782, 6873930.99878784827888 ] } },
{ "type": "Feature", "properties": { "fid": 79436224, "COD_MUN": 4314100, "COD_ESPECI": 1, "NV_GEO_COO": 1, "UF": "RS" }, "geometry": { "type": "Point", "coordinates": [ 364302.078078071412165, 6873929.783383391797543 ] } },
{ "type": "Feature", "properties": { "fid": 79436225, "COD_MUN": 4314100, "COD_ESPECI": 7, "NV_GEO_COO": 1, "UF": "RS" }, "geometry": { "type": "Point", "coordinates": [ 364291.179304041957948, 6873930.434475302696228 ] } },
{ "type": "Feature", "properties": { "fid": 79436226, "COD_MUN": 4314100, "COD_ESPECI": 1, "NV_GEO_COO": 1, "UF": "RS" }, "geometry": { "type": "Point", "coordinates": [ 364261.552170310576912, 6873929.98492968082428 ] } },
{ "type": "Feature", "properties": { "fid": 79436227, "COD_MUN": 4314100, "COD_ESPECI": 1, "NV_GEO_COO": 1, "UF": "RS" }, "geometry": { "type": "Point", "coordinates": [ 364266.737773326516617, 6873948.438959398306906 ] } },
{ "type": "Feature", "properties": { "fid": 79436228, "COD_MUN": 4314100, "COD_ESPECI": 1, "NV_GEO_COO": 1, "UF": "RS" }, "geometry": { "type": "Point", "coordinates": [ 364297.199790086888243, 6873953.108876227401197 ] } },
{ "type": "Feature", "properties": { "fid": 79436233, "COD_MUN": 4314100, "COD_ESPECI": 1, "NV_GEO_COO": 1, "UF": "RS" }, "geometry": { "type": "Point", "coordinates": [ 364266.31276303215418, 6873839.727850895375013 ] } },
{ "type": "Feature", "properties": { "fid": 79436234, "COD_MUN": 4314100, "COD_ESPECI": 1, "NV_GEO_COO": 1, "UF": "RS" }, "geometry": { "type": "Point", "coordinates": [ 364275.199919897946529, 6873843.375441089272499 ] } },
{ "type": "Feature", "properties": { "fid": 79436235, "COD_MUN": 4314100, "COD_ESPECI": 1, "NV_GEO_COO": 1, "UF": "RS" }, "geometry": { "type": "Point", "coordinates": [ 364282.992708418751135, 6873848.340252473950386 ] } },
{ "type": "Feature", "properties": { "fid": 79436236, "COD_MUN": 4314100, "COD_ESPECI": 1, "NV_GEO_COO": 1, "UF": "RS" }, "geometry": { "type": "Point", "coordinates": [ 364282.992708418751135, 6873848.340252473950386 ] } },
{ "type": "Feature", "properties": { "fid": 79436237, "COD_MUN": 4314100, "COD_ESPECI": 1, "NV_GEO_COO": 1, "UF": "RS" }, "geometry": { "type": "Point", "coordinates": [ 364226.917859331821091, 6873869.750541863963008 ] } },
{ "type": "Feature", "properties": { "fid": 79436238, "COD_MUN": 4314100, "COD_ESPECI": 1, "NV_GEO_COO": 1, "UF": "RS" }, "geometry": { "type": "Point", "coordinates": [ 364226.919126592460088, 6873869.6397446654737 ] } },
{ "type": "Feature", "properties": { "fid": 79436239, "COD_MUN": 4314100, "COD_ESPECI": 1, "NV_GEO_COO": 1, "UF": "RS" }, "geometry": { "type": "Point", "coordinates": [ 364263.978654379607178, 6873958.048026069998741 ] } },
{ "type": "Feature", "properties": { "fid": 79436240, "COD_MUN": 4314100, "COD_ESPECI": 1, "NV_GEO_COO": 1, "UF": "RS" }, "geometry": { "type": "Point", "coordinates": [ 364259.886167639109772, 6873938.387566427700222 ] } },
{ "type": "Feature", "properties": { "fid": 79436241, "COD_MUN": 4314100, "COD_ESPECI": 1, "NV_GEO_COO": 1, "UF": "RS" }, "geometry": { "type": "Point", "coordinates": [ 364253.432070936425589, 6873927.897467679344118 ] } },
{ "type": "Feature", "properties": { "fid": 79436242, "COD_MUN": 4314100, "COD_ESPECI": 6, "NV_GEO_COO": 1, "UF": "RS" }, "geometry": { "type": "Point", "coordinates": [ 364236.278161071706563, 6873900.663246916607022 ] } },
{ "type": "Feature", "properties": { "fid": 79436243, "COD_MUN": 4314100, "COD_ESPECI": 1, "NV_GEO_COO": 1, "UF": "RS" }, "geometry": { "type": "Point", "coordinates": [ 364206.412511797621846, 6873852.450988512486219 ] } },
{ "type": "Feature", "properties": { "fid": 79436244, "COD_MUN": 4314100, "COD_ESPECI": 1, "NV_GEO_COO": 1, "UF": "RS" }, "geometry": { "type": "Point", "coordinates": [ 364195.508987938868813, 6873836.369366543367505 ] } },
{ "type": "Feature", "properties": { "fid": 79436245, "COD_MUN": 4314100, "COD_ESPECI": 1, "NV_GEO_COO": 1, "UF": "RS" }, "geometry": { "type": "Point", "coordinates": [ 364196.771697345597204, 6873837.49192956276238 ] } },
{ "type": "Feature", "properties": { "fid": 79436555, "COD_MUN": 4314100, "COD_ESPECI": 1, "NV_GEO_COO": 1, "UF": "RS" }, "geometry": { "type": "Point", "coordinates": [ 364113.697281706961803, 6873491.805797054432333 ] } },
{ "type": "Feature", "properties": { "fid": 79436556, "COD_MUN": 4314100, "COD_ESPECI": 1, "NV_GEO_COO": 1, "UF": "RS" }, "geometry": { "type": "Point", "coordinates": [ 364100.74420533463126, 6873500.522437257692218 ] } },
{ "type": "Feature", "properties": { "fid": 79436561, "COD_MUN": 4314100, "COD_ESPECI": 1, "NV_GEO_COO": 1, "UF": "RS" }, "geometry": { "type": "Point", "coordinates": [ 364109.777365317451768, 6873499.960991588421166 ] } },
{ "type": "Feature", "properties": { "fid": 79436578, "COD_MUN": 4314100, "COD_ESPECI": 1, "NV_GEO_COO": 1, "UF": "RS" }, "geometry": { "type": "Point", "coordinates": [ 364144.12193152558757, 6873559.638461550697684 ] } },
{ "type": "Feature", "properties": { "fid": 79436588, "COD_MUN": 4314100, "COD_ESPECI": 6, "NV_GEO_COO": 1, "UF": "RS" }, "geometry": { "type": "Point", "coordinates": [ 364143.587477888329886, 6873572.043263445608318 ] } },
{ "type": "Feature", "properties": { "fid": 79436589, "COD_MUN": 4314100, "COD_ESPECI": 1, "NV_GEO_COO": 1, "UF": "RS" }, "geometry": { "type": "Point", "coordinates": [ 364143.853077805018984, 6873583.127481199800968 ] } },
{ "type": "Feature", "properties": { "fid": 79436590, "COD_MUN": 4314100, "COD_ESPECI": 7, "NV_GEO_COO": 1, "UF": "RS" }, "geometry": { "type": "Point", "coordinates": [ 364111.650280520436354, 6873576.331763800233603 ] } },
{ "type": "Feature", "properties": { "fid": 79436591, "COD_MUN": 4314100, "COD_ESPECI": 6, "NV_GEO_COO": 1, "UF": "RS" }, "geometry": { "type": "Point", "coordinates": [ 364079.551103805424646, 6873577.626405769959092 ] } },
{ "type": "Feature", "properties": { "fid": 79436592, "COD_MUN": 4314100, "COD_ESPECI": 1, "NV_GEO_COO": 1, "UF": "RS" }, "geometry": { "type": "Point", "coordinates": [ 364102.126540721859783, 6873576.887596948072314 ] } },
{ "type": "Feature", "properties": { "fid": 79436599, "COD_MUN": 4314100, "COD_ESPECI": 1, "NV_GEO_COO": 1, "UF": "RS" }, "geometry": { "type": "Point", "coordinates": [ 364084.235514014610089, 6873648.377976076677442 ] } },
{ "type": "Feature", "properties": { "fid": 79436600, "COD_MUN": 4314100, "COD_ESPECI": 1, "NV_GEO_COO": 1, "UF": "RS" }, "geometry": { "type": "Point", "coordinates": [ 364083.843093934876379, 6873648.373482612892985 ] } },
{ "type": "Feature", "properties": { "fid": 79436601, "COD_MUN": 4314100, "COD_ESPECI": 7, "NV_GEO_COO": 1, "UF": "RS" }, "geometry": { "type": "Point", "coordinates": [ 364078.85369412379805, 6873647.097419844940305 ] } },
{ "type": "Feature", "properties": { "fid": 79436602, "COD_MUN": 4314100, "COD_ESPECI": 1, "NV_GEO_COO": 1, "UF": "RS" }, "geometry": { "type": "Point", "coordinates": [ 364078.928961665544193, 6873649.092894094064832 ] } },
{ "type": "Feature", "properties": { "fid": 79436603, "COD_MUN": 4314100, "COD_ESPECI": 8, "NV_GEO_COO": 1, "UF": "RS" }, "geometry": { "type": "Point", "coordinates": [ 364082.184189616586082, 6873647.578804368153214 ] } },
{ "type": "Feature", "properties": { "fid": 79436604, "COD_MUN": 4314100, "COD_ESPECI": 1, "NV_GEO_COO": 1, "UF": "RS" }, "geometry": { "type": "Point", "coordinates": [ 364029.146793655992951, 6873686.531183919869363 ] } },
{ "type": "Feature", "properties": { "fid": 79436605, "COD_MUN": 4314100, "COD_ESPECI": 1, "NV_GEO_COO": 1, "UF": "RS" }, "geometry": { "type": "Point", "coordinates": [ 364027.272638240712695, 6873687.39620964974165 ] } },
{ "type": "Feature", "properties": { "fid": 79436606, "COD_MUN": 4314100, "COD_ESPECI": 1, "NV_GEO_COO": 1, "UF": "RS" }, "geometry": { "type": "Point", "coordinates": [ 364065.346746523573529, 6873721.297459579072893 ] } },
{ "type": "Feature", "properties": { "fid": 79436607, "COD_MUN": 4314100, "COD_ESPECI": 1, "NV_GEO_COO": 1, "UF": "RS" }, "geometry": { "type": "Point", "coordinates": [ 364069.463376516301651, 6873721.677037503570318 ] } },
{ "type": "Feature", "properties": { "fid": 79436608, "COD_MUN": 4314100, "COD_ESPECI": 1, "NV_GEO_COO": 1, "UF": "RS" }, "geometry": { "type": "Point", "coordinates": [ 364045.864725610183086, 6873726.060868357308209 ] } },
{ "type": "Feature", "properties": { "fid": 79436609, "COD_MUN": 4314100, "COD_ESPECI": 1, "NV_GEO_COO": 1, "UF": "RS" }, "geometry": { "type": "Point", "coordinates": [ 364070.631762551609427, 6873722.466099818237126 ] } },
{ "type": "Feature", "properties": { "fid": 79436610, "COD_MUN": 4314100, "COD_ESPECI": 6, "NV_GEO_COO": 1, "UF": "RS" }, "geometry": { "type": "Point", "coordinates": [ 364070.631762551609427, 6873722.466099818237126 ] } },
{ "type": "Feature", "properties": { "fid": 79436611, "COD_MUN": 4314100, "COD_ESPECI": 1, "NV_GEO_COO": 1, "UF": "RS" }, "geometry": { "type": "Point", "coordinates": [ 364026.740842169325333, 6873733.820267323404551 ] } },
{ "type": "Feature", "properties": { "fid": 79436612, "COD_MUN": 4314100, "COD_ESPECI": 6, "NV_GEO_COO": 1, "UF": "RS" }, "geometry": { "type": "Point", "coordinates": [ 364030.159313292475417, 6873735.189167467877269 ] } },
{ "type": "Feature", "properties": { "fid": 79436613, "COD_MUN": 4314100, "COD_ESPECI": 1, "NV_GEO_COO": 1, "UF": "RS" }, "geometry": { "type": "Point", "coordinates": [ 364030.428247385891154, 6873737.408484196290374 ] } },
{ "type": "Feature", "properties": { "fid": 79436614, "COD_MUN": 4314100, "COD_ESPECI": 1, "NV_GEO_COO": 1, "UF": "RS" }, "geometry": { "type": "Point", "coordinates": [ 364030.428247385891154, 6873737.408484196290374 ] } },
{ "type": "Feature", "properties": { "fid": 79436615, "COD_MUN": 4314100, "COD_ESPECI": 1, "NV_GEO_COO": 1, "UF": "RS" }, "geometry": { "type": "Point", "coordinates": [ 364030.428247385891154, 6873737.408484196290374 ] } },
{ "type": "Feature", "properties": { "fid": 79436705, "COD_MUN": 4314100, "COD_ESPECI": 1, "NV_GEO_COO": 1, "UF": "RS" }, "geometry": { "type": "Point", "coordinates": [ 364041.72797871439252, 6873787.403223721310496 ] } },
{ "type": "Feature", "properties": { "fid": 79436706, "COD_MUN": 4314100, "COD_ESPECI": 6, "NV_GEO_COO": 1, "UF": "RS" }, "geometry": { "type": "Point", "coordinates": [ 364037.110364191641565, 6873753.663547650910914 ] } },
{ "type": "Feature", "properties": { "fid": 79436707, "COD_MUN": 4314100, "COD_ESPECI": 6, "NV_GEO_COO": 1, "UF": "RS" }, "geometry": { "type": "Point", "coordinates": [ 364033.858525336836465, 6873746.31272114533931 ] } },
{ "type": "Feature", "properties": { "fid": 79436708, "COD_MUN": 4314100, "COD_ESPECI": 7, "NV_GEO_COO": 1, "UF": "RS" }, "geometry": { "type": "Point", "coordinates": [ 364038.005621615564451, 6873744.033175287768245 ] } },
{ "type": "Feature", "properties": { "fid": 79436709, "COD_MUN": 4314100, "COD_ESPECI": 1, "NV_GEO_COO": 1, "UF": "RS" }, "geometry": { "type": "Point", "coordinates": [ 364038.005621615564451, 6873744.033175287768245 ] } },
{ "type": "Feature", "properties": { "fid": 79436710, "COD_MUN": 4314100, "COD_ESPECI": 6, "NV_GEO_COO": 1, "UF": "RS" }, "geometry": { "type": "Point", "coordinates": [ 364038.005621615564451, 6873744.033175287768245 ] } },
{ "type": "Feature", "properties": { "fid": 79436714, "COD_MUN": 4314100, "COD_ESPECI": 1, "NV_GEO_COO": 1, "UF": "RS" }, "geometry": { "type": "Point", "coordinates": [ 364026.0791089652339, 6873723.063941475003958 ] } },
{ "type": "Feature", "properties": { "fid": 79436715, "COD_MUN": 4314100, "COD_ESPECI": 1, "NV_GEO_COO": 1, "UF": "RS" }, "geometry": { "type": "Point", "coordinates": [ 364026.0791089652339, 6873723.063941475003958 ] } },
{ "type": "Feature", "properties": { "fid": 79436716, "COD_MUN": 4314100, "COD_ESPECI": 1, "NV_GEO_COO": 1, "UF": "RS" }, "geometry": { "type": "Point", "coordinates": [ 364026.0791089652339, 6873723.063941475003958 ] } },
{ "type": "Feature", "properties": { "fid": 79436717, "COD_MUN": 4314100, "COD_ESPECI": 1, "NV_GEO_COO": 1, "UF": "RS" }, "geometry": { "type": "Point", "coordinates": [ 364022.78502737917006, 6873710.836907126009464 ] } },
{ "type": "Feature", "properties": { "fid": 79436718, "COD_MUN": 4314100, "COD_ESPECI": 1, "NV_GEO_COO": 1, "UF": "RS" }, "geometry": { "type": "Point", "coordinates": [ 364022.322423038945999, 6873708.393747804686427 ] } },
{ "type": "Feature", "properties": { "fid": 79436719, "COD_MUN": 4314100, "COD_ESPECI": 1, "NV_GEO_COO": 1, "UF": "RS" }, "geometry": { "type": "Point", "coordinates": [ 364020.325670172111131, 6873702.830282831564546 ] } },
{ "type": "Feature", "properties": { "fid": 79436720, "COD_MUN": 4314100, "COD_ESPECI": 1, "NV_GEO_COO": 1, "UF": "RS" }, "geometry": { "type": "Point", "coordinates": [ 364019.220753311587032, 6873696.501351469196379 ] } },
{ "type": "Feature", "properties": { "fid": 79436721, "COD_MUN": 4314100, "COD_ESPECI": 1, "NV_GEO_COO": 1, "UF": "RS" }, "geometry": { "type": "Point", "coordinates": [ 364018.901950221625157, 6873690.070613779127598 ] } },
{ "type": "Feature", "properties": { "fid": 79436722, "COD_MUN": 4314100, "COD_ESPECI": 1, "NV_GEO_COO": 1, "UF": "RS" }, "geometry": { "type": "Point", "coordinates": [ 364017.850715552107431, 6873687.620710790157318 ] } },
{ "type": "Feature", "properties": { "fid": 79436723, "COD_MUN": 4314100, "COD_ESPECI": 1, "NV_GEO_COO": 1, "UF": "RS" }, "geometry": { "type": "Point", "coordinates": [ 364018.901950221625157, 6873690.070613779127598 ] } },
{ "type": "Feature", "properties": { "fid": 79438175, "COD_MUN": 4314100, "COD_ESPECI": 1, "NV_GEO_COO": 1, "UF": "RS" }, "geometry": { "type": "Point", "coordinates": [ 365430.385578219895251, 6874507.320713937282562 ] } },
{ "type": "Feature", "properties": { "fid": 79438176, "COD_MUN": 4314100, "COD_ESPECI": 1, "NV_GEO_COO": 1, "UF": "RS" }, "geometry": { "type": "Point", "coordinates": [ 365432.29381645959802, 6874512.107214999385178 ] } },
{ "type": "Feature", "properties": { "fid": 79438177, "COD_MUN": 4314100, "COD_ESPECI": 1, "NV_GEO_COO": 1, "UF": "RS" }, "geometry": { "type": "Point", "coordinates": [ 365439.564300807076506, 6874519.946383468806744 ] } },
{ "type": "Feature", "properties": { "fid": 79438178, "COD_MUN": 4314100, "COD_ESPECI": 1, "NV_GEO_COO": 1, "UF": "RS" }, "geometry": { "type": "Point", "coordinates": [ 365438.162027762795333, 6874531.12240469828248 ] } },
{ "type": "Feature", "properties": { "fid": 79438205, "COD_MUN": 4314100, "COD_ESPECI": 1, "NV_GEO_COO": 1, "UF": "RS" }, "geometry": { "type": "Point", "coordinates": [ 365434.385891795624048, 6874526.647168996743858 ] } },
{ "type": "Feature", "properties": { "fid": 79438206, "COD_MUN": 4314100, "COD_ESPECI": 1, "NV_GEO_COO": 1, "UF": "RS" }, "geometry": { "type": "Point", "coordinates": [ 365432.37828253157204, 6874521.970353342592716 ] } },
{ "type": "Feature", "properties": { "fid": 79438207, "COD_MUN": 4314100, "COD_ESPECI": 1, "NV_GEO_COO": 1, "UF": "RS" }, "geometry": { "type": "Point", "coordinates": [ 365427.926671116845682, 6874516.490160616114736 ] } },
{ "type": "Feature", "properties": { "fid": 79438208, "COD_MUN": 4314100, "COD_ESPECI": 1, "NV_GEO_COO": 1, "UF": "RS" }, "geometry": { "type": "Point", "coordinates": [ 365416.749155497876927, 6874498.412085023708642 ] } },
{ "type": "Feature", "properties": { "fid": 79438209, "COD_MUN": 4314100, "COD_ESPECI": 1, "NV_GEO_COO": 1, "UF": "RS" }, "geometry": { "type": "Point", "coordinates": [ 365415.853438323421869, 6874490.866781912744045 ] } },
{ "type": "Feature", "properties": { "fid": 79438250, "COD_MUN": 4314100, "COD_ESPECI": 1, "NV_GEO_COO": 1, "UF": "RS" }, "geometry": { "type": "Point", "coordinates": [ 365402.250278126215562, 6874513.650469191372395 ] } },
{ "type": "Feature", "properties": { "fid": 79438251, "COD_MUN": 4314100, "COD_ESPECI": 1, "NV_GEO_COO": 1, "UF": "RS" }, "geometry": { "type": "Point", "coordinates": [ 365406.455267535988241, 6874514.917057275772095 ] } },
{ "type": "Feature", "properties": { "fid": 79438256, "COD_MUN": 4314100, "COD_ESPECI": 1, "NV_GEO_COO": 1, "UF": "RS" }, "geometry": { "type": "Point", "coordinates": [ 365327.234111631987616, 6874543.937765641137958 ] } },
{ "type": "Feature", "properties": { "fid": 79438257, "COD_MUN": 4314100, "COD_ESPECI": 1, "NV_GEO_COO": 1, "UF": "RS" }, "geometry": { "type": "Point", "coordinates": [ 365327.012754182214849, 6874546.151476352475584 ] } },
{ "type": "Feature", "properties": { "fid": 79438259, "COD_MUN": 4314100, "COD_ESPECI": 1, "NV_GEO_COO": 1, "UF": "RS" }, "geometry": { "type": "Point", "coordinates": [ 365341.450713084661402, 6874579.558542338199914 ] } },
{ "type": "Feature", "properties": { "fid": 79438260, "COD_MUN": 4314100, "COD_ESPECI": 1, "NV_GEO_COO": 1, "UF": "RS" }, "geometry": { "type": "Point", "coordinates": [ 365343.695987593324389, 6874580.581304743885994 ] } },
{ "type": "Feature", "properties": { "fid": 79438261, "COD_MUN": 4314100, "COD_ESPECI": 1, "NV_GEO_COO": 1, "UF": "RS" }, "geometry": { "type": "Point", "coordinates": [ 365325.45356549823191, 6874597.106881799176335 ] } },
{ "type": "Feature", "properties": { "fid": 79438262, "COD_MUN": 4314100, "COD_ESPECI": 1, "NV_GEO_COO": 1, "UF": "RS" }, "geometry": { "type": "Point", "coordinates": [ 365306.169559111644048, 6874610.29628574848175 ] } },
{ "type": "Feature", "properties": { "fid": 79438263, "COD_MUN": 4314100, "COD_ESPECI": 1, "NV_GEO_COO": 1, "UF": "RS" }, "geometry": { "type": "Point", "coordinates": [ 365257.03051509388024, 6874660.268626601435244 ] } },
{ "type": "Feature", "properties": { "fid": 79438264, "COD_MUN": 4314100, "COD_ESPECI": 1, "NV_GEO_COO": 1, "UF": "RS" }, "geometry": { "type": "Point", "coordinates": [ 365260.592805388907436, 6874666.292847666889429 ] } },
{ "type": "Feature", "properties": { "fid": 79438265, "COD_MUN": 4314100, "COD_ESPECI": 1, "NV_GEO_COO": 1, "UF": "RS" }, "geometry": { "type": "Point", "coordinates": [ 365251.119804368412588, 6874653.663699047639966 ] } },
{ "type": "Feature", "properties": { "fid": 79438266, "COD_MUN": 4314100, "COD_ESPECI": 1, "NV_GEO_COO": 1, "UF": "RS" }, "geometry": { "type": "Point", "coordinates": [ 365271.592501558014192, 6874622.204037453979254 ] } },
{ "type": "Feature", "properties": { "fid": 79438267, "COD_MUN": 4314100, "COD_ESPECI": 7, "NV_GEO_COO": 1, "UF": "RS" }, "geometry": { "type": "Point", "coordinates": [ 365264.32457048073411, 6874614.143171671777964 ] } },
{ "type": "Feature", "properties": { "fid": 79438268, "COD_MUN": 4314100, "COD_ESPECI": 1, "NV_GEO_COO": 1, "UF": "RS" }, "geometry": { "type": "Point", "coordinates": [ 365283.148364710039459, 6874615.575674188323319 ] } },
{ "type": "Feature", "properties": { "fid": 79438269, "COD_MUN": 4314100, "COD_ESPECI": 1, "NV_GEO_COO": 1, "UF": "RS" }, "geometry": { "type": "Point", "coordinates": [ 365256.919474247843027, 6874592.229357644915581 ] } },
{ "type": "Feature", "properties": { "fid": 79438270, "COD_MUN": 4314100, "COD_ESPECI": 1, "NV_GEO_COO": 1, "UF": "RS" }, "geometry": { "type": "Point", "coordinates": [ 365252.540799366601277, 6874571.679615238681436 ] } },
{ "type": "Feature", "properties": { "fid": 79438271, "COD_MUN": 4314100, "COD_ESPECI": 1, "NV_GEO_COO": 1, "UF": "RS" }, "geometry": { "type": "Point", "coordinates": [ 365262.953365507768467, 6874587.976195048540831 ] } },
{ "type": "Feature", "properties": { "fid": 79438272, "COD_MUN": 4314100, "COD_ESPECI": 1, "NV_GEO_COO": 1, "UF": "RS" }, "geometry": { "type": "Point", "coordinates": [ 365255.765972280991264, 6874581.467591544613242 ] } },
{ "type": "Feature", "properties": { "fid": 79438273, "COD_MUN": 4314100, "COD_ESPECI": 1, "NV_GEO_COO": 1, "UF": "RS" }, "geometry": { "type": "Point", "coordinates": [ 365251.885485793463886, 6874577.545166821219027 ] } },
{ "type": "Feature", "properties": { "fid": 79438278, "COD_MUN": 4314100, "COD_ESPECI": 1, "NV_GEO_COO": 1, "UF": "RS" }, "geometry": { "type": "Point", "coordinates": [ 365330.448216398130171, 6874572.00941938906908 ] } },
{ "type": "Feature", "properties": { "fid": 79438284, "COD_MUN": 4314100, "COD_ESPECI": 1, "NV_GEO_COO": 1, "UF": "RS" }, "geometry": { "type": "Point", "coordinates": [ 365250.315542450349312, 6874542.954286510124803 ] } },
{ "type": "Feature", "properties": { "fid": 79438285, "COD_MUN": 4314100, "COD_ESPECI": 1, "NV_GEO_COO": 1, "UF": "RS" }, "geometry": { "type": "Point", "coordinates": [ 365377.143975820799824, 6874529.765874711796641 ] } },
{ "type": "Feature", "properties": { "fid": 79438287, "COD_MUN": 4314100, "COD_ESPECI": 1, "NV_GEO_COO": 1, "UF": "RS" }, "geometry": { "type": "Point", "coordinates": [ 365369.131102209212258, 6874500.864148463122547 ] } },
{ "type": "Feature", "properties": { "fid": 79438300, "COD_MUN": 4314100, "COD_ESPECI": 1, "NV_GEO_COO": 1, "UF": "RS" }, "geometry": { "type": "Point", "coordinates": [ 365306.222346199618187, 6874605.642819648608565 ] } },
{ "type": "Feature", "properties": { "fid": 79438354, "COD_MUN": 4314100, "COD_ESPECI": 1, "NV_GEO_COO": 1, "UF": "RS" }, "geometry": { "type": "Point", "coordinates": [ 364959.621387383493129, 6874331.548213846050203 ] } },
{ "type": "Feature", "properties": { "fid": 79438559, "COD_MUN": 4314100, "COD_ESPECI": 1, "NV_GEO_COO": 1, "UF": "RS" }, "geometry": { "type": "Point", "coordinates": [ 365421.955191380111501, 6874489.273777469992638 ] } },
{ "type": "Feature", "properties": { "fid": 79438608, "COD_MUN": 4314100, "COD_ESPECI": 1, "NV_GEO_COO": 1, "UF": "RS" }, "geometry": { "type": "Point", "coordinates": [ 365475.243491945206188, 6874540.629086501896381 ] } },
{ "type": "Feature", "properties": { "fid": 79438609, "COD_MUN": 4314100, "COD_ESPECI": 7, "NV_GEO_COO": 1, "UF": "RS" }, "geometry": { "type": "Point", "coordinates": [ 365474.869278449681588, 6874513.032907396554947 ] } },
{ "type": "Feature", "properties": { "fid": 79438610, "COD_MUN": 4314100, "COD_ESPECI": 1, "NV_GEO_COO": 1, "UF": "RS" }, "geometry": { "type": "Point", "coordinates": [ 365475.176166623830795, 6874511.928274340927601 ] } },
{ "type": "Feature", "properties": { "fid": 79438638, "COD_MUN": 4314100, "COD_ESPECI": 1, "NV_GEO_COO": 1, "UF": "RS" }, "geometry": { "type": "Point", "coordinates": [ 365025.000134498579428, 6874363.540419902652502 ] } },
{ "type": "Feature", "properties": { "fid": 79438640, "COD_MUN": 4314100, "COD_ESPECI": 1, "NV_GEO_COO": 1, "UF": "RS" }, "geometry": { "type": "Point", "coordinates": [ 364961.761989699152764, 6874341.767197927460074 ] } },
{ "type": "Feature", "properties": { "fid": 79439843, "COD_MUN": 4314100, "COD_ESPECI": 1, "NV_GEO_COO": 1, "UF": "RS" }, "geometry": { "type": "Point", "coordinates": [ 364074.337729928549379, 6873253.220463866367936 ] } },
{ "type": "Feature", "properties": { "fid": 79439844, "COD_MUN": 4314100, "COD_ESPECI": 1, "NV_GEO_COO": 1, "UF": "RS" }, "geometry": { "type": "Point", "coordinates": [ 364079.01489080383908, 6873256.044327702373266 ] } },
{ "type": "Feature", "properties": { "fid": 79439845, "COD_MUN": 4314100, "COD_ESPECI": 1, "NV_GEO_COO": 1, "UF": "RS" }, "geometry": { "type": "Point", "coordinates": [ 364080.231843459885567, 6873261.155610485933721 ] } },
{ "type": "Feature", "properties": { "fid": 79439871, "COD_MUN": 4314100, "COD_ESPECI": 1, "NV_GEO_COO": 1, "UF": "RS" }, "geometry": { "type": "Point", "coordinates": [ 364088.616049824806396, 6873308.679099726490676 ] } },
{ "type": "Feature", "properties": { "fid": 79439872, "COD_MUN": 4314100, "COD_ESPECI": 6, "NV_GEO_COO": 1, "UF": "RS" }, "geometry": { "type": "Point", "coordinates": [ 364087.903957812639419, 6873310.887181907892227 ] } },
{ "type": "Feature", "properties": { "fid": 79439873, "COD_MUN": 4314100, "COD_ESPECI": 6, "NV_GEO_COO": 1, "UF": "RS" }, "geometry": { "type": "Point", "coordinates": [ 364092.893214875308331, 6873312.163246998563409 ] } },
{ "type": "Feature", "properties": { "fid": 79439874, "COD_MUN": 4314100, "COD_ESPECI": 1, "NV_GEO_COO": 1, "UF": "RS" }, "geometry": { "type": "Point", "coordinates": [ 364090.392040044709574, 6873307.81294300686568 ] } },
{ "type": "Feature", "properties": { "fid": 79439875, "COD_MUN": 4314100, "COD_ESPECI": 1, "NV_GEO_COO": 1, "UF": "RS" }, "geometry": { "type": "Point", "coordinates": [ 364108.937161812966224, 6873307.69286404363811 ] } },
{ "type": "Feature", "properties": { "fid": 79439876, "COD_MUN": 4314100, "COD_ESPECI": 1, "NV_GEO_COO": 1, "UF": "RS" }, "geometry": { "type": "Point", "coordinates": [ 364110.02770355832763, 6873306.708044214174151 ] } },
{ "type": "Feature", "properties": { "fid": 79439877, "COD_MUN": 4314100, "COD_ESPECI": 1, "NV_GEO_COO": 1, "UF": "RS" }, "geometry": { "type": "Point", "coordinates": [ 364116.110039106337354, 6873306.777685005217791 ] } },
{ "type": "Feature", "properties": { "fid": 79439878, "COD_MUN": 4314100, "COD_ESPECI": 1, "NV_GEO_COO": 1, "UF": "RS" }, "geometry": { "type": "Point", "coordinates": [ 364115.550603129900992, 6873304.222607638686895 ] } },
{ "type": "Feature", "properties": { "fid": 79440089, "COD_MUN": 4314100, "COD_ESPECI": 1, "NV_GEO_COO": 1, "UF": "RS" }, "geometry": { "type": "Point", "coordinates": [ 364282.555783853400499, 6873037.082571000792086 ] } },
{ "type": "Feature", "properties": { "fid": 79440090, "COD_MUN": 4314100, "COD_ESPECI": 1, "NV_GEO_COO": 1, "UF": "RS" }, "geometry": { "type": "Point", "coordinates": [ 364286.265840599895455, 6873038.676365805789828 ] } },
{ "type": "Feature", "properties": { "fid": 79440091, "COD_MUN": 4314100, "COD_ESPECI": 1, "NV_GEO_COO": 1, "UF": "RS" }, "geometry": { "type": "Point", "coordinates": [ 364244.243828246369958, 6873067.006787605583668 ] } },
{ "type": "Feature", "properties": { "fid": 79440092, "COD_MUN": 4314100, "COD_ESPECI": 1, "NV_GEO_COO": 1, "UF": "RS" }, "geometry": { "type": "Point", "coordinates": [ 364276.360068593872711, 6873055.517281374894083 ] } },
{ "type": "Feature", "properties": { "fid": 79440093, "COD_MUN": 4314100, "COD_ESPECI": 1, "NV_GEO_COO": 1, "UF": "RS" }, "geometry": { "type": "Point", "coordinates": [ 364274.513166479475331, 6873062.58811298198998 ] } },
{ "type": "Feature", "properties": { "fid": 79440094, "COD_MUN": 4314100, "COD_ESPECI": 1, "NV_GEO_COO": 1, "UF": "RS" }, "geometry": { "type": "Point", "coordinates": [ 364264.829884630977176, 6873051.396180192939937 ] } },
{ "type": "Feature", "properties": { "fid": 79440095, "COD_MUN": 4314100, "COD_ESPECI": 1, "NV_GEO_COO": 1, "UF": "RS" }, "geometry": { "type": "Point", "coordinates": [ 364262.123638335382566, 6873047.819248218089342 ] } },
{ "type": "Feature", "properties": { "fid": 79440096, "COD_MUN": 4314100, "COD_ESPECI": 1, "NV_GEO_COO": 1, "UF": "RS" }, "geometry": { "type": "Point", "coordinates": [ 364256.952976273372769, 6873036.678923363797367 ] } },
{ "type": "Feature", "properties": { "fid": 79440097, "COD_MUN": 4314100, "COD_ESPECI": 1, "NV_GEO_COO": 1, "UF": "RS" }, "geometry": { "type": "Point", "coordinates": [ 364262.773821180919185, 6873033.864398107863963 ] } },
{ "type": "Feature", "properties": { "fid": 79440098, "COD_MUN": 4314100, "COD_ESPECI": 1, "NV_GEO_COO": 1, "UF": "RS" }, "geometry": { "type": "Point", "coordinates": [ 364257.998099339427426, 6873022.506967039778829 ] } },
{ "type": "Feature", "properties": { "fid": 79440134, "COD_MUN": 4314100, "COD_ESPECI": 1, "NV_GEO_COO": 1, "UF": "RS" }, "geometry": { "type": "Point", "coordinates": [ 364242.98196587280836, 6873057.240913143381476 ] } },
{ "type": "Feature", "properties": { "fid": 79440135, "COD_MUN": 4314100, "COD_ESPECI": 1, "NV_GEO_COO": 1, "UF": "RS" }, "geometry": { "type": "Point", "coordinates": [ 364231.001079729758203, 6873058.21196614112705 ] } },
{ "type": "Feature", "properties": { "fid": 79440136, "COD_MUN": 4314100, "COD_ESPECI": 1, "NV_GEO_COO": 1, "UF": "RS" }, "geometry": { "type": "Point", "coordinates": [ 364232.577791906427592, 6873049.032624322921038 ] } },
{ "type": "Feature", "properties": { "fid": 79440277, "COD_MUN": 4314100, "COD_ESPECI": 1, "NV_GEO_COO": 1, "UF": "RS" }, "geometry": { "type": "Point", "coordinates": [ 363739.384213794372045, 6873483.081968115642667 ] } },
{ "type": "Feature", "properties": { "fid": 79440278, "COD_MUN": 4314100, "COD_ESPECI": 1, "NV_GEO_COO": 1, "UF": "RS" }, "geometry": { "type": "Point", "coordinates": [ 363739.741013054735959, 6873486.188799863681197 ] } },
{ "type": "Feature", "properties": { "fid": 79440279, "COD_MUN": 4314100, "COD_ESPECI": 1, "NV_GEO_COO": 1, "UF": "RS" }, "geometry": { "type": "Point", "coordinates": [ 363743.675340396119282, 6873485.347470803186297 ] } },
{ "type": "Feature", "properties": { "fid": 79440280, "COD_MUN": 4314100, "COD_ESPECI": 1, "NV_GEO_COO": 1, "UF": "RS" }, "geometry": { "type": "Point", "coordinates": [ 363735.875848519732244, 6873506.644642882980406 ] } },
{ "type": "Feature", "properties": { "fid": 79440281, "COD_MUN": 4314100, "COD_ESPECI": 1, "NV_GEO_COO": 1, "UF": "RS" }, "geometry": { "type": "Point", "coordinates": [ 363731.376903829514049, 6873496.841536778956652 ] } },
{ "type": "Feature", "properties": { "fid": 79440282, "COD_MUN": 4314100, "COD_ESPECI": 1, "NV_GEO_COO": 1, "UF": "RS" }, "geometry": { "type": "Point", "coordinates": [ 363729.986912441963796, 6873498.266134025529027 ] } },
{ "type": "Feature", "properties": { "fid": 79440283, "COD_MUN": 4314100, "COD_ESPECI": 6, "NV_GEO_COO": 1, "UF": "RS" }, "geometry": { "type": "Point", "coordinates": [ 363741.984518734854646, 6873478.790152987465262 ] } },
{ "type": "Feature", "properties": { "fid": 79440474, "COD_MUN": 4314100, "COD_ESPECI": 1, "NV_GEO_COO": 1, "UF": "RS" }, "geometry": { "type": "Point", "coordinates": [ 364107.897782418585848, 6873312.778307482600212 ] } },
{ "type": "Feature", "properties": { "fid": 79440475, "COD_MUN": 4314100, "COD_ESPECI": 8, "NV_GEO_COO": 1, "UF": "RS" }, "geometry": { "type": "Point", "coordinates": [ 364094.427325278753415, 6873315.283546082675457 ] } },
{ "type": "Feature", "properties": { "fid": 79440476, "COD_MUN": 4314100, "COD_ESPECI": 1, "NV_GEO_COO": 1, "UF": "RS" }, "geometry": { "type": "Point", "coordinates": [ 364088.924716812500264, 6873315.996216168627143 ] } },
{ "type": "Feature", "properties": { "fid": 79440477, "COD_MUN": 4314100, "COD_ESPECI": 1, "NV_GEO_COO": 1, "UF": "RS" }, "geometry": { "type": "Point", "coordinates": [ 364093.122814033355098, 6873317.81728011649102 ] } },
{ "type": "Feature", "properties": { "fid": 79440478, "COD_MUN": 4314100, "COD_ESPECI": 1, "NV_GEO_COO": 1, "UF": "RS" }, "geometry": { "type": "Point", "coordinates": [ 364085.809953584743198, 6873322.387633461505175 ] } },
{ "type": "Feature", "properties": { "fid": 79450052, "COD_MUN": 4314100, "COD_ESPECI": 1, "NV_GEO_COO": 1, "UF": "RS" }, "geometry": { "type": "Point", "coordinates": [ 356432.705019815708511, 6872516.407528592273593 ] } },
{ "type": "Feature", "properties": { "fid": 79450053, "COD_MUN": 4314100, "COD_ESPECI": 1, "NV_GEO_COO": 1, "UF": "RS" }, "geometry": { "type": "Point", "coordinates": [ 356422.909063885279465, 6872482.711825928650796 ] } },
{ "type": "Feature", "properties": { "fid": 79450054, "COD_MUN": 4314100, "COD_ESPECI": 1, "NV_GEO_COO": 1, "UF": "RS" }, "geometry": { "type": "Point", "coordinates": [ 356421.29927166912239, 6872486.016817334108055 ] } },
{ "type": "Feature", "properties": { "fid": 79450055, "COD_MUN": 4314100, "COD_ESPECI": 1, "NV_GEO_COO": 1, "UF": "RS" }, "geometry": { "type": "Point", "coordinates": [ 356433.771806470816955, 6872509.328230807557702 ] } },
{ "type": "Feature", "properties": { "fid": 79450063, "COD_MUN": 4314100, "COD_ESPECI": 1, "NV_GEO_COO": 1, "UF": "RS" }, "geometry": { "type": "Point", "coordinates": [ 356459.43624482001178, 6872520.83113314025104 ] } },
{ "type": "Feature", "properties": { "fid": 79450064, "COD_MUN": 4314100, "COD_ESPECI": 8, "NV_GEO_COO": 1, "UF": "RS" }, "geometry": { "type": "Point", "coordinates": [ 356472.778441784786992, 6872504.70263079367578 ] } },
{ "type": "Feature", "properties": { "fid": 79450081, "COD_MUN": 4314100, "COD_ESPECI": 1, "NV_GEO_COO": 1, "UF": "RS" }, "geometry": { "type": "Point", "coordinates": [ 356522.011646155791823, 6872506.295438406057656 ] } },
{ "type": "Feature", "properties": { "fid": 79450082, "COD_MUN": 4314100, "COD_ESPECI": 1, "NV_GEO_COO": 1, "UF": "RS" }, "geometry": { "type": "Point", "coordinates": [ 356517.073241474688984, 6872509.006110528483987 ] } },
{ "type": "Feature", "properties": { "fid": 79453673, "COD_MUN": 4314100, "COD_ESPECI": 1, "NV_GEO_COO": 1, "UF": "RS" }, "geometry": { "type": "Point", "coordinates": [ 361600.011180170578882, 6875168.725210404023528 ] } },
{ "type": "Feature", "properties": { "fid": 79453674, "COD_MUN": 4314100, "COD_ESPECI": 8, "NV_GEO_COO": 1, "UF": "RS" }, "geometry": { "type": "Point", "coordinates": [ 361602.045830974471755, 6875187.808714585378766 ] } },
{ "type": "Feature", "properties": { "fid": 79453675, "COD_MUN": 4314100, "COD_ESPECI": 1, "NV_GEO_COO": 1, "UF": "RS" }, "geometry": { "type": "Point", "coordinates": [ 361613.9194708042196, 6875196.258027359843254 ] } },
{ "type": "Feature", "properties": { "fid": 79453676, "COD_MUN": 4314100, "COD_ESPECI": 7, "NV_GEO_COO": 1, "UF": "RS" }, "geometry": { "type": "Point", "coordinates": [ 361613.538615318073425, 6875195.256274931132793 ] } },
{ "type": "Feature", "properties": { "fid": 79453679, "COD_MUN": 4314100, "COD_ESPECI": 1, "NV_GEO_COO": 1, "UF": "RS" }, "geometry": { "type": "Point", "coordinates": [ 361616.111654922133312, 6875210.245976278558373 ] } },
{ "type": "Feature", "properties": { "fid": 79453688, "COD_MUN": 4314100, "COD_ESPECI": 1, "NV_GEO_COO": 1, "UF": "RS" }, "geometry": { "type": "Point", "coordinates": [ 361662.328016905346885, 6875176.875688398256898 ] } },
{ "type": "Feature", "properties": { "fid": 79453689, "COD_MUN": 4314100, "COD_ESPECI": 6, "NV_GEO_COO": 1, "UF": "RS" }, "geometry": { "type": "Point", "coordinates": [ 361657.427224186714739, 6875167.953585006296635 ] } },
{ "type": "Feature", "properties": { "fid": 79453690, "COD_MUN": 4314100, "COD_ESPECI": 1, "NV_GEO_COO": 1, "UF": "RS" }, "geometry": { "type": "Point", "coordinates": [ 361655.592690146062523, 6875173.805290395393968 ] } },
{ "type": "Feature", "properties": { "fid": 79453691, "COD_MUN": 4314100, "COD_ESPECI": 1, "NV_GEO_COO": 1, "UF": "RS" }, "geometry": { "type": "Point", "coordinates": [ 361648.934732152265497, 6875138.821721134707332 ] } },
{ "type": "Feature", "properties": { "fid": 79453692, "COD_MUN": 4314100, "COD_ESPECI": 1, "NV_GEO_COO": 1, "UF": "RS" }, "geometry": { "type": "Point", "coordinates": [ 361650.270956214866601, 6875142.050856422632933 ] } },
{ "type": "Feature", "properties": { "fid": 79453693, "COD_MUN": 4314100, "COD_ESPECI": 1, "NV_GEO_COO": 1, "UF": "RS" }, "geometry": { "type": "Point", "coordinates": [ 361661.147979346918873, 6875168.661801426671445 ] } },
{ "type": "Feature", "properties": { "fid": 79453696, "COD_MUN": 4314100, "COD_ESPECI": 1, "NV_GEO_COO": 1, "UF": "RS" }, "geometry": { "type": "Point", "coordinates": [ 361632.922198701300658, 6875190.82797990180552 ] } },
{ "type": "Feature", "properties": { "fid": 79453697, "COD_MUN": 4314100, "COD_ESPECI": 1, "NV_GEO_COO": 3, "UF": "RS" }, "geometry": { "type": "Point", "coordinates": [ 361631.560156108811498, 6875189.814796945080161 ] } },
{ "type": "Feature", "properties": { "fid": 79453698, "COD_MUN": 4314100, "COD_ESPECI": 1, "NV_GEO_COO": 3, "UF": "RS" }, "geometry": { "type": "Point", "coordinates": [ 361636.559040185878985, 6875190.316285956650972 ] } },
{ "type": "Feature", "properties": { "fid": 79453699, "COD_MUN": 4314100, "COD_ESPECI": 1, "NV_GEO_COO": 3, "UF": "RS" }, "geometry": { "type": "Point", "coordinates": [ 361611.271558202104643, 6875179.272822975181043 ] } },
{ "type": "Feature", "properties": { "fid": 79453700, "COD_MUN": 4314100, "COD_ESPECI": 1, "NV_GEO_COO": 3, "UF": "RS" }, "geometry": { "type": "Point", "coordinates": [ 361616.431817800388671, 6875182.768145348876715 ] } },
{ "type": "Feature", "properties": { "fid": 79453701, "COD_MUN": 4314100, "COD_ESPECI": 1, "NV_GEO_COO": 3, "UF": "RS" }, "geometry": { "type": "Point", "coordinates": [ 361632.922198701300658, 6875190.82797990180552 ] } },
{ "type": "Feature", "properties": { "fid": 79453702, "COD_MUN": 4314100, "COD_ESPECI": 1, "NV_GEO_COO": 1, "UF": "RS" }, "geometry": { "type": "Point", "coordinates": [ 361605.871176392014604, 6875162.698794848285615 ] } },
{ "type": "Feature", "properties": { "fid": 79453703, "COD_MUN": 4314100, "COD_ESPECI": 1, "NV_GEO_COO": 1, "UF": "RS" }, "geometry": { "type": "Point", "coordinates": [ 361600.23840443091467, 6875166.068352052941918 ] } },
{ "type": "Feature", "properties": { "fid": 79453706, "COD_MUN": 4314100, "COD_ESPECI": 1, "NV_GEO_COO": 1, "UF": "RS" }, "geometry": { "type": "Point", "coordinates": [ 361714.20157058571931, 6875163.295766385272145 ] } },
{ "type": "Feature", "properties": { "fid": 79453707, "COD_MUN": 4314100, "COD_ESPECI": 1, "NV_GEO_COO": 1, "UF": "RS" }, "geometry": { "type": "Point", "coordinates": [ 361708.518380527151749, 6875154.142950244247913 ] } },
{ "type": "Feature", "properties": { "fid": 79453708, "COD_MUN": 4314100, "COD_ESPECI": 1, "NV_GEO_COO": 2, "UF": "RS" }, "geometry": { "type": "Point", "coordinates": [ 361705.800677806138992, 6875143.140846313908696 ] } },
{ "type": "Feature", "properties": { "fid": 79453709, "COD_MUN": 4314100, "COD_ESPECI": 1, "NV_GEO_COO": 2, "UF": "RS" }, "geometry": { "type": "Point", "coordinates": [ 361705.800677806138992, 6875143.140846313908696 ] } },
{ "type": "Feature", "properties": { "fid": 79453710, "COD_MUN": 4314100, "COD_ESPECI": 1, "NV_GEO_COO": 1, "UF": "RS" }, "geometry": { "type": "Point", "coordinates": [ 361685.732957698404789, 6875147.339662093669176 ] } },
{ "type": "Feature", "properties": { "fid": 79453711, "COD_MUN": 4314100, "COD_ESPECI": 1, "NV_GEO_COO": 1, "UF": "RS" }, "geometry": { "type": "Point", "coordinates": [ 361700.188467227621004, 6875127.894152196124196 ] } },
{ "type": "Feature", "properties": { "fid": 79453712, "COD_MUN": 4314100, "COD_ESPECI": 1, "NV_GEO_COO": 1, "UF": "RS" }, "geometry": { "type": "Point", "coordinates": [ 361694.174824282410555, 6875121.840235389769077 ] } },
{ "type": "Feature", "properties": { "fid": 79453713, "COD_MUN": 4314100, "COD_ESPECI": 1, "NV_GEO_COO": 1, "UF": "RS" }, "geometry": { "type": "Point", "coordinates": [ 361695.97449522651732, 6875118.980062503367662 ] } },
{ "type": "Feature", "properties": { "fid": 79453714, "COD_MUN": 4314100, "COD_ESPECI": 1, "NV_GEO_COO": 1, "UF": "RS" }, "geometry": { "type": "Point", "coordinates": [ 361700.22582366631832, 6875116.25925181992352 ] } },
{ "type": "Feature", "properties": { "fid": 79453715, "COD_MUN": 4314100, "COD_ESPECI": 1, "NV_GEO_COO": 1, "UF": "RS" }, "geometry": { "type": "Point", "coordinates": [ 361702.181670165213291, 6875108.414324408397079 ] } },
{ "type": "Feature", "properties": { "fid": 79453728, "COD_MUN": 4314100, "COD_ESPECI": 1, "NV_GEO_COO": 1, "UF": "RS" }, "geometry": { "type": "Point", "coordinates": [ 361705.582314800529275, 6875119.756820961833 ] } },
{ "type": "Feature", "properties": { "fid": 79453729, "COD_MUN": 4314100, "COD_ESPECI": 1, "NV_GEO_COO": 1, "UF": "RS" }, "geometry": { "type": "Point", "coordinates": [ 361705.668821128434502, 6875120.755142726004124 ] } },
{ "type": "Feature", "properties": { "fid": 79453746, "COD_MUN": 4314100, "COD_ESPECI": 1, "NV_GEO_COO": 1, "UF": "RS" }, "geometry": { "type": "Point", "coordinates": [ 361655.74360344465822, 6875135.57665485702455 ] } },
{ "type": "Feature", "properties": { "fid": 79453747, "COD_MUN": 4314100, "COD_ESPECI": 1, "NV_GEO_COO": 1, "UF": "RS" }, "geometry": { "type": "Point", "coordinates": [ 361655.015447063255124, 6875130.692412330769002 ] } },
{ "type": "Feature", "properties": { "fid": 79453748, "COD_MUN": 4314100, "COD_ESPECI": 1, "NV_GEO_COO": 1, "UF": "RS" }, "geometry": { "type": "Point", "coordinates": [ 361653.863871304085478, 6875136.884511273354292 ] } },
{ "type": "Feature", "properties": { "fid": 79453749, "COD_MUN": 4314100, "COD_ESPECI": 1, "NV_GEO_COO": 1, "UF": "RS" }, "geometry": { "type": "Point", "coordinates": [ 361656.917148967448156, 6875135.922763202339411 ] } },
{ "type": "Feature", "properties": { "fid": 79453750, "COD_MUN": 4314100, "COD_ESPECI": 1, "NV_GEO_COO": 1, "UF": "RS" }, "geometry": { "type": "Point", "coordinates": [ 361661.794730537338182, 6875155.260994382202625 ] } },
{ "type": "Feature", "properties": { "fid": 79453751, "COD_MUN": 4314100, "COD_ESPECI": 1, "NV_GEO_COO": 1, "UF": "RS" }, "geometry": { "type": "Point", "coordinates": [ 361660.128010390442796, 6875155.130767528899014 ] } },
{ "type": "Feature", "properties": { "fid": 79453752, "COD_MUN": 4314100, "COD_ESPECI": 1, "NV_GEO_COO": 1, "UF": "RS" }, "geometry": { "type": "Point", "coordinates": [ 361661.970317932078615, 6875157.036043331027031 ] } },
{ "type": "Feature", "properties": { "fid": 79453753, "COD_MUN": 4314100, "COD_ESPECI": 1, "NV_GEO_COO": 1, "UF": "RS" }, "geometry": { "type": "Point", "coordinates": [ 361780.699175750371069, 6875107.33375995233655 ] } },
{ "type": "Feature", "properties": { "fid": 79453754, "COD_MUN": 4314100, "COD_ESPECI": 1, "NV_GEO_COO": 1, "UF": "RS" }, "geometry": { "type": "Point", "coordinates": [ 361782.001786728505976, 6875105.021853672340512 ] } },
{ "type": "Feature", "properties": { "fid": 79453755, "COD_MUN": 4314100, "COD_ESPECI": 1, "NV_GEO_COO": 1, "UF": "RS" }, "geometry": { "type": "Point", "coordinates": [ 361776.942214261507615, 6875101.30615006480366 ] } },
{ "type": "Feature", "properties": { "fid": 79453756, "COD_MUN": 4314100, "COD_ESPECI": 1, "NV_GEO_COO": 1, "UF": "RS" }, "geometry": { "type": "Point", "coordinates": [ 361775.377375292184297, 6875092.422922638244927 ] } },
{ "type": "Feature", "properties": { "fid": 79453770, "COD_MUN": 4314100, "COD_ESPECI": 1, "NV_GEO_COO": 1, "UF": "RS" }, "geometry": { "type": "Point", "coordinates": [ 361702.232049931539223, 6875112.514981667511165 ] } },
{ "type": "Feature", "properties": { "fid": 79453771, "COD_MUN": 4314100, "COD_ESPECI": 1, "NV_GEO_COO": 1, "UF": "RS" }, "geometry": { "type": "Point", "coordinates": [ 361702.232049931539223, 6875112.514981667511165 ] } },
{ "type": "Feature", "properties": { "fid": 79453772, "COD_MUN": 4314100, "COD_ESPECI": 1, "NV_GEO_COO": 1, "UF": "RS" }, "geometry": { "type": "Point", "coordinates": [ 361703.616147606750019, 6875128.488130333833396 ] } },
{ "type": "Feature", "properties": { "fid": 79453773, "COD_MUN": 4314100, "COD_ESPECI": 1, "NV_GEO_COO": 1, "UF": "RS" }, "geometry": { "type": "Point", "coordinates": [ 361712.766997382917907, 6875134.800196819938719 ] } },
{ "type": "Feature", "properties": { "fid": 79453774, "COD_MUN": 4314100, "COD_ESPECI": 1, "NV_GEO_COO": 1, "UF": "RS" }, "geometry": { "type": "Point", "coordinates": [ 361745.792716197087429, 6875130.19812544900924 ] } },
{ "type": "Feature", "properties": { "fid": 79453775, "COD_MUN": 4314100, "COD_ESPECI": 1, "NV_GEO_COO": 1, "UF": "RS" }, "geometry": { "type": "Point", "coordinates": [ 361715.20719272462884, 6875152.780268387869 ] } },
{ "type": "Feature", "properties": { "fid": 79453777, "COD_MUN": 4314100, "COD_ESPECI": 1, "NV_GEO_COO": 1, "UF": "RS" }, "geometry": { "type": "Point", "coordinates": [ 361703.461197927535977, 6875124.9403190985322 ] } },
{ "type": "Feature", "properties": { "fid": 79453778, "COD_MUN": 4314100, "COD_ESPECI": 1, "NV_GEO_COO": 1, "UF": "RS" }, "geometry": { "type": "Point", "coordinates": [ 361703.849799391406123, 6875125.277282369323075 ] } },
{ "type": "Feature", "properties": { "fid": 79454048, "COD_MUN": 4314100, "COD_ESPECI": 1, "NV_GEO_COO": 1, "UF": "RS" }, "geometry": { "type": "Point", "coordinates": [ 361602.510614034836181, 6875173.186846789903939 ] } },
{ "type": "Feature", "properties": { "fid": 79454119, "COD_MUN": 4314100, "COD_ESPECI": 1, "NV_GEO_COO": 1, "UF": "RS" }, "geometry": { "type": "Point", "coordinates": [ 361606.071286382852122, 6875162.368688396178186 ] } },
{ "type": "Feature", "properties": { "fid": 79454230, "COD_MUN": 4314100, "COD_ESPECI": 1, "NV_GEO_COO": 1, "UF": "RS" }, "geometry": { "type": "Point", "coordinates": [ 361608.95931516517885, 6875200.854366721585393 ] } },
{ "type": "Feature", "properties": { "fid": 79454353, "COD_MUN": 4314100, "COD_ESPECI": 1, "NV_GEO_COO": 1, "UF": "RS" }, "geometry": { "type": "Point", "coordinates": [ 361780.932458183960989, 6875078.857615350745618 ] } },
{ "type": "Feature", "properties": { "fid": 79454354, "COD_MUN": 4314100, "COD_ESPECI": 1, "NV_GEO_COO": 1, "UF": "RS" }, "geometry": { "type": "Point", "coordinates": [ 361782.711704259098042, 6875094.61372371762991 ] } },
{ "type": "Feature", "properties": { "fid": 79454355, "COD_MUN": 4314100, "COD_ESPECI": 1, "NV_GEO_COO": 1, "UF": "RS" }, "geometry": { "type": "Point", "coordinates": [ 361802.649075508350506, 6875101.605313433334231 ] } },
{ "type": "Feature", "properties": { "fid": 79454356, "COD_MUN": 4314100, "COD_ESPECI": 1, "NV_GEO_COO": 1, "UF": "RS" }, "geometry": { "type": "Point", "coordinates": [ 361809.269379396515433, 6875097.693092081695795 ] } },
{ "type": "Feature", "properties": { "fid": 79454357, "COD_MUN": 4314100, "COD_ESPECI": 1, "NV_GEO_COO": 1, "UF": "RS" }, "geometry": { "type": "Point", "coordinates": [ 361814.643939800211228, 6875099.639443865045905 ] } },
{ "type": "Feature", "properties": { "fid": 79454358, "COD_MUN": 4314100, "COD_ESPECI": 1, "NV_GEO_COO": 1, "UF": "RS" }, "geometry": { "type": "Point", "coordinates": [ 361802.4864933808567, 6875107.144055114127696 ] } },
{ "type": "Feature", "properties": { "fid": 79454359, "COD_MUN": 4314100, "COD_ESPECI": 1, "NV_GEO_COO": 1, "UF": "RS" }, "geometry": { "type": "Point", "coordinates": [ 361789.642205960350111, 6875114.640661594457924 ] } },
{ "type": "Feature", "properties": { "fid": 79454360, "COD_MUN": 4314100, "COD_ESPECI": 1, "NV_GEO_COO": 1, "UF": "RS" }, "geometry": { "type": "Point", "coordinates": [ 361787.138970917148981, 6875118.933224456384778 ] } },
{ "type": "Feature", "properties": { "fid": 79454361, "COD_MUN": 4314100, "COD_ESPECI": 1, "NV_GEO_COO": 1, "UF": "RS" }, "geometry": { "type": "Point", "coordinates": [ 361786.467618519556709, 6875117.595659360289574 ] } },
{ "type": "Feature", "properties": { "fid": 79454362, "COD_MUN": 4314100, "COD_ESPECI": 1, "NV_GEO_COO": 1, "UF": "RS" }, "geometry": { "type": "Point", "coordinates": [ 361778.658159030193929, 6875114.069579535163939 ] } },
{ "type": "Feature", "properties": { "fid": 79454363, "COD_MUN": 4314100, "COD_ESPECI": 1, "NV_GEO_COO": 1, "UF": "RS" }, "geometry": { "type": "Point", "coordinates": [ 361767.001473095500842, 6875112.271718647330999 ] } },
{ "type": "Feature", "properties": { "fid": 79459785, "COD_MUN": 4314100, "COD_ESPECI": 1, "NV_GEO_COO": 1, "UF": "RS" }, "geometry": { "type": "Point", "coordinates": [ 365626.632060457835905, 6877743.996419928967953 ] } },
{ "type": "Feature", "properties": { "fid": 79459786, "COD_MUN": 4314100, "COD_ESPECI": 1, "NV_GEO_COO": 1, "UF": "RS" }, "geometry": { "type": "Point", "coordinates": [ 365627.649762063287199, 6877740.794420393183827 ] } },
{ "type": "Feature", "properties": { "fid": 79459787, "COD_MUN": 4314100, "COD_ESPECI": 1, "NV_GEO_COO": 1, "UF": "RS" }, "geometry": { "type": "Point", "coordinates": [ 365626.640826956485398, 6877743.220845923759043 ] } },
{ "type": "Feature", "properties": { "fid": 79459788, "COD_MUN": 4314100, "COD_ESPECI": 1, "NV_GEO_COO": 1, "UF": "RS" }, "geometry": { "type": "Point", "coordinates": [ 365626.640826956485398, 6877743.220845923759043 ] } },
{ "type": "Feature", "properties": { "fid": 79459789, "COD_MUN": 4314100, "COD_ESPECI": 7, "NV_GEO_COO": 1, "UF": "RS" }, "geometry": { "type": "Point", "coordinates": [ 365626.640826956485398, 6877743.220845923759043 ] } },
{ "type": "Feature", "properties": { "fid": 79459790, "COD_MUN": 4314100, "COD_ESPECI": 1, "NV_GEO_COO": 1, "UF": "RS" }, "geometry": { "type": "Point", "coordinates": [ 365622.077168381772935, 6877738.84765356965363 ] } },
{ "type": "Feature", "properties": { "fid": 79459791, "COD_MUN": 4314100, "COD_ESPECI": 1, "NV_GEO_COO": 1, "UF": "RS" }, "geometry": { "type": "Point", "coordinates": [ 365619.093745027552359, 6877733.605838637799025 ] } },
{ "type": "Feature", "properties": { "fid": 79459816, "COD_MUN": 4314100, "COD_ESPECI": 6, "NV_GEO_COO": 1, "UF": "RS" }, "geometry": { "type": "Point", "coordinates": [ 365588.824166868638713, 6877754.428433170542121 ] } },
{ "type": "Feature", "properties": { "fid": 79459817, "COD_MUN": 4314100, "COD_ESPECI": 1, "NV_GEO_COO": 1, "UF": "RS" }, "geometry": { "type": "Point", "coordinates": [ 365598.425503653124906, 6877782.017977630719543 ] } },
{ "type": "Feature", "properties": { "fid": 79459818, "COD_MUN": 4314100, "COD_ESPECI": 7, "NV_GEO_COO": 1, "UF": "RS" }, "geometry": { "type": "Point", "coordinates": [ 365597.45582560217008, 6877789.652935966849327 ] } },
{ "type": "Feature", "properties": { "fid": 79459819, "COD_MUN": 4314100, "COD_ESPECI": 1, "NV_GEO_COO": 1, "UF": "RS" }, "geometry": { "type": "Point", "coordinates": [ 365596.01380745251663, 6877786.977182351052761 ] } },
{ "type": "Feature", "properties": { "fid": 79459820, "COD_MUN": 4314100, "COD_ESPECI": 1, "NV_GEO_COO": 1, "UF": "RS" }, "geometry": { "type": "Point", "coordinates": [ 365587.108238346292637, 6877784.660286861471832 ] } },
{ "type": "Feature", "properties": { "fid": 79459821, "COD_MUN": 4314100, "COD_ESPECI": 1, "NV_GEO_COO": 1, "UF": "RS" }, "geometry": { "type": "Point", "coordinates": [ 365587.392632821109146, 6877785.549985967576504 ] } },
{ "type": "Feature", "properties": { "fid": 79459822, "COD_MUN": 4314100, "COD_ESPECI": 1, "NV_GEO_COO": 1, "UF": "RS" }, "geometry": { "type": "Point", "coordinates": [ 365584.108106550644152, 6877772.215594643726945 ] } },
{ "type": "Feature", "properties": { "fid": 79459823, "COD_MUN": 4314100, "COD_ESPECI": 1, "NV_GEO_COO": 1, "UF": "RS" }, "geometry": { "type": "Point", "coordinates": [ 365581.317208966822363, 6877767.308378268033266 ] } },
{ "type": "Feature", "properties": { "fid": 79459829, "COD_MUN": 4314100, "COD_ESPECI": 1, "NV_GEO_COO": 1, "UF": "RS" }, "geometry": { "type": "Point", "coordinates": [ 365566.134933414170519, 6877825.312196306884289 ] } },
{ "type": "Feature", "properties": { "fid": 79459830, "COD_MUN": 4314100, "COD_ESPECI": 1, "NV_GEO_COO": 1, "UF": "RS" }, "geometry": { "type": "Point", "coordinates": [ 365559.202988007105887, 6877813.377088504843414 ] } },
{ "type": "Feature", "properties": { "fid": 79459831, "COD_MUN": 4314100, "COD_ESPECI": 1, "NV_GEO_COO": 1, "UF": "RS" }, "geometry": { "type": "Point", "coordinates": [ 365540.613048800616525, 6877782.139914666302502 ] } },
{ "type": "Feature", "properties": { "fid": 79459832, "COD_MUN": 4314100, "COD_ESPECI": 1, "NV_GEO_COO": 1, "UF": "RS" }, "geometry": { "type": "Point", "coordinates": [ 365544.845940586703364, 6877789.722901483997703 ] } },
{ "type": "Feature", "properties": { "fid": 79459833, "COD_MUN": 4314100, "COD_ESPECI": 1, "NV_GEO_COO": 1, "UF": "RS" }, "geometry": { "type": "Point", "coordinates": [ 365548.798205174796749, 6877796.083797497674823 ] } },
{ "type": "Feature", "properties": { "fid": 79459834, "COD_MUN": 4314100, "COD_ESPECI": 1, "NV_GEO_COO": 1, "UF": "RS" }, "geometry": { "type": "Point", "coordinates": [ 365563.837230031611398, 6877820.188932552933693 ] } },
{ "type": "Feature", "properties": { "fid": 79459835, "COD_MUN": 4314100, "COD_ESPECI": 7, "NV_GEO_COO": 1, "UF": "RS" }, "geometry": { "type": "Point", "coordinates": [ 365559.492802135762759, 6877822.466823832131922 ] } },
{ "type": "Feature", "properties": { "fid": 79459836, "COD_MUN": 4314100, "COD_ESPECI": 1, "NV_GEO_COO": 1, "UF": "RS" }, "geometry": { "type": "Point", "coordinates": [ 365545.888671209453605, 6877810.345442382618785 ] } },
{ "type": "Feature", "properties": { "fid": 79459837, "COD_MUN": 4314100, "COD_ESPECI": 7, "NV_GEO_COO": 1, "UF": "RS" }, "geometry": { "type": "Point", "coordinates": [ 365544.561090642004274, 6877806.230440281331539 ] } },
{ "type": "Feature", "properties": { "fid": 79459838, "COD_MUN": 4314100, "COD_ESPECI": 1, "NV_GEO_COO": 1, "UF": "RS" }, "geometry": { "type": "Point", "coordinates": [ 365534.173880112357438, 6877787.385986955836415 ] } },
{ "type": "Feature", "properties": { "fid": 79459839, "COD_MUN": 4314100, "COD_ESPECI": 1, "NV_GEO_COO": 1, "UF": "RS" }, "geometry": { "type": "Point", "coordinates": [ 365531.237237281049602, 6877786.687907847575843 ] } },
{ "type": "Feature", "properties": { "fid": 79459840, "COD_MUN": 4314100, "COD_ESPECI": 1, "NV_GEO_COO": 1, "UF": "RS" }, "geometry": { "type": "Point", "coordinates": [ 365529.383880513953045, 6877785.66964990645647 ] } },
{ "type": "Feature", "properties": { "fid": 79459841, "COD_MUN": 4314100, "COD_ESPECI": 7, "NV_GEO_COO": 1, "UF": "RS" }, "geometry": { "type": "Point", "coordinates": [ 365532.890557243488729, 6877788.036334320902824 ] } },
{ "type": "Feature", "properties": { "fid": 79468594, "COD_MUN": 4314100, "COD_ESPECI": 1, "NV_GEO_COO": 1, "UF": "RS" }, "geometry": { "type": "Point", "coordinates": [ 367411.15605981828412, 6871149.334951506927609 ] } },
{ "type": "Feature", "properties": { "fid": 79468595, "COD_MUN": 4314100, "COD_ESPECI": 1, "NV_GEO_COO": 1, "UF": "RS" }, "geometry": { "type": "Point", "coordinates": [ 367409.297432961291634, 6871148.870927697047591 ] } },
{ "type": "Feature", "properties": { "fid": 79468596, "COD_MUN": 4314100, "COD_ESPECI": 6, "NV_GEO_COO": 1, "UF": "RS" }, "geometry": { "type": "Point", "coordinates": [ 367417.211208781693131, 6871151.729675013571978 ] } },
{ "type": "Feature", "properties": { "fid": 79468597, "COD_MUN": 4314100, "COD_ESPECI": 1, "NV_GEO_COO": 1, "UF": "RS" }, "geometry": { "type": "Point", "coordinates": [ 367415.852907948603388, 6871150.384761288762093 ] } },
{ "type": "Feature", "properties": { "fid": 79468598, "COD_MUN": 4314100, "COD_ESPECI": 6, "NV_GEO_COO": 1, "UF": "RS" }, "geometry": { "type": "Point", "coordinates": [ 367393.976007892168127, 6871124.210460960865021 ] } },
{ "type": "Feature", "properties": { "fid": 79468599, "COD_MUN": 4314100, "COD_ESPECI": 1, "NV_GEO_COO": 1, "UF": "RS" }, "geometry": { "type": "Point", "coordinates": [ 367361.914699124987237, 6871096.481664679944515 ] } },
{ "type": "Feature", "properties": { "fid": 79469038, "COD_MUN": 4314100, "COD_ESPECI": 1, "NV_GEO_COO": 1, "UF": "RS" }, "geometry": { "type": "Point", "coordinates": [ 367474.920868244429585, 6871008.653422919102013 ] } },
{ "type": "Feature", "properties": { "fid": 79469039, "COD_MUN": 4314100, "COD_ESPECI": 1, "NV_GEO_COO": 1, "UF": "RS" }, "geometry": { "type": "Point", "coordinates": [ 367463.153743385686539, 6871017.05432198010385 ] } },
{ "type": "Feature", "properties": { "fid": 79469040, "COD_MUN": 4314100, "COD_ESPECI": 1, "NV_GEO_COO": 1, "UF": "RS" }, "geometry": { "type": "Point", "coordinates": [ 367484.745531298045535, 6871059.957713268697262 ] } },
{ "type": "Feature", "properties": { "fid": 79469041, "COD_MUN": 4314100, "COD_ESPECI": 1, "NV_GEO_COO": 1, "UF": "RS" }, "geometry": { "type": "Point", "coordinates": [ 367450.706459199776873, 6871033.647592034190893 ] } },
{ "type": "Feature", "properties": { "fid": 79469042, "COD_MUN": 4314100, "COD_ESPECI": 1, "NV_GEO_COO": 1, "UF": "RS" }, "geometry": { "type": "Point", "coordinates": [ 367442.774413500446826, 6871041.204856032505631 ] } },
{ "type": "Feature", "properties": { "fid": 79469043, "COD_MUN": 4314100, "COD_ESPECI": 1, "NV_GEO_COO": 1, "UF": "RS" }, "geometry": { "type": "Point", "coordinates": [ 367438.157575289660599, 6871059.326184440404177 ] } },
{ "type": "Feature", "properties": { "fid": 79469044, "COD_MUN": 4314100, "COD_ESPECI": 1, "NV_GEO_COO": 1, "UF": "RS" }, "geometry": { "type": "Point", "coordinates": [ 367418.707505166821647, 6871061.768189671449363 ] } },
{ "type": "Feature", "properties": { "fid": 79469045, "COD_MUN": 4314100, "COD_ESPECI": 1, "NV_GEO_COO": 1, "UF": "RS" }, "geometry": { "type": "Point", "coordinates": [ 367414.476328611955978, 6871062.939798219129443 ] } },
{ "type": "Feature", "properties": { "fid": 79469046, "COD_MUN": 4314100, "COD_ESPECI": 1, "NV_GEO_COO": 1, "UF": "RS" }, "geometry": { "type": "Point", "coordinates": [ 367406.913242292241193, 6871081.360606085509062 ] } },
{ "type": "Feature", "properties": { "fid": 79469047, "COD_MUN": 4314100, "COD_ESPECI": 1, "NV_GEO_COO": 1, "UF": "RS" }, "geometry": { "type": "Point", "coordinates": [ 367392.02697231550701, 6871079.199553072452545 ] } },
{ "type": "Feature", "properties": { "fid": 79469048, "COD_MUN": 4314100, "COD_ESPECI": 1, "NV_GEO_COO": 1, "UF": "RS" }, "geometry": { "type": "Point", "coordinates": [ 367394.311572921113111, 6871085.430496191605926 ] } },
{ "type": "Feature", "properties": { "fid": 79469049, "COD_MUN": 4314100, "COD_ESPECI": 7, "NV_GEO_COO": 1, "UF": "RS" }, "geometry": { "type": "Point", "coordinates": [ 367400.557484955701511, 6871123.397571688517928 ] } },
{ "type": "Feature", "properties": { "fid": 79469050, "COD_MUN": 4314100, "COD_ESPECI": 1, "NV_GEO_COO": 1, "UF": "RS" }, "geometry": { "type": "Point", "coordinates": [ 367409.360183548182249, 6871125.71221209783107 ] } },
{ "type": "Feature", "properties": { "fid": 79469051, "COD_MUN": 4314100, "COD_ESPECI": 1, "NV_GEO_COO": 1, "UF": "RS" }, "geometry": { "type": "Point", "coordinates": [ 367419.060720080742612, 6871135.461194545030594 ] } },
{ "type": "Feature", "properties": { "fid": 79469052, "COD_MUN": 4314100, "COD_ESPECI": 1, "NV_GEO_COO": 1, "UF": "RS" }, "geometry": { "type": "Point", "coordinates": [ 367424.332662834145594, 6871146.490385076031089 ] } },
{ "type": "Feature", "properties": { "fid": 79469318, "COD_MUN": 4314100, "COD_ESPECI": 1, "NV_GEO_COO": 1, "UF": "RS" }, "geometry": { "type": "Point", "coordinates": [ 367395.250908029614948, 6871062.835632940754294 ] } },
{ "type": "Feature", "properties": { "fid": 79469319, "COD_MUN": 4314100, "COD_ESPECI": 1, "NV_GEO_COO": 1, "UF": "RS" }, "geometry": { "type": "Point", "coordinates": [ 367403.200344269862399, 6871053.727244421839714 ] } },
{ "type": "Feature", "properties": { "fid": 79469321, "COD_MUN": 4314100, "COD_ESPECI": 1, "NV_GEO_COO": 1, "UF": "RS" }, "geometry": { "type": "Point", "coordinates": [ 367432.869105023681186, 6871032.229273864999413 ] } },
{ "type": "Feature", "properties": { "fid": 79469322, "COD_MUN": 4314100, "COD_ESPECI": 1, "NV_GEO_COO": 1, "UF": "RS" }, "geometry": { "type": "Point", "coordinates": [ 367443.187328201835044, 6871021.817615320906043 ] } },
{ "type": "Feature", "properties": { "fid": 79469323, "COD_MUN": 4314100, "COD_ESPECI": 1, "NV_GEO_COO": 1, "UF": "RS" }, "geometry": { "type": "Point", "coordinates": [ 367451.907734050415456, 6871013.936732073314488 ] } },
{ "type": "Feature", "properties": { "fid": 79473311, "COD_MUN": 4314100, "COD_ESPECI": 1, "NV_GEO_COO": 1, "UF": "RS" }, "geometry": { "type": "Point", "coordinates": [ 359269.042807253892533, 6876960.8952761515975 ] } },
{ "type": "Feature", "properties": { "fid": 79473312, "COD_MUN": 4314100, "COD_ESPECI": 1, "NV_GEO_COO": 1, "UF": "RS" }, "geometry": { "type": "Point", "coordinates": [ 359218.663722249679267, 6876988.223652609623969 ] } },
{ "type": "Feature", "properties": { "fid": 79473318, "COD_MUN": 4314100, "COD_ESPECI": 1, "NV_GEO_COO": 1, "UF": "RS" }, "geometry": { "type": "Point", "coordinates": [ 359240.228322962648235, 6876990.584535097703338 ] } },
{ "type": "Feature", "properties": { "fid": 79473354, "COD_MUN": 4314100, "COD_ESPECI": 1, "NV_GEO_COO": 1, "UF": "RS" }, "geometry": { "type": "Point", "coordinates": [ 359231.717620499897748, 6877004.778693987056613 ] } },
{ "type": "Feature", "properties": { "fid": 79473367, "COD_MUN": 4314100, "COD_ESPECI": 1, "NV_GEO_COO": 1, "UF": "RS" }, "geometry": { "type": "Point", "coordinates": [ 359157.070886032015551, 6876827.146484475582838 ] } },
{ "type": "Feature", "properties": { "fid": 79473368, "COD_MUN": 4314100, "COD_ESPECI": 1, "NV_GEO_COO": 1, "UF": "RS" }, "geometry": { "type": "Point", "coordinates": [ 359162.037586943246424, 6876830.418943017721176 ] } },
{ "type": "Feature", "properties": { "fid": 79473369, "COD_MUN": 4314100, "COD_ESPECI": 1, "NV_GEO_COO": 1, "UF": "RS" }, "geometry": { "type": "Point", "coordinates": [ 359176.396172840031795, 6876836.240595504641533 ] } },
{ "type": "Feature", "properties": { "fid": 79473370, "COD_MUN": 4314100, "COD_ESPECI": 1, "NV_GEO_COO": 1, "UF": "RS" }, "geometry": { "type": "Point", "coordinates": [ 359178.696223038597964, 6876840.922025257721543 ] } },
{ "type": "Feature", "properties": { "fid": 79473371, "COD_MUN": 4314100, "COD_ESPECI": 1, "NV_GEO_COO": 1, "UF": "RS" }, "geometry": { "type": "Point", "coordinates": [ 359179.805883036286104, 6876838.386459225788713 ] } },
{ "type": "Feature", "properties": { "fid": 79473373, "COD_MUN": 4314100, "COD_ESPECI": 1, "NV_GEO_COO": 1, "UF": "RS" }, "geometry": { "type": "Point", "coordinates": [ 359159.916938069625758, 6876885.135777940973639 ] } },
{ "type": "Feature", "properties": { "fid": 79473374, "COD_MUN": 4314100, "COD_ESPECI": 1, "NV_GEO_COO": 1, "UF": "RS" }, "geometry": { "type": "Point", "coordinates": [ 359166.384552425646689, 6876885.988118918612599 ] } },
{ "type": "Feature", "properties": { "fid": 79473377, "COD_MUN": 4314100, "COD_ESPECI": 7, "NV_GEO_COO": 1, "UF": "RS" }, "geometry": { "type": "Point", "coordinates": [ 359153.997418517130427, 6876887.725153682753444 ] } },
{ "type": "Feature", "properties": { "fid": 79473378, "COD_MUN": 4314100, "COD_ESPECI": 1, "NV_GEO_COO": 1, "UF": "RS" }, "geometry": { "type": "Point", "coordinates": [ 359164.604678602423519, 6876895.38619039952755 ] } },
{ "type": "Feature", "properties": { "fid": 79473379, "COD_MUN": 4314100, "COD_ESPECI": 1, "NV_GEO_COO": 1, "UF": "RS" }, "geometry": { "type": "Point", "coordinates": [ 359149.309337067010347, 6876885.785759720951319 ] } },
{ "type": "Feature", "properties": { "fid": 79478607, "COD_MUN": 4314100, "COD_ESPECI": 1, "NV_GEO_COO": 1, "UF": "RS" }, "geometry": { "type": "Point", "coordinates": [ 361913.018702864064835, 6872143.632144785486162 ] } },
{ "type": "Feature", "properties": { "fid": 79478608, "COD_MUN": 4314100, "COD_ESPECI": 1, "NV_GEO_COO": 1, "UF": "RS" }, "geometry": { "type": "Point", "coordinates": [ 361913.390517494699452, 6872153.831274864263833 ] } },
{ "type": "Feature", "properties": { "fid": 79478611, "COD_MUN": 4314100, "COD_ESPECI": 1, "NV_GEO_COO": 1, "UF": "RS" }, "geometry": { "type": "Point", "coordinates": [ 361928.096527333953418, 6872129.401944648474455 ] } },
{ "type": "Feature", "properties": { "fid": 79478612, "COD_MUN": 4314100, "COD_ESPECI": 1, "NV_GEO_COO": 1, "UF": "RS" }, "geometry": { "type": "Point", "coordinates": [ 361913.230214340728708, 6872125.461263514123857 ] } },
{ "type": "Feature", "properties": { "fid": 79478613, "COD_MUN": 4314100, "COD_ESPECI": 1, "NV_GEO_COO": 1, "UF": "RS" }, "geometry": { "type": "Point", "coordinates": [ 361909.262349255848676, 6872095.495546163991094 ] } },
{ "type": "Feature", "properties": { "fid": 79478615, "COD_MUN": 4314100, "COD_ESPECI": 1, "NV_GEO_COO": 1, "UF": "RS" }, "geometry": { "type": "Point", "coordinates": [ 361903.349960488383658, 6872131.440970721654594 ] } },
{ "type": "Feature", "properties": { "fid": 79478721, "COD_MUN": 4314100, "COD_ESPECI": 1, "NV_GEO_COO": 1, "UF": "RS" }, "geometry": { "type": "Point", "coordinates": [ 361812.73248734686058, 6872137.034536255523562 ] } },
{ "type": "Feature", "properties": { "fid": 79478722, "COD_MUN": 4314100, "COD_ESPECI": 1, "NV_GEO_COO": 1, "UF": "RS" }, "geometry": { "type": "Point", "coordinates": [ 361827.299302685540169, 6872116.149718835949898 ] } },
{ "type": "Feature", "properties": { "fid": 79478723, "COD_MUN": 4314100, "COD_ESPECI": 1, "NV_GEO_COO": 1, "UF": "RS" }, "geometry": { "type": "Point", "coordinates": [ 361827.29801217088243, 6872116.260516917333007 ] } },
{ "type": "Feature", "properties": { "fid": 79478724, "COD_MUN": 4314100, "COD_ESPECI": 1, "NV_GEO_COO": 1, "UF": "RS" }, "geometry": { "type": "Point", "coordinates": [ 361831.60376791015733, 6872108.775375596247613 ] } },
{ "type": "Feature", "properties": { "fid": 79478725, "COD_MUN": 4314100, "COD_ESPECI": 1, "NV_GEO_COO": 1, "UF": "RS" }, "geometry": { "type": "Point", "coordinates": [ 361835.648753646004479, 6872081.562461670488119 ] } },
{ "type": "Feature", "properties": { "fid": 79478726, "COD_MUN": 4314100, "COD_ESPECI": 6, "NV_GEO_COO": 1, "UF": "RS" }, "geometry": { "type": "Point", "coordinates": [ 361820.446948803786654, 6872081.163771864026785 ] } },
{ "type": "Feature", "properties": { "fid": 79478727, "COD_MUN": 4314100, "COD_ESPECI": 1, "NV_GEO_COO": 1, "UF": "RS" }, "geometry": { "type": "Point", "coordinates": [ 361818.599963326414581, 6872079.701687107793987 ] } },
{ "type": "Feature", "properties": { "fid": 79478728, "COD_MUN": 4314100, "COD_ESPECI": 1, "NV_GEO_COO": 1, "UF": "RS" }, "geometry": { "type": "Point", "coordinates": [ 361808.789392341626808, 6872079.69821931514889 ] } },
{ "type": "Feature", "properties": { "fid": 79478771, "COD_MUN": 4314100, "COD_ESPECI": 1, "NV_GEO_COO": 1, "UF": "RS" }, "geometry": { "type": "Point", "coordinates": [ 361900.83979155367706, 6872161.663718579337001 ] } },
{ "type": "Feature", "properties": { "fid": 79478772, "COD_MUN": 4314100, "COD_ESPECI": 1, "NV_GEO_COO": 1, "UF": "RS" }, "geometry": { "type": "Point", "coordinates": [ 361898.54739431082271, 6872147.896211415529251 ] } },
{ "type": "Feature", "properties": { "fid": 79478773, "COD_MUN": 4314100, "COD_ESPECI": 1, "NV_GEO_COO": 1, "UF": "RS" }, "geometry": { "type": "Point", "coordinates": [ 361903.831467150477692, 6872140.644060986116529 ] } },
{ "type": "Feature", "properties": { "fid": 79478774, "COD_MUN": 4314100, "COD_ESPECI": 1, "NV_GEO_COO": 1, "UF": "RS" }, "geometry": { "type": "Point", "coordinates": [ 361897.793538670986891, 6872136.806128019466996 ] } },
{ "type": "Feature", "properties": { "fid": 79478775, "COD_MUN": 4314100, "COD_ESPECI": 6, "NV_GEO_COO": 1, "UF": "RS" }, "geometry": { "type": "Point", "coordinates": [ 361897.793538670986891, 6872136.806128019466996 ] } },
{ "type": "Feature", "properties": { "fid": 79478776, "COD_MUN": 4314100, "COD_ESPECI": 1, "NV_GEO_COO": 1, "UF": "RS" }, "geometry": { "type": "Point", "coordinates": [ 361901.491215094982181, 6872114.132493074983358 ] } },
{ "type": "Feature", "properties": { "fid": 79478777, "COD_MUN": 4314100, "COD_ESPECI": 1, "NV_GEO_COO": 1, "UF": "RS" }, "geometry": { "type": "Point", "coordinates": [ 361897.491263889241964, 6872103.780311685055494 ] } },
{ "type": "Feature", "properties": { "fid": 79478778, "COD_MUN": 4314100, "COD_ESPECI": 1, "NV_GEO_COO": 1, "UF": "RS" }, "geometry": { "type": "Point", "coordinates": [ 361895.863607925828546, 6872091.90436321683228 ] } },
{ "type": "Feature", "properties": { "fid": 79478781, "COD_MUN": 4314100, "COD_ESPECI": 7, "NV_GEO_COO": 1, "UF": "RS" }, "geometry": { "type": "Point", "coordinates": [ 361900.83979155367706, 6872161.663718579337001 ] } },
{ "type": "Feature", "properties": { "fid": 79478782, "COD_MUN": 4314100, "COD_ESPECI": 7, "NV_GEO_COO": 1, "UF": "RS" }, "geometry": { "type": "Point", "coordinates": [ 361904.498634250368923, 6872125.470436349511147 ] } },
{ "type": "Feature", "properties": { "fid": 79478786, "COD_MUN": 4314100, "COD_ESPECI": 1, "NV_GEO_COO": 1, "UF": "RS" }, "geometry": { "type": "Point", "coordinates": [ 361853.998591894167475, 6872089.64389656111598 ] } },
{ "type": "Feature", "properties": { "fid": 79478787, "COD_MUN": 4314100, "COD_ESPECI": 1, "NV_GEO_COO": 1, "UF": "RS" }, "geometry": { "type": "Point", "coordinates": [ 361836.797557758283801, 6872117.700915860012174 ] } },
{ "type": "Feature", "properties": { "fid": 79478788, "COD_MUN": 4314100, "COD_ESPECI": 1, "NV_GEO_COO": 1, "UF": "RS" }, "geometry": { "type": "Point", "coordinates": [ 361837.306089200428687, 6872116.155455015599728 ] } },
{ "type": "Feature", "properties": { "fid": 79478789, "COD_MUN": 4314100, "COD_ESPECI": 1, "NV_GEO_COO": 1, "UF": "RS" }, "geometry": { "type": "Point", "coordinates": [ 361836.797557758283801, 6872117.700915860012174 ] } },
{ "type": "Feature", "properties": { "fid": 79478790, "COD_MUN": 4314100, "COD_ESPECI": 1, "NV_GEO_COO": 1, "UF": "RS" }, "geometry": { "type": "Point", "coordinates": [ 361834.852510781784076, 6872133.081284481100738 ] } },
{ "type": "Feature", "properties": { "fid": 79478791, "COD_MUN": 4314100, "COD_ESPECI": 1, "NV_GEO_COO": 1, "UF": "RS" }, "geometry": { "type": "Point", "coordinates": [ 361829.498711317020934, 6872146.316502021625638 ] } },
{ "type": "Feature", "properties": { "fid": 79478800, "COD_MUN": 4314100, "COD_ESPECI": 7, "NV_GEO_COO": 1, "UF": "RS" }, "geometry": { "type": "Point", "coordinates": [ 361848.145305508864112, 6872095.227200211025774 ] } },
{ "type": "Feature", "properties": { "fid": 79478801, "COD_MUN": 4314100, "COD_ESPECI": 7, "NV_GEO_COO": 1, "UF": "RS" }, "geometry": { "type": "Point", "coordinates": [ 361845.850457818713039, 6872098.524867909029126 ] } },
{ "type": "Feature", "properties": { "fid": 79478802, "COD_MUN": 4314100, "COD_ESPECI": 7, "NV_GEO_COO": 1, "UF": "RS" }, "geometry": { "type": "Point", "coordinates": [ 361842.372065509902313, 6872110.784613136202097 ] } },
{ "type": "Feature", "properties": { "fid": 79479363, "COD_MUN": 4314100, "COD_ESPECI": 1, "NV_GEO_COO": 1, "UF": "RS" }, "geometry": { "type": "Point", "coordinates": [ 361333.482451523188502, 6871440.409885419532657 ] } },
{ "type": "Feature", "properties": { "fid": 79479364, "COD_MUN": 4314100, "COD_ESPECI": 1, "NV_GEO_COO": 1, "UF": "RS" }, "geometry": { "type": "Point", "coordinates": [ 361333.390841143147554, 6871439.854747027158737 ] } },
{ "type": "Feature", "properties": { "fid": 79479365, "COD_MUN": 4314100, "COD_ESPECI": 1, "NV_GEO_COO": 1, "UF": "RS" }, "geometry": { "type": "Point", "coordinates": [ 361329.189912711328361, 6871438.365053858608007 ] } },
{ "type": "Feature", "properties": { "fid": 79479366, "COD_MUN": 4314100, "COD_ESPECI": 1, "NV_GEO_COO": 1, "UF": "RS" }, "geometry": { "type": "Point", "coordinates": [ 361333.477269690542016, 6871440.853078657761216 ] } },
{ "type": "Feature", "properties": { "fid": 79479367, "COD_MUN": 4314100, "COD_ESPECI": 1, "NV_GEO_COO": 1, "UF": "RS" }, "geometry": { "type": "Point", "coordinates": [ 361331.797192855912726, 6871433.519746832549572 ] } },
{ "type": "Feature", "properties": { "fid": 79479369, "COD_MUN": 4314100, "COD_ESPECI": 1, "NV_GEO_COO": 1, "UF": "RS" }, "geometry": { "type": "Point", "coordinates": [ 361311.357392993406393, 6871436.494333297014236 ] } },
{ "type": "Feature", "properties": { "fid": 79479370, "COD_MUN": 4314100, "COD_ESPECI": 1, "NV_GEO_COO": 1, "UF": "RS" }, "geometry": { "type": "Point", "coordinates": [ 361324.88960207765922, 6871436.985010555014014 ] } },
{ "type": "Feature", "properties": { "fid": 79479376, "COD_MUN": 4314100, "COD_ESPECI": 1, "NV_GEO_COO": 1, "UF": "RS" }, "geometry": { "type": "Point", "coordinates": [ 361372.598237790632993, 6871358.754402847960591 ] } },
{ "type": "Feature", "properties": { "fid": 79479384, "COD_MUN": 4314100, "COD_ESPECI": 1, "NV_GEO_COO": 1, "UF": "RS" }, "geometry": { "type": "Point", "coordinates": [ 361384.545682394644246, 6871419.287375975400209 ] } },
{ "type": "Feature", "properties": { "fid": 79479385, "COD_MUN": 4314100, "COD_ESPECI": 1, "NV_GEO_COO": 1, "UF": "RS" }, "geometry": { "type": "Point", "coordinates": [ 361382.578752655535936, 6871419.70764041505754 ] } },
{ "type": "Feature", "properties": { "fid": 79479386, "COD_MUN": 4314100, "COD_ESPECI": 1, "NV_GEO_COO": 1, "UF": "RS" }, "geometry": { "type": "Point", "coordinates": [ 361373.565342065645382, 6871443.870431195944548 ] } },
{ "type": "Feature", "properties": { "fid": 79479387, "COD_MUN": 4314100, "COD_ESPECI": 1, "NV_GEO_COO": 1, "UF": "RS" }, "geometry": { "type": "Point", "coordinates": [ 361314.190742820850573, 6871370.371823720633984 ] } },
{ "type": "Feature", "properties": { "fid": 79479388, "COD_MUN": 4314100, "COD_ESPECI": 1, "NV_GEO_COO": 1, "UF": "RS" }, "geometry": { "type": "Point", "coordinates": [ 361312.404443926527165, 6871372.123950281180441 ] } },
{ "type": "Feature", "properties": { "fid": 79479389, "COD_MUN": 4314100, "COD_ESPECI": 1, "NV_GEO_COO": 1, "UF": "RS" }, "geometry": { "type": "Point", "coordinates": [ 361348.401479445630684, 6871364.233839724212885 ] } },
{ "type": "Feature", "properties": { "fid": 79479390, "COD_MUN": 4314100, "COD_ESPECI": 1, "NV_GEO_COO": 1, "UF": "RS" }, "geometry": { "type": "Point", "coordinates": [ 361362.304284834302962, 6871358.190817488357425 ] } },
{ "type": "Feature", "properties": { "fid": 79479391, "COD_MUN": 4314100, "COD_ESPECI": 1, "NV_GEO_COO": 1, "UF": "RS" }, "geometry": { "type": "Point", "coordinates": [ 361370.120159975718707, 6871360.94170509185642 ] } },
{ "type": "Feature", "properties": { "fid": 79479887, "COD_MUN": 4314100, "COD_ESPECI": 1, "NV_GEO_COO": 1, "UF": "RS" }, "geometry": { "type": "Point", "coordinates": [ 361285.863007932319306, 6871368.378323709592223 ] } },
{ "type": "Feature", "properties": { "fid": 79479888, "COD_MUN": 4314100, "COD_ESPECI": 1, "NV_GEO_COO": 1, "UF": "RS" }, "geometry": { "type": "Point", "coordinates": [ 361303.296987223089673, 6871362.376670191064477 ] } },
{ "type": "Feature", "properties": { "fid": 79479889, "COD_MUN": 4314100, "COD_ESPECI": 1, "NV_GEO_COO": 1, "UF": "RS" }, "geometry": { "type": "Point", "coordinates": [ 361309.467400732100941, 6871363.224525486119092 ] } },
{ "type": "Feature", "properties": { "fid": 79479903, "COD_MUN": 4314100, "COD_ESPECI": 1, "NV_GEO_COO": 1, "UF": "RS" }, "geometry": { "type": "Point", "coordinates": [ 361364.115995875210501, 6871211.605782320722938 ] } },
{ "type": "Feature", "properties": { "fid": 79479906, "COD_MUN": 4314100, "COD_ESPECI": 1, "NV_GEO_COO": 1, "UF": "RS" }, "geometry": { "type": "Point", "coordinates": [ 361354.390892563620582, 6871221.132860092446208 ] } },
{ "type": "Feature", "properties": { "fid": 79479907, "COD_MUN": 4314100, "COD_ESPECI": 1, "NV_GEO_COO": 1, "UF": "RS" }, "geometry": { "type": "Point", "coordinates": [ 361346.617496483377181, 6871223.147433046251535 ] } },
{ "type": "Feature", "properties": { "fid": 79479909, "COD_MUN": 4314100, "COD_ESPECI": 1, "NV_GEO_COO": 1, "UF": "RS" }, "geometry": { "type": "Point", "coordinates": [ 361367.625417885021307, 6871205.108813574537635 ] } },
{ "type": "Feature", "properties": { "fid": 79479918, "COD_MUN": 4314100, "COD_ESPECI": 1, "NV_GEO_COO": 1, "UF": "RS" }, "geometry": { "type": "Point", "coordinates": [ 361346.004181020718534, 6871141.359907185658813 ] } },
{ "type": "Feature", "properties": { "fid": 79479919, "COD_MUN": 4314100, "COD_ESPECI": 1, "NV_GEO_COO": 1, "UF": "RS" }, "geometry": { "type": "Point", "coordinates": [ 361339.824648430629168, 6871116.132988029159606 ] } },
{ "type": "Feature", "properties": { "fid": 79479920, "COD_MUN": 4314100, "COD_ESPECI": 1, "NV_GEO_COO": 1, "UF": "RS" }, "geometry": { "type": "Point", "coordinates": [ 361341.34126738080522, 6871112.272249095141888 ] } },
{ "type": "Feature", "properties": { "fid": 79479921, "COD_MUN": 4314100, "COD_ESPECI": 1, "NV_GEO_COO": 1, "UF": "RS" }, "geometry": { "type": "Point", "coordinates": [ 361332.133325059316121, 6871102.745430544950068 ] } },
{ "type": "Feature", "properties": { "fid": 79479922, "COD_MUN": 4314100, "COD_ESPECI": 1, "NV_GEO_COO": 1, "UF": "RS" }, "geometry": { "type": "Point", "coordinates": [ 361331.726733485469595, 6871103.959624590352178 ] } },
{ "type": "Feature", "properties": { "fid": 79479923, "COD_MUN": 4314100, "COD_ESPECI": 1, "NV_GEO_COO": 1, "UF": "RS" }, "geometry": { "type": "Point", "coordinates": [ 361331.664014987763949, 6871092.545099758543074 ] } },
{ "type": "Feature", "properties": { "fid": 79479924, "COD_MUN": 4314100, "COD_ESPECI": 1, "NV_GEO_COO": 1, "UF": "RS" }, "geometry": { "type": "Point", "coordinates": [ 361325.48117430426646, 6871084.383411211892962 ] } },
{ "type": "Feature", "properties": { "fid": 79479925, "COD_MUN": 4314100, "COD_ESPECI": 1, "NV_GEO_COO": 1, "UF": "RS" }, "geometry": { "type": "Point", "coordinates": [ 361330.84512418799568, 6871078.683834934607148 ] } },
{ "type": "Feature", "properties": { "fid": 79479926, "COD_MUN": 4314100, "COD_ESPECI": 1, "NV_GEO_COO": 1, "UF": "RS" }, "geometry": { "type": "Point", "coordinates": [ 361293.633504995144904, 6871106.616892429068685 ] } },
{ "type": "Feature", "properties": { "fid": 79479927, "COD_MUN": 4314100, "COD_ESPECI": 1, "NV_GEO_COO": 1, "UF": "RS" }, "geometry": { "type": "Point", "coordinates": [ 361322.156267991929781, 6871091.879847374744713 ] } },
{ "type": "Feature", "properties": { "fid": 79479928, "COD_MUN": 4314100, "COD_ESPECI": 1, "NV_GEO_COO": 1, "UF": "RS" }, "geometry": { "type": "Point", "coordinates": [ 361334.988998600863852, 6871168.934483892284334 ] } },
{ "type": "Feature", "properties": { "fid": 79479929, "COD_MUN": 4314100, "COD_ESPECI": 1, "NV_GEO_COO": 1, "UF": "RS" }, "geometry": { "type": "Point", "coordinates": [ 361299.212033516727388, 6871174.832456195726991 ] } },
{ "type": "Feature", "properties": { "fid": 79479930, "COD_MUN": 4314100, "COD_ESPECI": 1, "NV_GEO_COO": 1, "UF": "RS" }, "geometry": { "type": "Point", "coordinates": [ 361306.927493669209071, 6871169.382018990814686 ] } },
{ "type": "Feature", "properties": { "fid": 79479931, "COD_MUN": 4314100, "COD_ESPECI": 1, "NV_GEO_COO": 1, "UF": "RS" }, "geometry": { "type": "Point", "coordinates": [ 361324.452781777887139, 6871163.935483975335956 ] } },
{ "type": "Feature", "properties": { "fid": 79479933, "COD_MUN": 4314100, "COD_ESPECI": 1, "NV_GEO_COO": 1, "UF": "RS" }, "geometry": { "type": "Point", "coordinates": [ 361332.829518999205902, 6871118.710716502740979 ] } },
{ "type": "Feature", "properties": { "fid": 79479934, "COD_MUN": 4314100, "COD_ESPECI": 1, "NV_GEO_COO": 1, "UF": "RS" }, "geometry": { "type": "Point", "coordinates": [ 361332.489003999275155, 6871114.274194449186325 ] } },
{ "type": "Feature", "properties": { "fid": 79479935, "COD_MUN": 4314100, "COD_ESPECI": 1, "NV_GEO_COO": 1, "UF": "RS" }, "geometry": { "type": "Point", "coordinates": [ 361336.914488310692832, 6871113.328621760010719 ] } },
{ "type": "Feature", "properties": { "fid": 79479936, "COD_MUN": 4314100, "COD_ESPECI": 1, "NV_GEO_COO": 1, "UF": "RS" }, "geometry": { "type": "Point", "coordinates": [ 361344.375798052409664, 6871104.439972353167832 ] } },
{ "type": "Feature", "properties": { "fid": 79479937, "COD_MUN": 4314100, "COD_ESPECI": 1, "NV_GEO_COO": 1, "UF": "RS" }, "geometry": { "type": "Point", "coordinates": [ 361351.576711032888852, 6871117.821787258610129 ] } },
{ "type": "Feature", "properties": { "fid": 79479942, "COD_MUN": 4314100, "COD_ESPECI": 1, "NV_GEO_COO": 1, "UF": "RS" }, "geometry": { "type": "Point", "coordinates": [ 361303.529957932070829, 6871048.88798538222909 ] } },
{ "type": "Feature", "properties": { "fid": 79479943, "COD_MUN": 4314100, "COD_ESPECI": 1, "NV_GEO_COO": 1, "UF": "RS" }, "geometry": { "type": "Point", "coordinates": [ 361287.996324793435633, 6871051.809068355709314 ] } },
{ "type": "Feature", "properties": { "fid": 79479944, "COD_MUN": 4314100, "COD_ESPECI": 1, "NV_GEO_COO": 1, "UF": "RS" }, "geometry": { "type": "Point", "coordinates": [ 361281.817002680385485, 6871051.736783580854535 ] } },
{ "type": "Feature", "properties": { "fid": 79479945, "COD_MUN": 4314100, "COD_ESPECI": 1, "NV_GEO_COO": 1, "UF": "RS" }, "geometry": { "type": "Point", "coordinates": [ 361277.982634821673855, 6871052.467622901313007 ] } },
{ "type": "Feature", "properties": { "fid": 79479946, "COD_MUN": 4314100, "COD_ESPECI": 1, "NV_GEO_COO": 1, "UF": "RS" }, "geometry": { "type": "Point", "coordinates": [ 361252.43788629444316, 6871055.825609235092998 ] } },
{ "type": "Feature", "properties": { "fid": 79479947, "COD_MUN": 4314100, "COD_ESPECI": 1, "NV_GEO_COO": 1, "UF": "RS" }, "geometry": { "type": "Point", "coordinates": [ 361242.59397971467115, 6871067.124222316779196 ] } },
{ "type": "Feature", "properties": { "fid": 79479949, "COD_MUN": 4314100, "COD_ESPECI": 1, "NV_GEO_COO": 1, "UF": "RS" }, "geometry": { "type": "Point", "coordinates": [ 361256.251515338546596, 6871056.867552215233445 ] } },
{ "type": "Feature", "properties": { "fid": 79479979, "COD_MUN": 4314100, "COD_ESPECI": 1, "NV_GEO_COO": 1, "UF": "RS" }, "geometry": { "type": "Point", "coordinates": [ 361287.095944932952989, 6871279.741947488859296 ] } },
{ "type": "Feature", "properties": { "fid": 79479980, "COD_MUN": 4314100, "COD_ESPECI": 6, "NV_GEO_COO": 1, "UF": "RS" }, "geometry": { "type": "Point", "coordinates": [ 361287.095944932952989, 6871279.741947488859296 ] } },
{ "type": "Feature", "properties": { "fid": 79479982, "COD_MUN": 4314100, "COD_ESPECI": 1, "NV_GEO_COO": 1, "UF": "RS" }, "geometry": { "type": "Point", "coordinates": [ 361288.712870898307301, 6871284.082586584612727 ] } },
{ "type": "Feature", "properties": { "fid": 79479983, "COD_MUN": 4314100, "COD_ESPECI": 1, "NV_GEO_COO": 1, "UF": "RS" }, "geometry": { "type": "Point", "coordinates": [ 361290.581696208217181, 6871283.661191156134009 ] } },
{ "type": "Feature", "properties": { "fid": 79479984, "COD_MUN": 4314100, "COD_ESPECI": 1, "NV_GEO_COO": 1, "UF": "RS" }, "geometry": { "type": "Point", "coordinates": [ 361285.937052317662165, 6871278.177003208547831 ] } },
{ "type": "Feature", "properties": { "fid": 79479989, "COD_MUN": 4314100, "COD_ESPECI": 1, "NV_GEO_COO": 1, "UF": "RS" }, "geometry": { "type": "Point", "coordinates": [ 361297.81457166490145, 6871277.540231302380562 ] } },
{ "type": "Feature", "properties": { "fid": 79481355, "COD_MUN": 4314100, "COD_ESPECI": 1, "NV_GEO_COO": 1, "UF": "RS" }, "geometry": { "type": "Point", "coordinates": [ 363715.644660233985633, 6873499.76364017277956 ] } },
{ "type": "Feature", "properties": { "fid": 79481356, "COD_MUN": 4314100, "COD_ESPECI": 1, "NV_GEO_COO": 1, "UF": "RS" }, "geometry": { "type": "Point", "coordinates": [ 363723.706841723527759, 6873489.772318858653307 ] } },
{ "type": "Feature", "properties": { "fid": 79483156, "COD_MUN": 4314100, "COD_ESPECI": 1, "NV_GEO_COO": 1, "UF": "RS" }, "geometry": { "type": "Point", "coordinates": [ 364135.72583920659963, 6873315.978015912696719 ] } },
{ "type": "Feature", "properties": { "fid": 79483157, "COD_MUN": 4314100, "COD_ESPECI": 1, "NV_GEO_COO": 1, "UF": "RS" }, "geometry": { "type": "Point", "coordinates": [ 364137.684079227270558, 6873316.332868615165353 ] } },
{ "type": "Feature", "properties": { "fid": 79483158, "COD_MUN": 4314100, "COD_ESPECI": 1, "NV_GEO_COO": 1, "UF": "RS" }, "geometry": { "type": "Point", "coordinates": [ 364138.275229478836991, 6873316.118012191727757 ] } },
{ "type": "Feature", "properties": { "fid": 79483159, "COD_MUN": 4314100, "COD_ESPECI": 1, "NV_GEO_COO": 1, "UF": "RS" }, "geometry": { "type": "Point", "coordinates": [ 364138.275229478836991, 6873316.118012191727757 ] } },
{ "type": "Feature", "properties": { "fid": 79483160, "COD_MUN": 4314100, "COD_ESPECI": 1, "NV_GEO_COO": 1, "UF": "RS" }, "geometry": { "type": "Point", "coordinates": [ 364138.275229478836991, 6873316.118012191727757 ] } },
{ "type": "Feature", "properties": { "fid": 79483161, "COD_MUN": 4314100, "COD_ESPECI": 1, "NV_GEO_COO": 1, "UF": "RS" }, "geometry": { "type": "Point", "coordinates": [ 364138.275229478836991, 6873316.118012191727757 ] } },
{ "type": "Feature", "properties": { "fid": 79483162, "COD_MUN": 4314100, "COD_ESPECI": 1, "NV_GEO_COO": 1, "UF": "RS" }, "geometry": { "type": "Point", "coordinates": [ 364158.954060539836064, 6873309.595194997265935 ] } },
{ "type": "Feature", "properties": { "fid": 79483408, "COD_MUN": 4314100, "COD_ESPECI": 1, "NV_GEO_COO": 1, "UF": "RS" }, "geometry": { "type": "Point", "coordinates": [ 364512.252754337794613, 6872889.668257333338261 ] } },
{ "type": "Feature", "properties": { "fid": 79483409, "COD_MUN": 4314100, "COD_ESPECI": 1, "NV_GEO_COO": 1, "UF": "RS" }, "geometry": { "type": "Point", "coordinates": [ 364512.428710520092864, 6872891.443253668025136 ] } },
{ "type": "Feature", "properties": { "fid": 79483410, "COD_MUN": 4314100, "COD_ESPECI": 1, "NV_GEO_COO": 1, "UF": "RS" }, "geometry": { "type": "Point", "coordinates": [ 364517.343881825916469, 6872907.788693450391293 ] } },
{ "type": "Feature", "properties": { "fid": 79483411, "COD_MUN": 4314100, "COD_ESPECI": 1, "NV_GEO_COO": 1, "UF": "RS" }, "geometry": { "type": "Point", "coordinates": [ 364527.689223400782794, 6872912.560896480455995 ] } },
{ "type": "Feature", "properties": { "fid": 79483412, "COD_MUN": 4314100, "COD_ESPECI": 1, "NV_GEO_COO": 1, "UF": "RS" }, "geometry": { "type": "Point", "coordinates": [ 364537.332703335792758, 6872918.654818158596754 ] } },
{ "type": "Feature", "properties": { "fid": 79483413, "COD_MUN": 4314100, "COD_ESPECI": 1, "NV_GEO_COO": 1, "UF": "RS" }, "geometry": { "type": "Point", "coordinates": [ 364545.112865403702017, 6872916.084150458686054 ] } },
{ "type": "Feature", "properties": { "fid": 79483414, "COD_MUN": 4314100, "COD_ESPECI": 1, "NV_GEO_COO": 1, "UF": "RS" }, "geometry": { "type": "Point", "coordinates": [ 364547.814102251897566, 6872920.104205341078341 ] } },
{ "type": "Feature", "properties": { "fid": 79483415, "COD_MUN": 4314100, "COD_ESPECI": 1, "NV_GEO_COO": 1, "UF": "RS" }, "geometry": { "type": "Point", "coordinates": [ 364539.346691020939033, 6872931.310341307893395 ] } },
{ "type": "Feature", "properties": { "fid": 79483416, "COD_MUN": 4314100, "COD_ESPECI": 1, "NV_GEO_COO": 1, "UF": "RS" }, "geometry": { "type": "Point", "coordinates": [ 364563.91135490819579, 6872936.688068112358451 ] } },
{ "type": "Feature", "properties": { "fid": 79483417, "COD_MUN": 4314100, "COD_ESPECI": 1, "NV_GEO_COO": 1, "UF": "RS" }, "geometry": { "type": "Point", "coordinates": [ 364573.037088773096912, 6872936.570595966652036 ] } },
{ "type": "Feature", "properties": { "fid": 79483418, "COD_MUN": 4314100, "COD_ESPECI": 6, "NV_GEO_COO": 1, "UF": "RS" }, "geometry": { "type": "Point", "coordinates": [ 364577.574403480626643, 6872943.04945404175669 ] } },
{ "type": "Feature", "properties": { "fid": 79483419, "COD_MUN": 4314100, "COD_ESPECI": 1, "NV_GEO_COO": 1, "UF": "RS" }, "geometry": { "type": "Point", "coordinates": [ 364575.428869402385317, 6872941.916852079331875 ] } },
{ "type": "Feature", "properties": { "fid": 79483420, "COD_MUN": 4314100, "COD_ESPECI": 1, "NV_GEO_COO": 1, "UF": "RS" }, "geometry": { "type": "Point", "coordinates": [ 364578.420626473263837, 6872946.272649531252682 ] } },
{ "type": "Feature", "properties": { "fid": 79483421, "COD_MUN": 4314100, "COD_ESPECI": 6, "NV_GEO_COO": 1, "UF": "RS" }, "geometry": { "type": "Point", "coordinates": [ 364582.897038531606086, 6872940.893962096422911 ] } },
{ "type": "Feature", "properties": { "fid": 79483422, "COD_MUN": 4314100, "COD_ESPECI": 1, "NV_GEO_COO": 1, "UF": "RS" }, "geometry": { "type": "Point", "coordinates": [ 364573.611773440614343, 6872937.796082925051451 ] } },
{ "type": "Feature", "properties": { "fid": 79483423, "COD_MUN": 4314100, "COD_ESPECI": 1, "NV_GEO_COO": 1, "UF": "RS" }, "geometry": { "type": "Point", "coordinates": [ 364600.541707551456057, 6872950.846729962155223 ] } },
{ "type": "Feature", "properties": { "fid": 79483424, "COD_MUN": 4314100, "COD_ESPECI": 1, "NV_GEO_COO": 1, "UF": "RS" }, "geometry": { "type": "Point", "coordinates": [ 364601.989682600600645, 6872944.325363861396909 ] } },
{ "type": "Feature", "properties": { "fid": 79483425, "COD_MUN": 4314100, "COD_ESPECI": 1, "NV_GEO_COO": 1, "UF": "RS" }, "geometry": { "type": "Point", "coordinates": [ 364606.253450738906395, 6872940.384793404489756 ] } },
{ "type": "Feature", "properties": { "fid": 79483426, "COD_MUN": 4314100, "COD_ESPECI": 1, "NV_GEO_COO": 1, "UF": "RS" }, "geometry": { "type": "Point", "coordinates": [ 364611.304294780362397, 6872962.050692696124315 ] } },
{ "type": "Feature", "properties": { "fid": 79483427, "COD_MUN": 4314100, "COD_ESPECI": 1, "NV_GEO_COO": 1, "UF": "RS" }, "geometry": { "type": "Point", "coordinates": [ 364626.338257158058695, 6872968.649283714592457 ] } },
{ "type": "Feature", "properties": { "fid": 79483428, "COD_MUN": 4314100, "COD_ESPECI": 1, "NV_GEO_COO": 1, "UF": "RS" }, "geometry": { "type": "Point", "coordinates": [ 364632.113472146564163, 6872969.823281752876937 ] } },
{ "type": "Feature", "properties": { "fid": 79483429, "COD_MUN": 4314100, "COD_ESPECI": 1, "NV_GEO_COO": 1, "UF": "RS" }, "geometry": { "type": "Point", "coordinates": [ 364639.131118337623775, 6872973.892551630735397 ] } },
{ "type": "Feature", "properties": { "fid": 79483430, "COD_MUN": 4314100, "COD_ESPECI": 1, "NV_GEO_COO": 1, "UF": "RS" }, "geometry": { "type": "Point", "coordinates": [ 364605.051230999757536, 6872959.763115603476763 ] } },
{ "type": "Feature", "properties": { "fid": 79483431, "COD_MUN": 4314100, "COD_ESPECI": 1, "NV_GEO_COO": 1, "UF": "RS" }, "geometry": { "type": "Point", "coordinates": [ 364603.281653640558943, 6872960.075360025279224 ] } },
{ "type": "Feature", "properties": { "fid": 79483432, "COD_MUN": 4314100, "COD_ESPECI": 1, "NV_GEO_COO": 1, "UF": "RS" }, "geometry": { "type": "Point", "coordinates": [ 364635.434162825404201, 6872962.547593791037798 ] } },
{ "type": "Feature", "properties": { "fid": 79483433, "COD_MUN": 4314100, "COD_ESPECI": 1, "NV_GEO_COO": 1, "UF": "RS" }, "geometry": { "type": "Point", "coordinates": [ 364621.037107075739186, 6872968.921242468990386 ] } },
{ "type": "Feature", "properties": { "fid": 79483434, "COD_MUN": 4314100, "COD_ESPECI": 1, "NV_GEO_COO": 1, "UF": "RS" }, "geometry": { "type": "Point", "coordinates": [ 364637.8957900198875, 6872978.975795552134514 ] } },
{ "type": "Feature", "properties": { "fid": 79483435, "COD_MUN": 4314100, "COD_ESPECI": 1, "NV_GEO_COO": 1, "UF": "RS" }, "geometry": { "type": "Point", "coordinates": [ 364643.839882865839172, 6872973.946262628771365 ] } },
{ "type": "Feature", "properties": { "fid": 79483436, "COD_MUN": 4314100, "COD_ESPECI": 1, "NV_GEO_COO": 1, "UF": "RS" }, "geometry": { "type": "Point", "coordinates": [ 364621.438352048047818, 6872968.150138507597148 ] } },
{ "type": "Feature", "properties": { "fid": 79483437, "COD_MUN": 4314100, "COD_ESPECI": 1, "NV_GEO_COO": 1, "UF": "RS" }, "geometry": { "type": "Point", "coordinates": [ 364617.261799209809396, 6872964.445706073194742 ] } },
{ "type": "Feature", "properties": { "fid": 79483438, "COD_MUN": 4314100, "COD_ESPECI": 1, "NV_GEO_COO": 1, "UF": "RS" }, "geometry": { "type": "Point", "coordinates": [ 364607.28854940115707, 6872961.450817346572876 ] } },
{ "type": "Feature", "properties": { "fid": 79483439, "COD_MUN": 4314100, "COD_ESPECI": 1, "NV_GEO_COO": 1, "UF": "RS" }, "geometry": { "type": "Point", "coordinates": [ 364601.279724640364293, 6872954.955182029865682 ] } },
{ "type": "Feature", "properties": { "fid": 79483440, "COD_MUN": 4314100, "COD_ESPECI": 1, "NV_GEO_COO": 1, "UF": "RS" }, "geometry": { "type": "Point", "coordinates": [ 364594.012804259778932, 6872955.537133678793907 ] } },
{ "type": "Feature", "properties": { "fid": 79483441, "COD_MUN": 4314100, "COD_ESPECI": 1, "NV_GEO_COO": 1, "UF": "RS" }, "geometry": { "type": "Point", "coordinates": [ 364582.147126088151708, 6872946.425987546332181 ] } },
{ "type": "Feature", "properties": { "fid": 79483442, "COD_MUN": 4314100, "COD_ESPECI": 1, "NV_GEO_COO": 1, "UF": "RS" }, "geometry": { "type": "Point", "coordinates": [ 364570.892289170995355, 6872943.97050011344254 ] } },
{ "type": "Feature", "properties": { "fid": 79483443, "COD_MUN": 4314100, "COD_ESPECI": 1, "NV_GEO_COO": 1, "UF": "RS" }, "geometry": { "type": "Point", "coordinates": [ 364496.672291485476308, 6872913.758116560056806 ] } },
{ "type": "Feature", "properties": { "fid": 79483444, "COD_MUN": 4314100, "COD_ESPECI": 1, "NV_GEO_COO": 1, "UF": "RS" }, "geometry": { "type": "Point", "coordinates": [ 364570.911256572115235, 6872942.308541530743241 ] } },
{ "type": "Feature", "properties": { "fid": 79483445, "COD_MUN": 4314100, "COD_ESPECI": 1, "NV_GEO_COO": 1, "UF": "RS" }, "geometry": { "type": "Point", "coordinates": [ 364604.013351571455132, 6872964.737797947600484 ] } },
{ "type": "Feature", "properties": { "fid": 79483446, "COD_MUN": 4314100, "COD_ESPECI": 1, "NV_GEO_COO": 1, "UF": "RS" }, "geometry": { "type": "Point", "coordinates": [ 364554.172633149661124, 6872964.72307913005352 ] } },
{ "type": "Feature", "properties": { "fid": 79483447, "COD_MUN": 4314100, "COD_ESPECI": 1, "NV_GEO_COO": 1, "UF": "RS" }, "geometry": { "type": "Point", "coordinates": [ 364536.685121633927338, 6872975.383008716627955 ] } },
{ "type": "Feature", "properties": { "fid": 79483448, "COD_MUN": 4314100, "COD_ESPECI": 1, "NV_GEO_COO": 1, "UF": "RS" }, "geometry": { "type": "Point", "coordinates": [ 364530.388498713844456, 6872985.505803328938782 ] } },
{ "type": "Feature", "properties": { "fid": 79483449, "COD_MUN": 4314100, "COD_ESPECI": 7, "NV_GEO_COO": 1, "UF": "RS" }, "geometry": { "type": "Point", "coordinates": [ 364526.951225285767578, 6872985.798998279497027 ] } },
{ "type": "Feature", "properties": { "fid": 79483450, "COD_MUN": 4314100, "COD_ESPECI": 1, "NV_GEO_COO": 1, "UF": "RS" }, "geometry": { "type": "Point", "coordinates": [ 364529.598644132667687, 6872985.940033126622438 ] } },
{ "type": "Feature", "properties": { "fid": 79483451, "COD_MUN": 4314100, "COD_ESPECI": 1, "NV_GEO_COO": 1, "UF": "RS" }, "geometry": { "type": "Point", "coordinates": [ 364528.492988530837465, 6872988.254456293769181 ] } },
{ "type": "Feature", "properties": { "fid": 79483452, "COD_MUN": 4314100, "COD_ESPECI": 1, "NV_GEO_COO": 1, "UF": "RS" }, "geometry": { "type": "Point", "coordinates": [ 364531.044838197878562, 6872988.172776401974261 ] } },
{ "type": "Feature", "properties": { "fid": 79483453, "COD_MUN": 4314100, "COD_ESPECI": 1, "NV_GEO_COO": 1, "UF": "RS" }, "geometry": { "type": "Point", "coordinates": [ 364534.833326842170209, 6872982.897063911892474 ] } },
{ "type": "Feature", "properties": { "fid": 79483454, "COD_MUN": 4314100, "COD_ESPECI": 1, "NV_GEO_COO": 1, "UF": "RS" }, "geometry": { "type": "Point", "coordinates": [ 364538.252024466346484, 6872958.446708125993609 ] } },
{ "type": "Feature", "properties": { "fid": 79483455, "COD_MUN": 4314100, "COD_ESPECI": 1, "NV_GEO_COO": 1, "UF": "RS" }, "geometry": { "type": "Point", "coordinates": [ 364541.753792333125602, 6872952.502850731834769 ] } },
{ "type": "Feature", "properties": { "fid": 79483456, "COD_MUN": 4314100, "COD_ESPECI": 1, "NV_GEO_COO": 1, "UF": "RS" }, "geometry": { "type": "Point", "coordinates": [ 364539.724776744493283, 6872958.352708355523646 ] } },
{ "type": "Feature", "properties": { "fid": 79483457, "COD_MUN": 4314100, "COD_ESPECI": 6, "NV_GEO_COO": 1, "UF": "RS" }, "geometry": { "type": "Point", "coordinates": [ 364512.663894904835615, 6872948.181530041620135 ] } },
{ "type": "Feature", "properties": { "fid": 79483458, "COD_MUN": 4314100, "COD_ESPECI": 1, "NV_GEO_COO": 1, "UF": "RS" }, "geometry": { "type": "Point", "coordinates": [ 364533.844744217640255, 6872983.550648748874664 ] } },
{ "type": "Feature", "properties": { "fid": 79483459, "COD_MUN": 4314100, "COD_ESPECI": 1, "NV_GEO_COO": 1, "UF": "RS" }, "geometry": { "type": "Point", "coordinates": [ 364547.79386673704721, 6872921.876961309462786 ] } },
{ "type": "Feature", "properties": { "fid": 79483460, "COD_MUN": 4314100, "COD_ESPECI": 1, "NV_GEO_COO": 1, "UF": "RS" }, "geometry": { "type": "Point", "coordinates": [ 364541.212389504420571, 6872922.5775155890733 ] } },
{ "type": "Feature", "properties": { "fid": 79483461, "COD_MUN": 4314100, "COD_ESPECI": 1, "NV_GEO_COO": 1, "UF": "RS" }, "geometry": { "type": "Point", "coordinates": [ 364540.305468701175414, 6872924.672584872692823 ] } },
{ "type": "Feature", "properties": { "fid": 79483462, "COD_MUN": 4314100, "COD_ESPECI": 1, "NV_GEO_COO": 1, "UF": "RS" }, "geometry": { "type": "Point", "coordinates": [ 364501.870263288205024, 6872913.928283080458641 ] } },
{ "type": "Feature", "properties": { "fid": 79483463, "COD_MUN": 4314100, "COD_ESPECI": 1, "NV_GEO_COO": 1, "UF": "RS" }, "geometry": { "type": "Point", "coordinates": [ 364483.744686825666577, 6872894.550873019732535 ] } },
{ "type": "Feature", "properties": { "fid": 79483464, "COD_MUN": 4314100, "COD_ESPECI": 7, "NV_GEO_COO": 1, "UF": "RS" }, "geometry": { "type": "Point", "coordinates": [ 364494.325600205105729, 6872930.242264068685472 ] } },
{ "type": "Feature", "properties": { "fid": 79483465, "COD_MUN": 4314100, "COD_ESPECI": 7, "NV_GEO_COO": 1, "UF": "RS" }, "geometry": { "type": "Point", "coordinates": [ 364490.370010992628522, 6872932.967386551201344 ] } },
{ "type": "Feature", "properties": { "fid": 79483466, "COD_MUN": 4314100, "COD_ESPECI": 1, "NV_GEO_COO": 1, "UF": "RS" }, "geometry": { "type": "Point", "coordinates": [ 364493.149089596408885, 6872938.761330761946738 ] } },
{ "type": "Feature", "properties": { "fid": 79483467, "COD_MUN": 4314100, "COD_ESPECI": 1, "NV_GEO_COO": 1, "UF": "RS" }, "geometry": { "type": "Point", "coordinates": [ 364482.041793720796704, 6872949.161601247265935 ] } },
{ "type": "Feature", "properties": { "fid": 79483468, "COD_MUN": 4314100, "COD_ESPECI": 1, "NV_GEO_COO": 1, "UF": "RS" }, "geometry": { "type": "Point", "coordinates": [ 364485.853147973306477, 6872959.067368922755122 ] } },
{ "type": "Feature", "properties": { "fid": 79483469, "COD_MUN": 4314100, "COD_ESPECI": 6, "NV_GEO_COO": 1, "UF": "RS" }, "geometry": { "type": "Point", "coordinates": [ 364485.853147973306477, 6872959.067368922755122 ] } },
{ "type": "Feature", "properties": { "fid": 79483470, "COD_MUN": 4314100, "COD_ESPECI": 1, "NV_GEO_COO": 1, "UF": "RS" }, "geometry": { "type": "Point", "coordinates": [ 364480.331756061525084, 6872961.442172212526202 ] } },
{ "type": "Feature", "properties": { "fid": 79483471, "COD_MUN": 4314100, "COD_ESPECI": 1, "NV_GEO_COO": 1, "UF": "RS" }, "geometry": { "type": "Point", "coordinates": [ 364468.602326999884099, 6872983.359744772315025 ] } },
{ "type": "Feature", "properties": { "fid": 79483472, "COD_MUN": 4314100, "COD_ESPECI": 1, "NV_GEO_COO": 1, "UF": "RS" }, "geometry": { "type": "Point", "coordinates": [ 364455.365927702456247, 6873008.362822592258453 ] } },
{ "type": "Feature", "properties": { "fid": 79483473, "COD_MUN": 4314100, "COD_ESPECI": 1, "NV_GEO_COO": 1, "UF": "RS" }, "geometry": { "type": "Point", "coordinates": [ 364477.87168366892729, 6872962.078947631642222 ] } },
{ "type": "Feature", "properties": { "fid": 79485096, "COD_MUN": 4314100, "COD_ESPECI": 1, "NV_GEO_COO": 1, "UF": "RS" }, "geometry": { "type": "Point", "coordinates": [ 364413.073697130195796, 6872940.173706332221627 ] } },
{ "type": "Feature", "properties": { "fid": 79485097, "COD_MUN": 4314100, "COD_ESPECI": 1, "NV_GEO_COO": 1, "UF": "RS" }, "geometry": { "type": "Point", "coordinates": [ 364413.073697130195796, 6872940.173706332221627 ] } },
{ "type": "Feature", "properties": { "fid": 79485098, "COD_MUN": 4314100, "COD_ESPECI": 1, "NV_GEO_COO": 1, "UF": "RS" }, "geometry": { "type": "Point", "coordinates": [ 364417.771701733698137, 6872932.581374417990446 ] } },
{ "type": "Feature", "properties": { "fid": 79485099, "COD_MUN": 4314100, "COD_ESPECI": 1, "NV_GEO_COO": 1, "UF": "RS" }, "geometry": { "type": "Point", "coordinates": [ 364407.28715492261108, 6872922.820955001749098 ] } },
{ "type": "Feature", "properties": { "fid": 79485151, "COD_MUN": 4314100, "COD_ESPECI": 1, "NV_GEO_COO": 1, "UF": "RS" }, "geometry": { "type": "Point", "coordinates": [ 364369.363148665637709, 6873099.132304143160582 ] } },
{ "type": "Feature", "properties": { "fid": 79485152, "COD_MUN": 4314100, "COD_ESPECI": 1, "NV_GEO_COO": 1, "UF": "RS" }, "geometry": { "type": "Point", "coordinates": [ 364352.70323017030023, 6873088.858017129823565 ] } },
{ "type": "Feature", "properties": { "fid": 79485153, "COD_MUN": 4314100, "COD_ESPECI": 1, "NV_GEO_COO": 1, "UF": "RS" }, "geometry": { "type": "Point", "coordinates": [ 364366.300509118009359, 6873100.981100525707006 ] } },
{ "type": "Feature", "properties": { "fid": 79485154, "COD_MUN": 4314100, "COD_ESPECI": 1, "NV_GEO_COO": 1, "UF": "RS" }, "geometry": { "type": "Point", "coordinates": [ 364336.24840665893862, 6873077.810367425903678 ] } },
{ "type": "Feature", "properties": { "fid": 79485155, "COD_MUN": 4314100, "COD_ESPECI": 1, "NV_GEO_COO": 1, "UF": "RS" }, "geometry": { "type": "Point", "coordinates": [ 364332.550998000428081, 6873075.108616245910525 ] } },
{ "type": "Feature", "properties": { "fid": 79485156, "COD_MUN": 4314100, "COD_ESPECI": 1, "NV_GEO_COO": 1, "UF": "RS" }, "geometry": { "type": "Point", "coordinates": [ 364324.12521999317687, 6873065.482476087287068 ] } },
{ "type": "Feature", "properties": { "fid": 79485157, "COD_MUN": 4314100, "COD_ESPECI": 1, "NV_GEO_COO": 1, "UF": "RS" }, "geometry": { "type": "Point", "coordinates": [ 364324.12521999317687, 6873065.482476087287068 ] } },
{ "type": "Feature", "properties": { "fid": 79485158, "COD_MUN": 4314100, "COD_ESPECI": 1, "NV_GEO_COO": 1, "UF": "RS" }, "geometry": { "type": "Point", "coordinates": [ 364323.945487381948624, 6873064.0398682160303 ] } },
{ "type": "Feature", "properties": { "fid": 79485159, "COD_MUN": 4314100, "COD_ESPECI": 1, "NV_GEO_COO": 1, "UF": "RS" }, "geometry": { "type": "Point", "coordinates": [ 364350.843123785802163, 6873088.504319904372096 ] } },
{ "type": "Feature", "properties": { "fid": 79485171, "COD_MUN": 4314100, "COD_ESPECI": 1, "NV_GEO_COO": 1, "UF": "RS" }, "geometry": { "type": "Point", "coordinates": [ 364401.238272545102518, 6873048.633977167308331 ] } },
{ "type": "Feature", "properties": { "fid": 79485172, "COD_MUN": 4314100, "COD_ESPECI": 1, "NV_GEO_COO": 1, "UF": "RS" }, "geometry": { "type": "Point", "coordinates": [ 364401.238272545102518, 6873048.633977167308331 ] } },
{ "type": "Feature", "properties": { "fid": 79485173, "COD_MUN": 4314100, "COD_ESPECI": 1, "NV_GEO_COO": 1, "UF": "RS" }, "geometry": { "type": "Point", "coordinates": [ 364398.879461406264454, 6873040.406955431215465 ] } },
{ "type": "Feature", "properties": { "fid": 79485174, "COD_MUN": 4314100, "COD_ESPECI": 1, "NV_GEO_COO": 1, "UF": "RS" }, "geometry": { "type": "Point", "coordinates": [ 364398.977561296371277, 6873040.408076394349337 ] } },
{ "type": "Feature", "properties": { "fid": 79485175, "COD_MUN": 4314100, "COD_ESPECI": 1, "NV_GEO_COO": 1, "UF": "RS" }, "geometry": { "type": "Point", "coordinates": [ 364390.465712704928592, 6873021.140379147604108 ] } },
{ "type": "Feature", "properties": { "fid": 79485176, "COD_MUN": 4314100, "COD_ESPECI": 1, "NV_GEO_COO": 1, "UF": "RS" }, "geometry": { "type": "Point", "coordinates": [ 364391.153676975518465, 6873021.037429125979543 ] } },
{ "type": "Feature", "properties": { "fid": 79485177, "COD_MUN": 4314100, "COD_ESPECI": 1, "NV_GEO_COO": 1, "UF": "RS" }, "geometry": { "type": "Point", "coordinates": [ 364391.29482527053915, 6873017.271442799828947 ] } },
{ "type": "Feature", "properties": { "fid": 79485178, "COD_MUN": 4314100, "COD_ESPECI": 1, "NV_GEO_COO": 1, "UF": "RS" }, "geometry": { "type": "Point", "coordinates": [ 364396.353617938235402, 6873012.453534372150898 ] } },
{ "type": "Feature", "properties": { "fid": 79485179, "COD_MUN": 4314100, "COD_ESPECI": 1, "NV_GEO_COO": 1, "UF": "RS" }, "geometry": { "type": "Point", "coordinates": [ 364396.353617938235402, 6873012.453534372150898 ] } },
{ "type": "Feature", "properties": { "fid": 79485182, "COD_MUN": 4314100, "COD_ESPECI": 1, "NV_GEO_COO": 1, "UF": "RS" }, "geometry": { "type": "Point", "coordinates": [ 364424.687326641753316, 6873040.03695710003376 ] } },
{ "type": "Feature", "properties": { "fid": 79485183, "COD_MUN": 4314100, "COD_ESPECI": 1, "NV_GEO_COO": 1, "UF": "RS" }, "geometry": { "type": "Point", "coordinates": [ 364424.687326641753316, 6873040.03695710003376 ] } },
{ "type": "Feature", "properties": { "fid": 79485184, "COD_MUN": 4314100, "COD_ESPECI": 1, "NV_GEO_COO": 1, "UF": "RS" }, "geometry": { "type": "Point", "coordinates": [ 364466.874447601730935, 6872962.839843042194843 ] } },
{ "type": "Feature", "properties": { "fid": 79485185, "COD_MUN": 4314100, "COD_ESPECI": 1, "NV_GEO_COO": 1, "UF": "RS" }, "geometry": { "type": "Point", "coordinates": [ 364466.874447601730935, 6872962.839843042194843 ] } },
{ "type": "Feature", "properties": { "fid": 79485186, "COD_MUN": 4314100, "COD_ESPECI": 1, "NV_GEO_COO": 1, "UF": "RS" }, "geometry": { "type": "Point", "coordinates": [ 364467.142776968539692, 6872956.526639860123396 ] } },
{ "type": "Feature", "properties": { "fid": 79485187, "COD_MUN": 4314100, "COD_ESPECI": 1, "NV_GEO_COO": 1, "UF": "RS" }, "geometry": { "type": "Point", "coordinates": [ 364470.413555114879273, 6872945.03957761451602 ] } },
{ "type": "Feature", "properties": { "fid": 79485188, "COD_MUN": 4314100, "COD_ESPECI": 1, "NV_GEO_COO": 1, "UF": "RS" }, "geometry": { "type": "Point", "coordinates": [ 364481.372742842300795, 6872930.426781047135592 ] } },
{ "type": "Feature", "properties": { "fid": 79485189, "COD_MUN": 4314100, "COD_ESPECI": 1, "NV_GEO_COO": 1, "UF": "RS" }, "geometry": { "type": "Point", "coordinates": [ 364481.486025813268498, 6872929.098334194160998 ] } },
{ "type": "Feature", "properties": { "fid": 79485190, "COD_MUN": 4314100, "COD_ESPECI": 1, "NV_GEO_COO": 1, "UF": "RS" }, "geometry": { "type": "Point", "coordinates": [ 364482.605604603479151, 6872925.565145173110068 ] } },
{ "type": "Feature", "properties": { "fid": 79485191, "COD_MUN": 4314100, "COD_ESPECI": 1, "NV_GEO_COO": 1, "UF": "RS" }, "geometry": { "type": "Point", "coordinates": [ 364483.935299029690214, 6872920.815426744520664 ] } },
{ "type": "Feature", "properties": { "fid": 79485192, "COD_MUN": 4314100, "COD_ESPECI": 6, "NV_GEO_COO": 1, "UF": "RS" }, "geometry": { "type": "Point", "coordinates": [ 364493.240687851444818, 6872904.96480511687696 ] } },
{ "type": "Feature", "properties": { "fid": 79485193, "COD_MUN": 4314100, "COD_ESPECI": 1, "NV_GEO_COO": 1, "UF": "RS" }, "geometry": { "type": "Point", "coordinates": [ 364496.252559398999438, 6872890.372052410617471 ] } },
{ "type": "Feature", "properties": { "fid": 79485197, "COD_MUN": 4314100, "COD_ESPECI": 6, "NV_GEO_COO": 1, "UF": "RS" }, "geometry": { "type": "Point", "coordinates": [ 364448.295132895815186, 6872991.771110687404871 ] } },
{ "type": "Feature", "properties": { "fid": 79485198, "COD_MUN": 4314100, "COD_ESPECI": 1, "NV_GEO_COO": 1, "UF": "RS" }, "geometry": { "type": "Point", "coordinates": [ 364488.33962612162577, 6872921.752217493951321 ] } },
{ "type": "Feature", "properties": { "fid": 79485199, "COD_MUN": 4314100, "COD_ESPECI": 1, "NV_GEO_COO": 1, "UF": "RS" }, "geometry": { "type": "Point", "coordinates": [ 364483.901135509600863, 6872923.806952888146043 ] } },
{ "type": "Feature", "properties": { "fid": 79485200, "COD_MUN": 4314100, "COD_ESPECI": 1, "NV_GEO_COO": 1, "UF": "RS" }, "geometry": { "type": "Point", "coordinates": [ 364464.969409418466967, 6872957.831557460129261 ] } },
{ "type": "Feature", "properties": { "fid": 79485201, "COD_MUN": 4314100, "COD_ESPECI": 1, "NV_GEO_COO": 1, "UF": "RS" }, "geometry": { "type": "Point", "coordinates": [ 364400.556710695615038, 6873013.831303615123034 ] } },
{ "type": "Feature", "properties": { "fid": 79485202, "COD_MUN": 4314100, "COD_ESPECI": 1, "NV_GEO_COO": 1, "UF": "RS" }, "geometry": { "type": "Point", "coordinates": [ 364397.890294551965781, 6873015.352199289947748 ] } },
{ "type": "Feature", "properties": { "fid": 79485203, "COD_MUN": 4314100, "COD_ESPECI": 1, "NV_GEO_COO": 1, "UF": "RS" }, "geometry": { "type": "Point", "coordinates": [ 364395.604881644481793, 6873017.87475385889411 ] } },
{ "type": "Feature", "properties": { "fid": 79485207, "COD_MUN": 4314100, "COD_ESPECI": 1, "NV_GEO_COO": 1, "UF": "RS" }, "geometry": { "type": "Point", "coordinates": [ 364137.963557146606036, 6873300.489977583289146 ] } },
{ "type": "Feature", "properties": { "fid": 79485208, "COD_MUN": 4314100, "COD_ESPECI": 1, "NV_GEO_COO": 1, "UF": "RS" }, "geometry": { "type": "Point", "coordinates": [ 364137.963557146606036, 6873300.489977583289146 ] } },
{ "type": "Feature", "properties": { "fid": 79485209, "COD_MUN": 4314100, "COD_ESPECI": 1, "NV_GEO_COO": 1, "UF": "RS" }, "geometry": { "type": "Point", "coordinates": [ 364150.163731671869755, 6873297.526903282850981 ] } },
{ "type": "Feature", "properties": { "fid": 79485210, "COD_MUN": 4314100, "COD_ESPECI": 1, "NV_GEO_COO": 1, "UF": "RS" }, "geometry": { "type": "Point", "coordinates": [ 364160.67333754937863, 6873296.539079707115889 ] } },
{ "type": "Feature", "properties": { "fid": 79485215, "COD_MUN": 4314100, "COD_ESPECI": 1, "NV_GEO_COO": 1, "UF": "RS" }, "geometry": { "type": "Point", "coordinates": [ 364150.036459772614762, 6873300.074118230491877 ] } },
{ "type": "Feature", "properties": { "fid": 79485219, "COD_MUN": 4314100, "COD_ESPECI": 1, "NV_GEO_COO": 1, "UF": "RS" }, "geometry": { "type": "Point", "coordinates": [ 364140.553143010474741, 6873314.260287508368492 ] } },
{ "type": "Feature", "properties": { "fid": 79485220, "COD_MUN": 4314100, "COD_ESPECI": 1, "NV_GEO_COO": 1, "UF": "RS" }, "geometry": { "type": "Point", "coordinates": [ 364140.553143010474741, 6873314.260287508368492 ] } },
{ "type": "Feature", "properties": { "fid": 79485221, "COD_MUN": 4314100, "COD_ESPECI": 1, "NV_GEO_COO": 1, "UF": "RS" }, "geometry": { "type": "Point", "coordinates": [ 364140.553143010474741, 6873314.260287508368492 ] } },
{ "type": "Feature", "properties": { "fid": 79485222, "COD_MUN": 4314100, "COD_ESPECI": 1, "NV_GEO_COO": 1, "UF": "RS" }, "geometry": { "type": "Point", "coordinates": [ 364148.20676278998144, 6873297.061255222186446 ] } },
{ "type": "Feature", "properties": { "fid": 79485223, "COD_MUN": 4314100, "COD_ESPECI": 1, "NV_GEO_COO": 1, "UF": "RS" }, "geometry": { "type": "Point", "coordinates": [ 364148.20676278998144, 6873297.061255222186446 ] } },
{ "type": "Feature", "properties": { "fid": 79485235, "COD_MUN": 4314100, "COD_ESPECI": 1, "NV_GEO_COO": 1, "UF": "RS" }, "geometry": { "type": "Point", "coordinates": [ 364324.679760594153777, 6873128.5407097581774 ] } },
{ "type": "Feature", "properties": { "fid": 79485249, "COD_MUN": 4314100, "COD_ESPECI": 1, "NV_GEO_COO": 1, "UF": "RS" }, "geometry": { "type": "Point", "coordinates": [ 364367.097303076589014, 6873108.525405734777451 ] } },
{ "type": "Feature", "properties": { "fid": 79485250, "COD_MUN": 4314100, "COD_ESPECI": 1, "NV_GEO_COO": 1, "UF": "RS" }, "geometry": { "type": "Point", "coordinates": [ 364360.333436530316249, 6873108.00485167466104 ] } },
{ "type": "Feature", "properties": { "fid": 79485251, "COD_MUN": 4314100, "COD_ESPECI": 1, "NV_GEO_COO": 1, "UF": "RS" }, "geometry": { "type": "Point", "coordinates": [ 364353.711996370460838, 6873103.60751049593091 ] } },
{ "type": "Feature", "properties": { "fid": 79485252, "COD_MUN": 4314100, "COD_ESPECI": 1, "NV_GEO_COO": 1, "UF": "RS" }, "geometry": { "type": "Point", "coordinates": [ 364360.333436530316249, 6873108.00485167466104 ] } },
{ "type": "Feature", "properties": { "fid": 79485253, "COD_MUN": 4314100, "COD_ESPECI": 1, "NV_GEO_COO": 1, "UF": "RS" }, "geometry": { "type": "Point", "coordinates": [ 364346.908291854662821, 6873097.9891526279971 ] } },
{ "type": "Feature", "properties": { "fid": 79485254, "COD_MUN": 4314100, "COD_ESPECI": 1, "NV_GEO_COO": 1, "UF": "RS" }, "geometry": { "type": "Point", "coordinates": [ 364343.915308469266165, 6873093.744093121960759 ] } },
{ "type": "Feature", "properties": { "fid": 79485255, "COD_MUN": 4314100, "COD_ESPECI": 1, "NV_GEO_COO": 1, "UF": "RS" }, "geometry": { "type": "Point", "coordinates": [ 364317.65861725632567, 6873090.452002082020044 ] } },
{ "type": "Feature", "properties": { "fid": 79485256, "COD_MUN": 4314100, "COD_ESPECI": 1, "NV_GEO_COO": 1, "UF": "RS" }, "geometry": { "type": "Point", "coordinates": [ 364317.65861725632567, 6873090.452002082020044 ] } },
{ "type": "Feature", "properties": { "fid": 79485257, "COD_MUN": 4314100, "COD_ESPECI": 1, "NV_GEO_COO": 1, "UF": "RS" }, "geometry": { "type": "Point", "coordinates": [ 364311.234831177513115, 6873068.770259039476514 ] } },
{ "type": "Feature", "properties": { "fid": 79485258, "COD_MUN": 4314100, "COD_ESPECI": 1, "NV_GEO_COO": 1, "UF": "RS" }, "geometry": { "type": "Point", "coordinates": [ 364295.846317979507148, 6873076.018685943447053 ] } },
{ "type": "Feature", "properties": { "fid": 79485259, "COD_MUN": 4314100, "COD_ESPECI": 1, "NV_GEO_COO": 1, "UF": "RS" }, "geometry": { "type": "Point", "coordinates": [ 364295.846317979507148, 6873076.018685943447053 ] } },
{ "type": "Feature", "properties": { "fid": 79485260, "COD_MUN": 4314100, "COD_ESPECI": 1, "NV_GEO_COO": 1, "UF": "RS" }, "geometry": { "type": "Point", "coordinates": [ 364278.12544924399117, 6873089.889126740396023 ] } },
{ "type": "Feature", "properties": { "fid": 79485261, "COD_MUN": 4314100, "COD_ESPECI": 1, "NV_GEO_COO": 1, "UF": "RS" }, "geometry": { "type": "Point", "coordinates": [ 364325.283278861781582, 6873084.333716433495283 ] } },
{ "type": "Feature", "properties": { "fid": 79485262, "COD_MUN": 4314100, "COD_ESPECI": 1, "NV_GEO_COO": 1, "UF": "RS" }, "geometry": { "type": "Point", "coordinates": [ 364323.488338952767663, 6873086.861865798011422 ] } },
{ "type": "Feature", "properties": { "fid": 79485263, "COD_MUN": 4314100, "COD_ESPECI": 1, "NV_GEO_COO": 1, "UF": "RS" }, "geometry": { "type": "Point", "coordinates": [ 364306.973282389342785, 6873089.664957147091627 ] } },
{ "type": "Feature", "properties": { "fid": 79485264, "COD_MUN": 4314100, "COD_ESPECI": 6, "NV_GEO_COO": 1, "UF": "RS" }, "geometry": { "type": "Point", "coordinates": [ 364331.347762766992673, 6873085.954413365572691 ] } },
{ "type": "Feature", "properties": { "fid": 79485270, "COD_MUN": 4314100, "COD_ESPECI": 1, "NV_GEO_COO": 1, "UF": "RS" }, "geometry": { "type": "Point", "coordinates": [ 364353.742975350760389, 6873109.480887271463871 ] } },
{ "type": "Feature", "properties": { "fid": 79489469, "COD_MUN": 4314100, "COD_ESPECI": 1, "NV_GEO_COO": 1, "UF": "RS" }, "geometry": { "type": "Point", "coordinates": [ 359224.53179749310948, 6873636.726720469072461 ] } },
{ "type": "Feature", "properties": { "fid": 79489470, "COD_MUN": 4314100, "COD_ESPECI": 1, "NV_GEO_COO": 1, "UF": "RS" }, "geometry": { "type": "Point", "coordinates": [ 359200.0428076867247, 6873641.53370812907815 ] } },
{ "type": "Feature", "properties": { "fid": 79489471, "COD_MUN": 4314100, "COD_ESPECI": 1, "NV_GEO_COO": 1, "UF": "RS" }, "geometry": { "type": "Point", "coordinates": [ 359200.364727622130886, 6873639.210429226048291 ] } },
{ "type": "Feature", "properties": { "fid": 79489504, "COD_MUN": 4314100, "COD_ESPECI": 1, "NV_GEO_COO": 1, "UF": "RS" }, "geometry": { "type": "Point", "coordinates": [ 359081.135298021777999, 6873714.700600290670991 ] } },
{ "type": "Feature", "properties": { "fid": 79489506, "COD_MUN": 4314100, "COD_ESPECI": 1, "NV_GEO_COO": 1, "UF": "RS" }, "geometry": { "type": "Point", "coordinates": [ 359097.006066607078537, 6873700.261527201160789 ] } },
{ "type": "Feature", "properties": { "fid": 79489864, "COD_MUN": 4314100, "COD_ESPECI": 1, "NV_GEO_COO": 1, "UF": "RS" }, "geometry": { "type": "Point", "coordinates": [ 358696.762342664180323, 6873527.841492725536227 ] } },
{ "type": "Feature", "properties": { "fid": 79489865, "COD_MUN": 4314100, "COD_ESPECI": 1, "NV_GEO_COO": 1, "UF": "RS" }, "geometry": { "type": "Point", "coordinates": [ 358711.835336222895421, 6873514.501565660350025 ] } },
{ "type": "Feature", "properties": { "fid": 79489866, "COD_MUN": 4314100, "COD_ESPECI": 1, "NV_GEO_COO": 1, "UF": "RS" }, "geometry": { "type": "Point", "coordinates": [ 358704.218202477553859, 6873503.218633363954723 ] } },
{ "type": "Feature", "properties": { "fid": 79489867, "COD_MUN": 4314100, "COD_ESPECI": 1, "NV_GEO_COO": 1, "UF": "RS" }, "geometry": { "type": "Point", "coordinates": [ 358704.486958247725852, 6873497.127038843929768 ] } },
{ "type": "Feature", "properties": { "fid": 79489868, "COD_MUN": 4314100, "COD_ESPECI": 1, "NV_GEO_COO": 1, "UF": "RS" }, "geometry": { "type": "Point", "coordinates": [ 358709.423891734448262, 6873494.526262663304806 ] } },
{ "type": "Feature", "properties": { "fid": 79489869, "COD_MUN": 4314100, "COD_ESPECI": 1, "NV_GEO_COO": 1, "UF": "RS" }, "geometry": { "type": "Point", "coordinates": [ 358721.66466545953881, 6873496.55581571906805 ] } },
{ "type": "Feature", "properties": { "fid": 79489870, "COD_MUN": 4314100, "COD_ESPECI": 1, "NV_GEO_COO": 1, "UF": "RS" }, "geometry": { "type": "Point", "coordinates": [ 358699.730234927730635, 6873476.348111897706985 ] } },
{ "type": "Feature", "properties": { "fid": 79489871, "COD_MUN": 4314100, "COD_ESPECI": 1, "NV_GEO_COO": 1, "UF": "RS" }, "geometry": { "type": "Point", "coordinates": [ 358700.000808351265732, 6873478.345992963761091 ] } },
{ "type": "Feature", "properties": { "fid": 79489872, "COD_MUN": 4314100, "COD_ESPECI": 1, "NV_GEO_COO": 1, "UF": "RS" }, "geometry": { "type": "Point", "coordinates": [ 358693.469956407207064, 6873474.722180085256696 ] } },
{ "type": "Feature", "properties": { "fid": 79489873, "COD_MUN": 4314100, "COD_ESPECI": 1, "NV_GEO_COO": 1, "UF": "RS" }, "geometry": { "type": "Point", "coordinates": [ 358691.648995114432182, 6873462.843354946933687 ] } },
{ "type": "Feature", "properties": { "fid": 79489906, "COD_MUN": 4314100, "COD_ESPECI": 1, "NV_GEO_COO": 1, "UF": "RS" }, "geometry": { "type": "Point", "coordinates": [ 358735.322714864043519, 6873478.433999544009566 ] } },
{ "type": "Feature", "properties": { "fid": 79489915, "COD_MUN": 4314100, "COD_ESPECI": 1, "NV_GEO_COO": 1, "UF": "RS" }, "geometry": { "type": "Point", "coordinates": [ 358679.886557874619029, 6873478.328147439286113 ] } },
{ "type": "Feature", "properties": { "fid": 79489916, "COD_MUN": 4314100, "COD_ESPECI": 1, "NV_GEO_COO": 1, "UF": "RS" }, "geometry": { "type": "Point", "coordinates": [ 358682.361620137351565, 6873476.473771018907428 ] } },
{ "type": "Feature", "properties": { "fid": 79489917, "COD_MUN": 4314100, "COD_ESPECI": 1, "NV_GEO_COO": 1, "UF": "RS" }, "geometry": { "type": "Point", "coordinates": [ 358683.218321175256278, 6873503.411881675943732 ] } },
{ "type": "Feature", "properties": { "fid": 79489918, "COD_MUN": 4314100, "COD_ESPECI": 1, "NV_GEO_COO": 1, "UF": "RS" }, "geometry": { "type": "Point", "coordinates": [ 358687.05729072005488, 6873518.860795801505446 ] } },
{ "type": "Feature", "properties": { "fid": 79493458, "COD_MUN": 4314100, "COD_ESPECI": 1, "NV_GEO_COO": 1, "UF": "RS" }, "geometry": { "type": "Point", "coordinates": [ 359848.851101842185017, 6868765.851177907548845 ] } },
{ "type": "Feature", "properties": { "fid": 79493504, "COD_MUN": 4314100, "COD_ESPECI": 1, "NV_GEO_COO": 1, "UF": "RS" }, "geometry": { "type": "Point", "coordinates": [ 359864.663323973189108, 6868764.043549275957048 ] } },
{ "type": "Feature", "properties": { "fid": 79493505, "COD_MUN": 4314100, "COD_ESPECI": 1, "NV_GEO_COO": 1, "UF": "RS" }, "geometry": { "type": "Point", "coordinates": [ 359865.24123611417599, 6868764.936901335604489 ] } }
]
}
