{
"type": "FeatureCollection",
"name": "Áreas de Enchente 2024",
"crs": { "type": "name", "properties": { "name": "urn:ogc:def:crs:EPSG::31982" } },
"features": [
{ "type": "Feature", "properties": { "versao": "ADA 03/09/2024", "nm_mun": "Passo Fundo", "corede": "Produção", "regiao_fun": 9, "st_dec_576": "Emergência", "cd_mun": 4314100, "mun_nm": "PASSO FUNDO", "Shape_Leng": 1.11138628987, "Shape_Area": 0.00045157892 }, "geometry": { "type": "MultiPolygon", "coordinates": [ [ [ [ 360008.747224297025241, 6857315.87175144162029 ], [ 359953.853880192385986, 6857367.836901556700468 ], [ 359949.573139619198628, 6857381.749488858506083 ], [ 359943.153413027641363, 6857391.184637364000082 ], [ 359940.910104624636006, 6857403.047261769883335 ], [ 359936.649190611555241, 6857407.752466813661158 ], [ 359927.957984980777837, 6857431.427792968228459 ], [ 359917.305411420937162, 6857443.190789425745606 ], [ 359908.698841629025992, 6857459.733421115204692 ], [ 359904.466030334704556, 6857462.061053758487105 ], [ 359904.451913762604818, 6857463.249834065325558 ], [ 359878.843619284278248, 6857495.046866002492607 ], [ 359865.97588181955507, 6857516.294763473793864 ], [ 359864.405278878170066, 6857521.399145413190126 ], [ 359883.893165969289839, 6857700.080046605318785 ], [ 359820.979569381626789, 6857764.175789151340723 ], [ 359820.766882069117855, 6857782.077959548681974 ], [ 359818.523400622420013, 6857793.940562615171075 ], [ 359809.803371651680209, 6857819.993480685167015 ], [ 359806.801185432530474, 6857823.308451582677662 ], [ 359855.411256364081055, 6857932.038136711344123 ], [ 359757.964065876440145, 6857935.805483103729784 ], [ 359757.623946033767425, 6857964.42284906283021 ], [ 359761.63081558200065, 6857981.115518557839096 ], [ 359761.574304137611762, 6857985.870527489110827 ], [ 359767.669447802123614, 6858003.77695950679481 ], [ 359767.627066728193313, 6858007.343188352882862 ], [ 359769.672946774517186, 6858012.123181611299515 ], [ 359782.117573243798688, 6858026.538214977830648 ], [ 359783.519134572590701, 6858026.554869202896953 ], [ 359800.897559464268852, 6858038.650721361860633 ], [ 359891.035247701220214, 6858071.675158331170678 ], [ 359879.884955238667317, 6858148.53763679228723 ], [ 359782.825877468450926, 6858147.714450334198773 ], [ 359780.620278464979492, 6858152.546981178224087 ], [ 359774.228381380846258, 6858159.604603476822376 ], [ 359774.08712314843433, 6858171.492288891226053 ], [ 359765.508035185746849, 6858185.657491281628609 ], [ 359765.451529665442649, 6858190.412498936057091 ], [ 359746.577577307471074, 6858221.575903540477157 ], [ 359744.032119513489306, 6858223.447922695428133 ], [ 359739.742492245743051, 6858230.530624913051724 ], [ 359701.560199364786968, 6858258.61094425432384 ], [ 359676.331395361281466, 6858258.310985392890871 ], [ 359672.098257750738412, 6858260.638545775786042 ], [ 359667.893488700792659, 6858260.588546298444271 ], [ 359657.268322693416849, 6858269.973666973412037 ], [ 359650.932938486745115, 6858272.276108893565834 ], [ 359644.540900020278059, 6858279.33366565592587 ], [ 359638.233686838531867, 6858279.258650973439217 ], [ 359593.687083322671242, 6858312.018847938627005 ], [ 359573.087402203818783, 6858276.105852091684937 ], [ 359560.557856196537614, 6858268.823173142038286 ], [ 359522.714500383124687, 6858268.372762555256486 ], [ 359504.047712539555505, 6858246.749801076948643 ], [ 359503.627186899655499, 6858246.74479460529983 ], [ 359483.221849151828792, 6858229.856782533228397 ], [ 359464.385217823204584, 6858222.498894652351737 ], [ 359405.518105144728906, 6858221.797715643420815 ], [ 359403.387448595429305, 6858224.150230115279555 ], [ 359393.926616140117403, 6858224.037511073052883 ], [ 359339.873230211785994, 6858247.716349415481091 ], [ 359319.781595663051121, 6858175.530710247345269 ], [ 359303.209316280204803, 6858161.131784418597817 ], [ 359296.93060492107179, 6858158.679023829288781 ], [ 359290.680046866298653, 6858153.848916964605451 ], [ 359286.475212331162766, 6858153.798778838478029 ], [ 359282.298924857459497, 6858151.371079403907061 ], [ 359275.991674173972569, 6858151.295867117121816 ], [ 359265.564849190181121, 6858144.03782139159739 ], [ 359261.360115761926863, 6858143.987675340846181 ], [ 359246.728474169736728, 6858136.679685048758984 ], [ 359240.421328542579431, 6858136.604454593732953 ], [ 359234.170904912229162, 6858131.774095815606415 ], [ 359231.017382272752002, 6858131.736478183418512 ], [ 359215.334568185557146, 6858124.415796860121191 ], [ 359209.027428426081315, 6858124.340549353510141 ], [ 359204.851066938892473, 6858121.912930985912681 ], [ 359196.441516051068902, 6858121.812592294067144 ], [ 359183.883981066290289, 6858116.906947964802384 ], [ 359167.064885031431913, 6858116.706234401091933 ], [ 359124.30020016815979, 6858132.246348071843386 ], [ 359095.782783995440695, 6858099.21021630987525 ], [ 359089.503947685472667, 6858096.757339745759964 ], [ 359087.43002680351492, 6858094.354783128015697 ], [ 359076.946475779637694, 6858091.851800194941461 ], [ 359062.144631375791505, 6858098.808511946350336 ], [ 359019.727978327893652, 6858129.214136086404324 ], [ 359013.278708762256429, 6858141.026380144059658 ], [ 359011.005859374883585, 6858155.266422547399998 ], [ 358991.955802701762877, 6858193.585375025868416 ], [ 358987.69811393681448, 6858216.088786065578461 ], [ 358938.530083979363553, 6858237.625712018460035 ], [ 358925.915671174298041, 6858237.47492266818881 ], [ 358908.116836264496669, 6858252.208645003847778 ], [ 358904.436804986209609, 6858275.264047151431441 ], [ 358944.464849963900633, 6858321.635376303456724 ], [ 358886.736277625779621, 6858348.76632047444582 ], [ 358886.304377503111027, 6858349.712184733711183 ], [ 358859.120416821329854, 6858372.214790761470795 ], [ 358854.915596133447252, 6858372.164503206498921 ], [ 358831.480601675692014, 6858417.19570280611515 ], [ 358785.30792441254016, 6858390.35460726544261 ], [ 358779.00063305569347, 6858390.279135730117559 ], [ 358772.750241526111495, 6858385.448753624223173 ], [ 358741.213697504019365, 6858385.07132694683969 ], [ 358739.139791102439631, 6858382.668598415330052 ], [ 358734.93486695131287, 6858382.618267086334527 ], [ 358730.786960390454624, 6858377.812806095927954 ], [ 358720.27484990330413, 6858377.686969691887498 ], [ 358716.126851591630839, 6858372.881612830795348 ], [ 358701.409823855268769, 6858372.705419764854014 ], [ 358699.278996355133131, 6858375.057702735997736 ], [ 358690.812314438284375, 6858379.712140940129757 ], [ 358688.681384246214293, 6858382.064531743526459 ], [ 358649.223055289825425, 6858411.077463053166866 ], [ 358619.358261819346808, 6858376.478459725156426 ], [ 358613.079359835246578, 6858374.025332635268569 ], [ 358597.87056637002388, 6858356.405542224645615 ], [ 358575.292521710740402, 6858368.816987531259656 ], [ 358566.854480738576967, 6858371.093664573505521 ], [ 358562.62106572301127, 6858373.420726555399597 ], [ 358557.807645155233331, 6858389.057138198055327 ], [ 358556.114315015845932, 6858389.987984611652792 ], [ 358536.935942402051296, 6858411.158951598219573 ], [ 358534.747979618958198, 6858418.266225831583142 ], [ 358530.429138904728461, 6858427.726086203940213 ], [ 358526.138794791710097, 6858434.808157867752016 ], [ 358523.979321463033557, 6858439.537975432351232 ], [ 358523.912820425699465, 6858445.085554842837155 ], [ 358513.210626496060286, 6858460.809716215357184 ], [ 358508.920160360517912, 6858467.892002657055855 ], [ 358506.732172162388451, 6858474.999272298067808 ], [ 358504.601285562268458, 6858477.351632965728641 ], [ 358504.544276913336944, 6858482.10676434636116 ], [ 358502.356282636290416, 6858489.214144054800272 ], [ 358502.242265447508544, 6858498.724295902065933 ], [ 358495.806734398240224, 6858509.347500531002879 ], [ 358495.735471359221265, 6858515.291303838603199 ], [ 358489.25696991966106, 6858529.480851402506232 ], [ 358488.25925739784725, 6858612.694314556196332 ], [ 358490.276245101355016, 6858619.852218758314848 ], [ 358490.133719520759769, 6858631.739823823794723 ], [ 358492.12220990343485, 6858641.275071019306779 ], [ 358494.139205928309821, 6858648.432973997667432 ], [ 358496.184612148033921, 6858653.213199270889163 ], [ 358498.258621806977317, 6858655.615860073827207 ], [ 358500.304029762046412, 6858660.396195268258452 ], [ 358504.480553957284428, 6858662.824171269312501 ], [ 358525.220323457906488, 6858686.851404852233827 ], [ 358525.077835347969085, 6858698.739118682220578 ], [ 358531.342553665628657, 6858702.380955647677183 ], [ 358530.72989200084703, 6858753.497822945937514 ], [ 358532.746936016308609, 6858760.655605720356107 ], [ 358532.575965265335981, 6858774.920772060751915 ], [ 358536.610067230532877, 6858789.2363356705755 ], [ 358548.22075123625109, 6858816.369888335466385 ], [ 358544.325232455623336, 6858791.706703536212444 ], [ 358660.629242292256095, 6858793.0999287776649 ], [ 358658.892867070448119, 6858928.487269068136811 ], [ 358665.228718896047212, 6858935.827053717337549 ], [ 358675.456782146298792, 6858959.728220222517848 ], [ 358681.67889315856155, 6858966.936312176287174 ], [ 358689.889930523233488, 6858983.679714309051633 ], [ 358696.026684185839258, 6858998.020375796593726 ], [ 358695.969765176763758, 6859002.775390991941094 ], [ 358702.02163531864062, 6859024.250072430819273 ], [ 358701.925992909702472, 6859035.842897211201489 ], [ 358757.093171963118948, 6858993.93577771820128 ], [ 358761.347665673762094, 6858986.912703800946474 ], [ 358762.806238499120809, 6858982.174460085108876 ], [ 358774.247329932579305, 6858963.288342349231243 ], [ 358778.509249060880393, 6858958.583635513670743 ], [ 358778.566135770117398, 6858953.828621016815305 ], [ 358787.203827232588083, 6858934.909064477309585 ], [ 358787.289154823170975, 6858927.776376460678875 ], [ 358785.243578652851284, 6858922.996210126206279 ], [ 358721.186162930447608, 6858847.370954871177673 ], [ 358730.271623012726195, 6858823.457634602673352 ], [ 358790.63786350900773, 6858823.633740549907088 ], [ 358791.738220121886116, 6858731.655687123537064 ], [ 358806.555135846429039, 6858723.510276827029884 ], [ 358815.192735020653345, 6858704.590704008936882 ], [ 358817.323495510732755, 6858702.238398471847177 ], [ 358819.482889662613161, 6858697.508531732484698 ], [ 358821.613845360931009, 6858695.156117030419409 ], [ 358821.670721685979515, 6858690.40099064540118 ], [ 358823.830112199881114, 6858685.671123199164867 ], [ 358824.05761124251876, 6858666.650949757546186 ], [ 358821.983537588152103, 6858664.24823822081089 ], [ 358817.892366792599205, 6858654.687910050153732 ], [ 358813.753498422680423, 6858647.411605393514037 ], [ 358807.522121023037471, 6858642.674453968182206 ], [ 358803.345644281362183, 6858640.246699336916208 ], [ 358799.14072726177983, 6858640.196395836770535 ], [ 358792.86174720863346, 6858637.743373665958643 ], [ 358771.836969423689879, 6858637.491819968447089 ], [ 358706.68378063570708, 6858599.617265031673014 ], [ 358733.028190264245495, 6858541.91264439933002 ], [ 358756.46817289700266, 6858516.036561988294125 ], [ 358762.775629948475398, 6858516.112043974921107 ], [ 358771.299272946896963, 6858506.702645663172007 ], [ 358862.315887051227037, 6858456.667261883616447 ], [ 358861.391855734051205, 6858533.936858613044024 ], [ 358869.631132167647593, 6858548.302582662552595 ], [ 358886.223352879518643, 6858567.523977938108146 ], [ 358886.2390774092637, 6858567.561178693547845 ], [ 358898.838120258529671, 6858567.674795218743384 ], [ 358926.340655940817669, 6858553.736363813281059 ], [ 358930.602473741048016, 6858549.031498460099101 ], [ 358930.68772577191703, 6858541.898920256644487 ], [ 358928.613654977176338, 6858539.496227047406137 ], [ 358928.670490209071431, 6858534.741211764514446 ], [ 358899.690835866844282, 6858496.348895650357008 ], [ 358900.287746456393506, 6858446.420839754864573 ], [ 358906.822549332282506, 6858427.476071046665311 ], [ 358907.035726112429984, 6858409.644566217437387 ], [ 358913.470826848060824, 6858399.021153440698981 ], [ 358913.584516944072675, 6858389.511010009795427 ], [ 358915.715400099987164, 6858387.158691216260195 ], [ 358915.772245120955631, 6858382.403564061969519 ], [ 358930.773465281527024, 6858358.804297177121043 ], [ 358937.165992042166181, 6858351.746997658163309 ], [ 358941.484472564014141, 6858342.287223649211228 ], [ 358945.74621322110761, 6858337.582354894839227 ], [ 358954.326316614984535, 6858323.417705297470093 ], [ 358992.354917007614858, 6858253.766118209809065 ], [ 359032.541772164986469, 6858288.684254867956042 ], [ 359057.657119290903211, 6858298.495728876441717 ], [ 359061.748337573953904, 6858308.05597553960979 ], [ 359080.556599914620165, 6858317.792073717340827 ], [ 359084.704620931996033, 6858322.597296426072717 ], [ 359105.72881476173643, 6858322.848315745592117 ], [ 359116.26924506528303, 6858320.596248170360923 ], [ 359122.63335020194063, 6858315.916638588532805 ], [ 359137.378566148807295, 6858313.714745538309216 ], [ 359147.975732644321397, 6858306.707636160776019 ], [ 359161.527709305111784, 6858303.812166932970285 ], [ 359173.346542687504552, 6858295.121019659563899 ], [ 359201.771681633545086, 6858291.893443962559104 ], [ 359204.967795288190246, 6858288.364724395796657 ], [ 359251.22082755115116, 6858288.916451040655375 ], [ 359255.39735566067975, 6858291.344161635264754 ], [ 359324.776760466396809, 6858292.171384586021304 ], [ 359356.454565475636628, 6858280.659675711765885 ], [ 359361.852233713958412, 6858268.834617737680674 ], [ 359402.849267664423678, 6858269.323116399347782 ], [ 359423.759961336036213, 6858279.083704572170973 ], [ 359455.013002787716687, 6858303.234593398869038 ], [ 359454.843117344658822, 6858317.499735752120614 ], [ 359461.065318353590555, 6858324.707417427562177 ], [ 359461.008693131094333, 6858329.462427770718932 ], [ 359465.156962957233191, 6858334.267622206360102 ], [ 359473.368389194947667, 6858351.010352771729231 ], [ 359479.590815938718151, 6858358.218025518581271 ], [ 359481.636552733252756, 6858362.998178407549858 ], [ 359494.081241192878224, 6858377.41350803989917 ], [ 359508.685024580627214, 6858387.098731134086847 ], [ 359512.804934579005931, 6858394.28146574087441 ], [ 359523.232133580138907, 6858401.53905388712883 ], [ 359535.676914164680056, 6858415.954335215501487 ], [ 359544.030073650530539, 6858420.80954316444695 ], [ 359545.081305137136951, 6858420.822053916752338 ], [ 359560.764609417179599, 6858428.142157949507236 ], [ 359625.940013380604796, 6858428.917541660368443 ], [ 359632.219029141589999, 6858431.370118915103376 ], [ 359659.550769079010934, 6858431.695159254595637 ], [ 359663.78387054806808, 6858429.367600124329329 ], [ 359690.675421036314219, 6858425.891988836228848 ], [ 359699.779535464884248, 6858408.394955387338996 ], [ 359767.623364028637297, 6858378.672637080773711 ], [ 359785.922506926348433, 6858414.174381588585675 ], [ 359790.099182252131868, 6858416.601785527542233 ], [ 359808.766855344176292, 6858438.224369565024972 ], [ 359812.971685643307865, 6858438.274316255934536 ], [ 359821.26848892995622, 6858447.884217219427228 ], [ 359825.473322489880957, 6858447.934159314259887 ], [ 359833.798376953811385, 6858455.166714267805219 ], [ 359846.384749781747814, 6858457.693970643915236 ], [ 359877.921268851030618, 6858458.068434529006481 ], [ 359882.154330955352634, 6858455.740909360349178 ], [ 359885.053421047341544, 6858285.263060410507023 ], [ 359887.559085164335556, 6858284.125361068174243 ], [ 359884.214928366942331, 6858282.181724116206169 ], [ 359842.731630189053249, 6858234.132021687924862 ], [ 359897.41759222233668, 6858173.749702481552958 ], [ 359993.0452732819831, 6858147.935587703250349 ], [ 359968.677920993533917, 6858252.272192597389221 ], [ 359964.388426053104922, 6858259.35474952403456 ], [ 359950.112396477838047, 6858320.481290520168841 ], [ 359941.509429565630853, 6858315.481343122199178 ], [ 359973.800208290107548, 6858352.202900933101773 ], [ 359982.209900716668926, 6858352.302678861655295 ], [ 360103.48501218110323, 6858232.470226649194956 ], [ 360088.042323200963438, 6858187.107988005504012 ], [ 360192.320663718739524, 6858188.343856377527118 ], [ 360194.479316600132734, 6858183.613649315200746 ], [ 360200.842795456235763, 6858178.933476897887886 ], [ 360203.029706767061725, 6858171.825712852180004 ], [ 360205.024848761386238, 6858155.544098642654717 ], [ 360233.026195338577963, 6858124.623886173591018 ], [ 360235.184916875034105, 6858119.893895164132118 ], [ 360233.138832440425176, 6858115.113880883902311 ], [ 360233.195152421249077, 6858110.35876739770174 ], [ 360227.028846437926404, 6858098.396501267328858 ], [ 360225.011028034845367, 6858091.239040261134505 ], [ 360216.742344131111167, 6858079.251864790916443 ], [ 360212.678371112328023, 6858067.314381495118141 ], [ 360202.335589353286196, 6858052.924733109772205 ], [ 360189.974950575560797, 6858031.377604365348816 ], [ 360183.75239310687175, 6858024.170314782299101 ], [ 360177.61435746459756, 6858009.830571038648486 ], [ 360168.789780188933946, 6858003.01198966614902 ], [ 360154.911163257143926, 6857973.893604142591357 ], [ 360155.784653794253245, 6857900.190422656014562 ], [ 360160.073815755196847, 6857893.107801641337574 ], [ 360160.130169899435714, 6857888.352685967460275 ], [ 360162.288787597382907, 6857883.622595429420471 ], [ 360162.457845566561446, 6857869.357469826005399 ], [ 360164.616557302942965, 6857864.627380078658462 ], [ 360164.870143430656753, 6857843.229580381885171 ], [ 360160.778237689752132, 6857833.6697400752455 ], [ 360160.834592814208008, 6857828.91462405025959 ], [ 360134.303517045744229, 6857774.824089946225286 ], [ 360149.150610806653276, 6857750.306921532377601 ], [ 360149.291512285475619, 6857738.419351411052048 ], [ 360145.312388029647991, 6857719.349268693476915 ], [ 360145.453295021492522, 6857707.46169799938798 ], [ 360141.417726675979793, 6857693.14672848302871 ], [ 360135.223670048755594, 6857683.561955014243722 ], [ 360133.205896966857836, 6857676.404357321560383 ], [ 360127.011758469743654, 6857666.819577550515532 ], [ 360120.733069344831165, 6857664.367359480820596 ], [ 360118.687122379313223, 6857659.587206613272429 ], [ 360106.157947953965049, 6857652.305198797024786 ], [ 360051.85388232965488, 6857601.990388035774231 ], [ 360088.308725481620058, 6857561.734927155077457 ], [ 360088.393309371138457, 6857554.602360179647803 ], [ 360090.551904124091379, 6857549.872282000258565 ], [ 360090.60829227452632, 6857545.117274244315922 ], [ 360094.897479957784526, 6857538.034456819295883 ], [ 360094.953866608557291, 6857533.279449041932821 ], [ 360099.271239674184471, 6857523.819181717932224 ], [ 360099.891485024651047, 6857471.513761827722192 ], [ 360083.455437916796654, 6857418.236557725816965 ], [ 360090.141415500314906, 6857407.195998780429363 ], [ 360090.197809479839634, 6857402.440768556669354 ], [ 360096.701904829533305, 6857385.873085996136069 ], [ 360106.115610882639885, 6857345.561073366552591 ], [ 360137.123709110193886, 6857345.928735048510134 ], [ 360151.923935070110019, 6857338.970621799118817 ], [ 360162.435067827813327, 6857339.095220487564802 ], [ 360175.104825854767114, 6857334.489608149975538 ], [ 360183.513689032988623, 6857334.589270990341902 ], [ 360213.346954445180018, 6857301.652860894799232 ], [ 360169.192564049270004, 6857301.129576072096825 ], [ 360150.188070840202272, 6857308.037868719547987 ], [ 360148.085810568998568, 6857308.012946859002113 ], [ 360120.559482626966201, 6857324.331630228087306 ], [ 360101.639503601822071, 6857324.107278171926737 ], [ 360076.497233606642112, 6857316.67552281357348 ], [ 360066.070722919888794, 6857309.4182771416381 ], [ 360038.741621312103234, 6857309.094072427600622 ], [ 360034.509087463957258, 6857311.421640465036035 ], [ 360028.20240025757812, 6857311.34681314136833 ], [ 360015.532600866165012, 6857315.952269211411476 ], [ 360008.747224297025241, 6857315.87175144162029 ] ] ], [ [ [ 354043.510941357468255, 6888260.496478535234928 ], [ 354040.168592774658464, 6888256.632282866165042 ], [ 354035.982270444335882, 6888254.203229855746031 ], [ 354023.335589658527169, 6888254.04856426268816 ], [ 354014.788185094192158, 6888263.455458558164537 ], [ 354012.622328771802131, 6888268.184463476762176 ], [ 354012.564169861783739, 6888272.939469300210476 ], [ 354010.340053356543649, 6888282.423478459939361 ], [ 354008.203269748948514, 6888284.775201383978128 ], [ 354008.028791792516131, 6888299.039997041225433 ], [ 354005.891906727221794, 6888301.391718439757824 ], [ 354001.559974357893225, 6888310.84994431398809 ], [ 353999.42318422801327, 6888313.201665866188705 ], [ 353995.120420849125367, 6888320.282609587535262 ], [ 353992.983530953060836, 6888322.634218086488545 ], [ 353992.925366777111776, 6888327.389113025739789 ], [ 353988.622496641241014, 6888334.470053450204432 ], [ 353986.398450962384231, 6888343.954059904441237 ], [ 353984.232469730544835, 6888348.683280675671995 ], [ 353982.037503222702071, 6888355.789783552289009 ], [ 353981.954117874382064, 6888362.60607464518398 ], [ 354043.510941357468255, 6888260.496478535234928 ] ] ], [ [ [ 354229.030359954689629, 6888225.094626942649484 ], [ 354266.342183803673834, 6888233.62243040651083 ], [ 354421.963818787422497, 6888237.516991129145026 ], [ 354464.118940765503794, 6888238.031080905348063 ], [ 354466.255720590415876, 6888235.679281651973724 ], [ 354483.117843229090795, 6888235.884873925708234 ], [ 354491.577790491923224, 6888233.610159821808338 ], [ 354504.22433008288499, 6888233.764328923076391 ], [ 354508.468889771436807, 6888231.438216427341104 ], [ 354514.850116476067342, 6888226.760404590517282 ], [ 354521.202359453076497, 6888224.460089486092329 ], [ 354525.446912318700925, 6888222.133971216157079 ], [ 354529.662290024687536, 6888222.185349019244313 ], [ 354531.799053666414693, 6888219.833538657985628 ], [ 354533.964791326492559, 6888215.104338838718832 ], [ 354536.101552905805875, 6888212.75252777710557 ], [ 354536.449258690699935, 6888184.222971663810313 ], [ 354534.37045485782437, 6888181.819782664068043 ], [ 354532.378580071439501, 6888172.284314752556384 ], [ 354530.299779258784838, 6888169.881124882027507 ], [ 354528.279031968209893, 6888162.723046414554119 ], [ 354524.179490867187269, 6888153.161776276305318 ], [ 354517.943105103913695, 6888145.952311147004366 ], [ 354515.893389487289824, 6888141.171730121597648 ], [ 354477.953967214561999, 6888140.709205874241889 ], [ 354471.601856324006803, 6888143.009497869759798 ], [ 354467.357318997732364, 6888145.335596485063434 ], [ 354463.14186926803086, 6888145.284194311127067 ], [ 354458.868435675278306, 6888149.987791774794459 ], [ 354454.623894582269713, 6888152.313775258138776 ], [ 354450.408442195213865, 6888152.262368691153824 ], [ 354448.271771141793579, 6888154.614166058599949 ], [ 354441.919448644330259, 6888156.91455118265003 ], [ 354439.782776416453999, 6888159.266236327588558 ], [ 354431.351768002146855, 6888159.163410231471062 ], [ 354427.107314745837357, 6888161.489496266469359 ], [ 354424.970539119560272, 6888163.841288505122066 ], [ 354420.75508221052587, 6888163.789871638640761 ], [ 354416.510528224869631, 6888166.115842055529356 ], [ 354412.237068451941013, 6888170.81942380964756 ], [ 354342.681439490523189, 6888169.970775914378464 ], [ 354329.976828659477178, 6888174.57132326811552 ], [ 354321.545904336497188, 6888174.468421256169677 ], [ 354310.920137788983993, 6888181.47217807918787 ], [ 354304.538749977131374, 6888186.149882379919291 ], [ 354277.137970590381883, 6888185.81536878272891 ], [ 354275.059411256341264, 6888183.412245616316795 ], [ 354270.843846929376014, 6888183.360774889588356 ], [ 354264.57865909661632, 6888178.528563912957907 ], [ 354254.185009776148945, 6888166.512588981539011 ], [ 354252.135393158358056, 6888161.731958436779678 ], [ 354252.338621524162591, 6888145.089667409658432 ], [ 354256.728265490266494, 6888130.876354707404971 ], [ 354261.030904795450624, 6888123.795436529442668 ], [ 354263.225768748961855, 6888116.68877955339849 ], [ 354267.528203076624777, 6888109.607856888324022 ], [ 354269.72306106070755, 6888102.501198856160045 ], [ 354271.859858631854877, 6888100.149433378130198 ], [ 354274.025683317100629, 6888095.420276501215994 ], [ 354286.846244744840078, 6888081.309893310070038 ], [ 354289.012061786022969, 6888076.58062319457531 ], [ 354295.422228001640178, 6888069.52553537953645 ], [ 354297.588039739697706, 6888064.796263879165053 ], [ 354298.023409564862959, 6888029.134290187619627 ], [ 354294.040105483785737, 6888010.063142014667392 ], [ 354292.019532458623871, 6888002.904904071241617 ], [ 354279.547401131072547, 6887988.485708508640528 ], [ 354271.20359911955893, 6887981.250479037873447 ], [ 354267.01723636360839, 6887978.821502849459648 ], [ 354264.967653373372741, 6887974.040761388838291 ], [ 354258.644417591451202, 6887973.963544629514217 ], [ 354254.45805844856659, 6887971.534674592316151 ], [ 354250.300736399367452, 6887966.728300636634231 ], [ 354246.085248250630684, 6887966.676817876286805 ], [ 354244.006540883798152, 6887964.273573521524668 ], [ 354235.633839408052154, 6887959.415599427185953 ], [ 354191.371923920698464, 6887958.874908961355686 ], [ 354187.127389541477896, 6887961.200908048078418 ], [ 354180.7753058928065, 6887963.501154957339168 ], [ 354178.638512116507627, 6887965.8529042750597 ], [ 354176.44361997640226, 6887972.95943726785481 ], [ 354176.124074182589538, 6887999.111635318025947 ], [ 354178.173727009270806, 6888003.892283617518842 ], [ 354182.331034004921094, 6888008.69879394210875 ], [ 354188.625144443241879, 6888011.153551772236824 ], [ 354192.811605483293533, 6888013.582335149869323 ], [ 354194.890214067185298, 6888015.985587137751281 ], [ 354199.076577087282203, 6888018.414588570594788 ], [ 354205.370793967158534, 6888020.869338380172849 ], [ 354209.557160695781931, 6888023.298335956409574 ], [ 354215.851283835130744, 6888025.753078816458583 ], [ 354220.037655625201296, 6888028.181961743161082 ], [ 354222.116371745185461, 6888030.585099004209042 ], [ 354226.331784609588794, 6888030.63658806309104 ], [ 354230.489120105630718, 6888035.443080223165452 ], [ 354238.891010239603929, 6888037.923554219305515 ], [ 354243.077389349695295, 6888040.352539440616965 ], [ 354249.313559002126567, 6888047.56204779073596 ], [ 354253.499943547241855, 6888049.991029098629951 ], [ 354261.93088021420408, 6888050.093984162434936 ], [ 354261.582500478776637, 6888078.623565124347806 ], [ 354259.416671985178255, 6888083.352830724790692 ], [ 354255.143077782238834, 6888088.056246133521199 ], [ 354248.790944756590761, 6888090.356420380063355 ], [ 354246.654144036816433, 6888092.708181879483163 ], [ 354242.409673931717407, 6888095.034202983602881 ], [ 354236.057434884947725, 6888097.33448029588908 ], [ 354231.783826389932074, 6888102.037887865677476 ], [ 354227.539351257262751, 6888104.36379312351346 ], [ 354210.445165888464544, 6888123.177628749981523 ], [ 354206.200579366181046, 6888125.50363645516336 ], [ 354204.063764018705115, 6888127.855390851385891 ], [ 354197.740543563617393, 6888127.778146518394351 ], [ 354193.467008718696889, 6888132.481431700289249 ], [ 354191.301144243916497, 6888137.210686190985143 ], [ 354190.778339777025394, 6888180.00506029650569 ], [ 354194.877729167114012, 6888189.566456791013479 ], [ 354229.030359954689629, 6888225.094626942649484 ] ] ], [ [ [ 354506.342565485858358, 6888092.228854509070516 ], [ 354477.290706897270866, 6887852.242159788496792 ], [ 354443.647848438180517, 6887834.381482070311904 ], [ 354439.510864903917536, 6887835.879653753712773 ], [ 354435.237525386270136, 6887840.583129527047276 ], [ 354430.84818085830193, 6887854.796499595046043 ], [ 354428.682455695001408, 6887859.525792681612074 ], [ 354426.487730156863108, 6887866.632365429773927 ], [ 354426.429727284703404, 6887871.387368621304631 ], [ 354424.235095552925486, 6887878.4940529987216 ], [ 354424.177093395963311, 6887883.248945348896086 ], [ 354421.953358290542383, 6887892.733129703439772 ], [ 354419.78762500139419, 6887897.462310588918626 ], [ 354419.700617737718858, 6887904.5948152160272 ], [ 354417.563982704537921, 6887906.946495415642858 ], [ 354415.311237369081937, 6887918.808069378137589 ], [ 354413.145495994132943, 6887923.537360010668635 ], [ 354412.246411189436913, 6887997.238795628771186 ], [ 354414.296155935851857, 6888002.019399370998144 ], [ 354414.122144640190527, 6888016.284185278229415 ], [ 354416.200895719463006, 6888018.687287202104926 ], [ 354415.939882766688243, 6888040.084576218388975 ], [ 354420.039295684429817, 6888049.645779496058822 ], [ 354419.720294341561384, 6888075.797847921028733 ], [ 354421.71205621882109, 6888085.333561956882477 ], [ 354421.654057612060569, 6888090.088453099131584 ], [ 354425.782492559810635, 6888097.272262745536864 ], [ 354429.939930852619, 6888102.078569813631475 ], [ 354451.075288339867257, 6888097.580739384517074 ], [ 354506.342565485858358, 6888092.228854509070516 ] ] ], [ [ [ 354364.527514682733454, 6887157.285918281413615 ], [ 354365.107942967268173, 6887109.736499568447471 ], [ 354364.112191578838974, 6887104.968627396970987 ], [ 354360.994338158867322, 6887101.363890191540122 ], [ 354357.861974853673019, 6887098.947904232889414 ], [ 354351.539401416201144, 6887098.870719201862812 ], [ 354350.471095253829844, 6887100.046495690010488 ], [ 354348.348992325365543, 6887101.209517808631063 ], [ 354347.280684285971802, 6887102.385404825210571 ], [ 354340.928985006641597, 6887104.685606677085161 ], [ 354339.304701784742065, 6887108.232563938945532 ], [ 354334.562767708674073, 6887108.174668261781335 ], [ 354333.479943504731636, 6887110.539306337013841 ], [ 354329.235828204429708, 6887112.865345637314022 ], [ 354322.884119484457187, 6887115.165538241155446 ], [ 354320.747496970987413, 6887117.517197109758854 ], [ 354314.366750585031696, 6887122.195000672712922 ], [ 354312.259254419710487, 6887122.169265592470765 ], [ 354309.083346300642006, 6887123.319412747398019 ], [ 354285.900197692913935, 6887123.03628780785948 ], [ 354282.70976728387177, 6887125.375180415809155 ], [ 354278.494675119174644, 6887125.323697545565665 ], [ 354274.265062935184687, 6887126.460965565405786 ], [ 354272.157467493903823, 6887126.435222232714295 ], [ 354268.967033325927332, 6887128.774111310020089 ], [ 354267.884195562452078, 6887131.138633208349347 ], [ 354265.747559020121116, 6887133.4902827674523 ], [ 354263.596497538324911, 6887137.030796359293163 ], [ 354261.430913667776622, 6887141.760061992332339 ], [ 354260.362594627134968, 6887142.935830891132355 ], [ 354259.265232662553899, 6887146.489104482345283 ], [ 354258.196911658451427, 6887147.664984004572034 ], [ 354257.979093102738261, 6887165.496048072353005 ], [ 354259.003851791494526, 6887167.886425606906414 ], [ 354263.160877310903743, 6887172.692813285626471 ], [ 354264.171020157285966, 6887176.271830615587533 ], [ 354265.195781126676593, 6887178.662207493558526 ], [ 354267.288865479757078, 6887179.876703975722194 ], [ 354270.377673988230526, 6887185.858970219269395 ], [ 354271.416957043053117, 6887187.060594155453146 ], [ 354273.481004090630449, 6887190.65259401127696 ], [ 354276.584239905409049, 6887195.446104856207967 ], [ 354277.608906988054514, 6887197.836479231715202 ], [ 354281.79508672200609, 6887200.265356199815869 ], [ 354282.819853521476034, 6887202.655731250531971 ], [ 354287.006034622667357, 6887205.084717055782676 ], [ 354290.12369952746667, 6887208.689470499753952 ], [ 354292.21679164620582, 6887209.903962229378521 ], [ 354294.295366667443886, 6887212.307205754332244 ], [ 354296.388461176829878, 6887213.521585904061794 ], [ 354301.628356033703312, 6887215.963434297591448 ], [ 354305.799930903594941, 6887219.581164045259356 ], [ 354310.000638286408503, 6887220.821389160118997 ], [ 354314.18673413968645, 6887223.250252868980169 ], [ 354320.451414651179221, 6887228.082353606820107 ], [ 354329.891935210442171, 6887231.764407550916076 ], [ 354355.975514578050934, 6887253.483232852071524 ], [ 354366.760170540888794, 6887233.403415528126061 ], [ 354366.818209893826861, 6887228.648518585599959 ], [ 354367.900938240694813, 6887226.283876474946737 ], [ 354368.481337876291946, 6887178.73446230776608 ], [ 354366.417362320236862, 6887175.142591962590814 ], [ 354366.489913637749851, 6887169.198942638933659 ], [ 354364.527514682733454, 6887157.285918281413615 ] ] ], [ [ [ 353874.186337007849943, 6887006.242875389754772 ], [ 353870.145912578329444, 6886991.926310401409864 ], [ 353846.962982686469331, 6886991.642321387305856 ], [ 353842.718803737836424, 6886993.968190280720592 ], [ 353722.588760738959536, 6886992.495843764394522 ], [ 353699.522440148051828, 6886982.701644139364362 ], [ 353695.307291321689263, 6886982.649951815605164 ], [ 353691.150653071468696, 6886977.843353730626404 ], [ 353684.827932193526067, 6886977.765810136683285 ], [ 353674.377742479206063, 6886970.504149982705712 ], [ 353670.162597580463625, 6886970.452448587864637 ], [ 353653.999341481772717, 6886951.478143563494086 ], [ 353655.821975281578489, 6886946.696120726875961 ], [ 353712.596306851832196, 6886947.213698453269899 ], [ 353714.770862254314125, 6886942.465570895001292 ], [ 353723.200934432679787, 6886942.56893911305815 ], [ 353729.581935524824075, 6886937.891556713730097 ], [ 353736.021033871744294, 6886928.459151463583112 ], [ 353736.079331349348649, 6886923.704245008528233 ], [ 353738.245193120092154, 6886918.975067349150777 ], [ 353738.565828577731736, 6886892.822915138676763 ], [ 353734.525708728760947, 6886878.506405493244529 ], [ 353734.64230716903694, 6886868.99659192096442 ], [ 353732.563903881469741, 6886866.593242462724447 ], [ 353733.001162321015727, 6886830.931052481755614 ], [ 353735.78129767102655, 6886819.076029809191823 ], [ 353764.75960130232852, 6886819.431297807022929 ], [ 353777.579526780522428, 6886805.321471037343144 ], [ 353786.271863609494176, 6886784.027443405240774 ], [ 353792.856634121504612, 6886762.707800989039242 ], [ 353795.080627458519302, 6886753.223706289194524 ], [ 353811.493958991835825, 6886617.888496845960617 ], [ 353811.610507603967562, 6886608.378682030364871 ], [ 353807.453868455020711, 6886603.572006525471807 ], [ 353807.599559768452309, 6886591.684682251885533 ], [ 353805.521194565284532, 6886589.281343184411526 ], [ 353805.666888595093042, 6886577.394018637016416 ], [ 353803.588624660798814, 6886574.99068027548492 ], [ 353799.577602708828636, 6886558.296785703860223 ], [ 353795.479269072704483, 6886548.735196756199002 ], [ 353795.654117213736754, 6886534.470361864194274 ], [ 353793.575765044777654, 6886532.067020012065768 ], [ 353793.750616568839177, 6886517.80218474380672 ], [ 353791.73064918408636, 6886510.644046117551625 ], [ 353792.313503466895781, 6886463.094518885016441 ], [ 353794.450030041334685, 6886460.742841182276607 ], [ 353794.770598041533958, 6886434.59067764505744 ], [ 353796.907217598403804, 6886432.239000856876373 ], [ 353801.267779243993573, 6886420.403337416239083 ], [ 353805.541008778964169, 6886415.700092198327184 ], [ 353805.599291248072404, 6886410.945072722621262 ], [ 353814.291236530058086, 6886389.651248581707478 ], [ 353814.34951608692063, 6886384.896229056641459 ], [ 353818.622729801281821, 6886380.192868899554014 ], [ 353818.73928324575536, 6886370.683051408268511 ], [ 353823.041529154870659, 6886363.602289708331227 ], [ 353823.099804441502783, 6886358.847380930557847 ], [ 353825.26544532913249, 6886354.118188664317131 ], [ 353825.819062183902133, 6886308.946166075766087 ], [ 353836.618457390111871, 6886287.678157351911068 ], [ 353845.426909339264967, 6886256.874274811707437 ], [ 353846.417496916023083, 6886176.040150798857212 ], [ 353844.368338490254246, 6886171.259304197505116 ], [ 353844.572289519826882, 6886154.616954037919641 ], [ 353840.444844433863182, 6886147.43299103807658 ], [ 353840.532256196020171, 6886140.30046003498137 ], [ 353838.45406629529316, 6886137.897234208881855 ], [ 353838.599753821734339, 6886126.009793108329177 ], [ 353832.423279111390002, 6886114.044978763908148 ], [ 353832.481556177895982, 6886109.290068606846035 ], [ 353826.305098568322137, 6886097.325139407999814 ], [ 353822.265207722201012, 6886083.008748386055231 ], [ 353820.186935231555253, 6886080.605406607501209 ], [ 353812.107097316009458, 6886051.972393831238151 ], [ 353812.16538385610329, 6886047.217483045533299 ], [ 353810.087218233733438, 6886044.814140250906348 ], [ 353810.174650199245661, 6886037.681718573905528 ], [ 353808.154677047452424, 6886030.523463182151318 ], [ 353808.883296431624331, 6885971.08657565433532 ], [ 353806.950774601544254, 6885956.79589643701911 ], [ 353800.891018089372665, 6885935.321124015375972 ], [ 353800.978459189063869, 6885928.188701180741191 ], [ 353798.900316706625745, 6885925.785465873777866 ], [ 353798.958612662740052, 6885921.030443382449448 ], [ 353796.880375061999075, 6885918.627095630392432 ], [ 353794.88958232733421, 6885909.091435157693923 ], [ 353782.624440203187987, 6885878.0292027303949 ], [ 353778.613847074680962, 6885861.335165034048259 ], [ 353774.457402948872186, 6885856.528460417874157 ], [ 353768.310401686176192, 6885842.1860894523561 ], [ 353753.850566404405981, 6885818.230511711910367 ], [ 353747.586878785048611, 6885813.397952315397561 ], [ 353741.381514987850096, 6885803.810587084852159 ], [ 353732.981312595773488, 6885801.329683838412166 ], [ 353703.47868733672658, 6885800.967769179493189 ], [ 353706.905913597089238, 6885865.211416287347674 ], [ 353708.954763694782741, 6885869.992069012485445 ], [ 353715.18940106005175, 6885877.202160838991404 ], [ 353719.199913470074534, 6885893.896223083138466 ], [ 353725.463637595996261, 6885898.728573957458138 ], [ 353725.376148992741946, 6885905.861109238117933 ], [ 353729.532594189920928, 6885910.667719958350062 ], [ 353729.445109775930177, 6885917.80014425329864 ], [ 353733.601461445447057, 6885922.606862826272845 ], [ 353735.592110548284836, 6885932.142534159123898 ], [ 353739.690250316169113, 6885941.704163711518049 ], [ 353739.602773008053191, 6885948.836587542667985 ], [ 353745.720744294405449, 6885965.556483080610633 ], [ 353745.633271385217085, 6885972.688906585797668 ], [ 353747.682254854589701, 6885977.469662534072995 ], [ 353747.565625988703687, 6885986.979597268626094 ], [ 353749.64386832958553, 6885989.382842515595257 ], [ 353748.885802197211888, 6886051.197248888202012 ], [ 353746.720080255414359, 6886055.926316097378731 ], [ 353746.45767287525814, 6886077.323583932593465 ], [ 353744.262887012388092, 6886084.430163097567856 ], [ 353743.300727621419355, 6886162.886917565017939 ], [ 353745.320593414246105, 6886170.04507140815258 ], [ 353743.979462389484979, 6886279.408900504931808 ], [ 353737.365751964156516, 6886303.106144181452692 ], [ 353737.307441263808869, 6886307.861054338514805 ], [ 353730.722664742846973, 6886329.180892627686262 ], [ 353726.39121674769558, 6886338.639022825285792 ], [ 353726.303743306430988, 6886345.771554134786129 ], [ 353724.167224392178468, 6886348.122998079285026 ], [ 353721.913969549466856, 6886359.984703762456775 ], [ 353717.611565924948081, 6886367.065319547429681 ], [ 353717.436613331723493, 6886381.330160313285887 ], [ 353710.968606597743928, 6886393.1399498116225 ], [ 353708.657014526543207, 6886409.756452332250774 ], [ 353706.520380430971272, 6886412.108113958500326 ], [ 353706.462058487348258, 6886416.863134635612369 ], [ 353695.604096060444135, 6886442.886058796197176 ], [ 353695.458284896682017, 6886454.773388717323542 ], [ 353691.184996849333402, 6886459.476596729829907 ], [ 353691.126669840654358, 6886464.231617311015725 ], [ 353688.960860578110442, 6886468.960675693117082 ], [ 353688.8442066484713, 6886478.470605972222984 ], [ 353686.678492472041398, 6886483.199665199965239 ], [ 353686.386855969321914, 6886506.97443500906229 ], [ 353694.525103141088039, 6886530.852495552971959 ], [ 353694.087679850053973, 6886566.514702539891005 ], [ 353689.785193024086766, 6886573.595310289412737 ], [ 353679.160384550574236, 6886580.598584972321987 ], [ 353672.808806371525861, 6886582.898537203669548 ], [ 353649.626556776289362, 6886582.614129181951284 ], [ 353641.313424087245949, 6886573.000767798162997 ], [ 353639.293438247754239, 6886565.842488357797265 ], [ 353635.136881143960636, 6886561.035748947411776 ], [ 353633.146074173448142, 6886551.500068520195782 ], [ 353620.734688839293085, 6886532.325037150643766 ], [ 353610.314120927301701, 6886522.685898431576788 ], [ 353601.884243875974789, 6886522.582436431199312 ], [ 353597.61099285481032, 6886527.28561435174197 ], [ 353587.044435246614739, 6886529.53367449901998 ], [ 353580.634493652964011, 6886536.588598936796188 ], [ 353570.009648581733927, 6886543.591667305678129 ], [ 353561.46300332841929, 6886552.998109955340624 ], [ 353557.248102474666666, 6886552.946363499388099 ], [ 353548.730632622842677, 6886559.975175947882235 ], [ 353540.096481353975832, 6886576.514027426019311 ], [ 353540.038096704985946, 6886581.269049158319831 ], [ 353535.764703791937791, 6886585.972094504162669 ], [ 353535.706317625707015, 6886590.727116233669221 ], [ 353533.54052252380643, 6886595.456261252984405 ], [ 353529.267122216173448, 6886600.159304518252611 ], [ 353529.150345414469484, 6886609.669347925111651 ], [ 353526.984449227922596, 6886614.39826909545809 ], [ 353526.809283725917339, 6886628.663223199546337 ], [ 353524.672675312962383, 6886631.014745222404599 ], [ 353524.117985690827481, 6886676.186784420162439 ], [ 353526.137828483595513, 6886683.345083286054432 ], [ 353525.933474104327615, 6886699.987435970455408 ], [ 353530.090141100808978, 6886704.794102774932981 ], [ 353531.993323427857831, 6886721.462332408875227 ], [ 353538.082288345613051, 6886740.55982343479991 ], [ 353538.023907889903057, 6886745.314733405597508 ], [ 353546.10358255286701, 6886773.947912773117423 ], [ 353545.607381363166496, 6886814.364921107888222 ], [ 353547.685739006497897, 6886816.768305297009647 ], [ 353549.647349466918968, 6886828.681507774628699 ], [ 353555.765594709606376, 6886845.40147358737886 ], [ 353555.444552725297399, 6886871.553639642894268 ], [ 353553.307810427504592, 6886873.905277264304459 ], [ 353552.607353225466795, 6886930.964626464992762 ], [ 353554.627364546584431, 6886938.122916750609875 ], [ 353554.393884388206061, 6886957.142772526480258 ], [ 353564.464622732659336, 6886995.311611177399755 ], [ 353563.968524085823447, 6887035.72871713526547 ], [ 353568.066870342765469, 6887045.290380297228694 ], [ 353582.732245773193426, 6887052.60375452786684 ], [ 353595.348398943606298, 6887055.136449873447418 ], [ 353597.426811331592035, 6887057.539822412654757 ], [ 353612.121388183324598, 6887062.475871659815311 ], [ 353616.336370049451943, 6887062.527589754201472 ], [ 353622.629969641682692, 6887064.982455030083656 ], [ 353624.708389107545372, 6887067.385822478681803 ], [ 353628.923470734851435, 6887067.437537256628275 ], [ 353631.001793649978936, 6887069.840902324765921 ], [ 353639.432154844806064, 6887069.944328276440501 ], [ 353649.911579718464054, 6887074.828617351129651 ], [ 353666.626208256231621, 6887086.922753980383277 ], [ 353672.919728985289112, 6887089.377812055870891 ], [ 353677.04744062415557, 6887096.561814531683922 ], [ 353683.340870189247653, 6887099.016865561716259 ], [ 353691.683781520347111, 6887106.252778736874461 ], [ 353706.174188757664524, 6887127.830819365568459 ], [ 353710.360236433683895, 6887130.260013815015554 ], [ 353716.566436373861507, 6887139.847351272590458 ], [ 353718.557338291371707, 6887149.383223781362176 ], [ 353737.234016498900019, 6887173.39041143655777 ], [ 353745.576818355766591, 6887180.626169397495687 ], [ 353841.797230984375346, 6887241.251011600717902 ], [ 353875.518740673665889, 6887241.664058047346771 ], [ 353888.368064006208442, 6887225.176599428057671 ], [ 353888.746565123845357, 6887194.269453616812825 ], [ 353884.676926264539361, 6887182.330518295057118 ], [ 353864.125412090041209, 6887139.277925113216043 ], [ 353864.678715464309789, 6887094.106062524020672 ], [ 353869.068428823375143, 6887079.892868485301733 ], [ 353869.155792536912486, 6887072.76034639403224 ], [ 353873.57481135049602, 6887056.169645890593529 ], [ 353874.186337007849943, 6887006.242875389754772 ] ] ], [ [ [ 354060.029842703603208, 6886891.328950985334814 ], [ 354059.977956133487169, 6886895.570304252207279 ], [ 354061.00264928874094, 6886897.960702317766845 ], [ 354082.019662518636324, 6886902.973406888544559 ], [ 354155.419864448951557, 6886933.593807966448367 ], [ 354157.512795820191968, 6886934.808325204066932 ], [ 354159.620260055700783, 6886934.834089046344161 ], [ 354161.713291611871682, 6886936.04849592037499 ], [ 354164.747259090770967, 6886936.944398825988173 ], [ 354060.029842703603208, 6886891.328950985334814 ] ] ], [ [ [ 354316.408828628133051, 6886005.831342689692974 ], [ 354314.388661439414136, 6885998.673186685889959 ], [ 354306.075261059275363, 6885989.060284290462732 ], [ 354301.976854453270789, 6885979.498983240686357 ], [ 354295.712773472594563, 6885974.666724608279765 ], [ 354274.929771080322098, 6885950.634479966945946 ], [ 354268.665714862057939, 6885945.802316632121801 ], [ 354264.53820287034614, 6885938.618396637961268 ], [ 354260.352585692657158, 6885936.18938095588237 ], [ 354256.195925966952927, 6885931.383075683377683 ], [ 354252.010312957747374, 6885928.954056870192289 ], [ 354243.66805302753346, 6885921.718504855409265 ], [ 354239.482444500317797, 6885919.289592158049345 ], [ 354237.404219596995972, 6885916.886436929926276 ], [ 354233.218517130473629, 6885914.457409895956516 ], [ 354231.140197482018266, 6885912.054141474887729 ], [ 354224.876278593728784, 6885907.221843675710261 ], [ 354220.69068016676465, 6885904.792813160456717 ], [ 354216.534145653189626, 6885899.986493922770023 ], [ 354212.348453191574663, 6885897.557459076866508 ], [ 354206.084549381863326, 6885892.725150674581528 ], [ 354201.928025002707727, 6885887.918825839646161 ], [ 354193.527782592456788, 6885885.43825501576066 ], [ 354191.449476004869211, 6885883.034979031421244 ], [ 354187.234723327332176, 6885882.983443861827254 ], [ 354178.86355966841802, 6885878.125353327021003 ], [ 354174.648808529833332, 6885878.073813633061945 ], [ 354164.141202595958021, 6885875.567451119422913 ], [ 354134.638341297861189, 6885875.206610066816211 ], [ 354128.258245899691246, 6885879.884297614917159 ], [ 354124.043493376986589, 6885879.832740059122443 ], [ 354119.799656333052553, 6885882.158690432086587 ], [ 354111.370345793431625, 6885882.055570321157575 ], [ 354109.233882473316044, 6885884.407298237085342 ], [ 354102.882859464385547, 6885886.707463270053267 ], [ 354098.639018242130987, 6885889.033184780739248 ], [ 354079.41108162747696, 6885910.198486035689712 ], [ 354077.245614001178183, 6885914.927608609199524 ], [ 354075.050953603291418, 6885922.034239203669131 ], [ 354072.914476141449995, 6885924.385961104184389 ], [ 354064.310567258566152, 6885938.547645167447627 ], [ 354062.086801739293151, 6885948.031672453507781 ], [ 354057.813832002342679, 6885952.735111715272069 ], [ 354057.435590643668547, 6885983.642292491160333 ], [ 354059.455701154191047, 6885990.800500043667853 ], [ 354061.50490917917341, 6885995.581197656691074 ], [ 354061.446720915439073, 6886000.336105709895492 ], [ 354063.495930259989109, 6886005.116913614794612 ], [ 354067.652345992741175, 6886009.923396183177829 ], [ 354073.9454528549104, 6886012.378268201835454 ], [ 354099.233860162086785, 6886012.687680549919605 ], [ 354103.477648104191758, 6886010.36173453181982 ], [ 354109.828833390376531, 6886008.061567943543196 ], [ 354114.072714329464361, 6886005.735730297863483 ], [ 354118.345481925935019, 6886001.03226894326508 ], [ 354160.492845150467474, 6886001.547771954908967 ], [ 354164.678565967653412, 6886003.976823558099568 ], [ 354175.215358944959007, 6886004.105671629309654 ], [ 354179.40098519687308, 6886006.534716689959168 ], [ 354183.615781668107957, 6886006.58625275362283 ], [ 354191.987042086548172, 6886011.444224400445819 ], [ 354204.456944158417173, 6886025.863642690703273 ], [ 354210.720824033487588, 6886030.695836156606674 ], [ 354212.799065189436078, 6886033.098995052278042 ], [ 354214.848437103326432, 6886037.879885922186077 ], [ 354219.034084321581759, 6886040.308805322274566 ], [ 354221.054302147706039, 6886047.466980423778296 ], [ 354225.23995265411213, 6886049.896008215844631 ], [ 354229.367484754824545, 6886057.079940129071474 ], [ 354237.680779163027182, 6886066.692894540727139 ], [ 354241.866441088553984, 6886069.121805209666491 ], [ 354243.886678443755955, 6886076.279975378885865 ], [ 354250.121642930258531, 6886083.489655225537717 ], [ 354254.24920252582524, 6886090.673577077686787 ], [ 354260.42617262317799, 6886102.638156997039914 ], [ 354264.553744268487208, 6886109.822185346856713 ], [ 354268.652271627506707, 6886119.383498197421432 ], [ 354272.809004025009926, 6886124.190016536042094 ], [ 354274.858223808696494, 6886128.97067083325237 ], [ 354278.927715602680109, 6886140.909597741439939 ], [ 354280.947991257999092, 6886148.067648698575795 ], [ 354285.075690636527725, 6886155.251669529825449 ], [ 354284.988547946093604, 6886162.383970675989985 ], [ 354287.066924927174114, 6886164.787226604297757 ], [ 354286.573120094020851, 6886205.204189172014594 ], [ 354282.242062541772611, 6886214.662611497566104 ], [ 354282.154918768093921, 6886221.795022958889604 ], [ 354279.960338398464955, 6886228.901685597375035 ], [ 354277.823852493311279, 6886231.253443876281381 ], [ 354273.434779646806419, 6886245.466768603771925 ], [ 354269.103797174291685, 6886254.925187926739454 ], [ 354266.909204141877126, 6886262.031848451122642 ], [ 354264.743660068837926, 6886266.761001247912645 ], [ 354264.627456305082887, 6886276.270919915288687 ], [ 354283.390937905758619, 6886293.144992981106043 ], [ 354348.007062888529617, 6886179.798576340079308 ], [ 354348.732950449397322, 6886120.361782165244222 ], [ 354346.683605272555724, 6886115.581140507012606 ], [ 354346.886858276207931, 6886098.938921382650733 ], [ 354342.759144634474069, 6886091.754922174848616 ], [ 354342.846256463672034, 6886084.622510643675923 ], [ 354340.797018903191201, 6886079.841868586838245 ], [ 354340.855095382663421, 6886075.086853617802262 ], [ 354338.776823138585314, 6886072.683607773855329 ], [ 354334.736239214427769, 6886058.36741460300982 ], [ 354332.657873073767405, 6886055.964166257530451 ], [ 354330.637587556149811, 6886048.806013058871031 ], [ 354328.5883618905209, 6886044.025368209928274 ], [ 354326.510097831604071, 6886041.622119795531034 ], [ 354326.59722103679087, 6886034.489707523956895 ], [ 354324.547901587560773, 6886029.709060518071055 ], [ 354324.605985651316587, 6886024.954045044258237 ], [ 354322.585710047394969, 6886017.796000558882952 ], [ 354320.53639683930669, 6886013.015241771936417 ], [ 354318.458041937556118, 6886010.611990358680487 ], [ 354316.408828628133051, 6886005.831342689692974 ] ] ], [ [ [ 354425.898489102139138, 6885669.517070992849767 ], [ 354422.751997079700232, 6885668.289725381880999 ], [ 354420.644660457968712, 6885668.263997239992023 ], [ 354419.576576829247642, 6885669.439888345077634 ], [ 354415.361903118900955, 6885669.388430583290756 ], [ 354411.132813207572326, 6885670.525726668536663 ], [ 354405.850053753179964, 6885671.650155876763165 ], [ 354395.240885564824566, 6885677.465268738567829 ], [ 354393.104614462936297, 6885679.816934568807483 ], [ 354390.982759271282703, 6885680.979955458082259 ], [ 354387.778202119108755, 6885684.507506602443755 ], [ 354386.695498834364116, 6885686.872147928923368 ], [ 354385.627410150482319, 6885688.048036178573966 ], [ 354383.462099968921393, 6885692.777319595217705 ], [ 354381.311208492785227, 6885696.31773647479713 ], [ 354380.213987056922633, 6885699.871020670980215 ], [ 354378.063092100666836, 6885703.41154783219099 ], [ 354376.965867818275001, 6885706.964942564256489 ], [ 354374.814972081803717, 6885710.505358399823308 ], [ 354373.732265505765099, 6885712.869887881912291 ], [ 354373.601606428157538, 6885723.568564713001251 ], [ 354374.626244421233423, 6885725.958941115066409 ], [ 354374.597210409818217, 6885728.336338648572564 ], [ 354375.621849072165787, 6885730.726714923977852 ], [ 354377.714679727563635, 6885731.94120469968766 ], [ 354378.753836591145955, 6885733.142826519906521 ], [ 354381.885826719750185, 6885735.558826429769397 ], [ 354383.964043932210188, 6885737.96206795796752 ], [ 354386.056778467551339, 6885739.176554968580604 ], [ 354389.203286439646035, 6885740.403909508138895 ], [ 354391.296120109967887, 6885741.61839675437659 ], [ 354393.403371713531669, 6885741.644128328189254 ], [ 354395.496207349002361, 6885742.858504011295736 ], [ 354398.657232341472991, 6885742.897101905196905 ], [ 354400.735454149427824, 6885745.300340287387371 ], [ 354402.828289774479344, 6885746.514825416728854 ], [ 354411.141484002117068, 6885756.127666115760803 ], [ 354412.166035714675672, 6885758.517926756292582 ], [ 354416.322687648702413, 6885763.324400252662599 ], [ 354418.386503139161505, 6885766.916279565542936 ], [ 354422.543062400305644, 6885771.722749404609203 ], [ 354426.728650858742185, 6885774.151598956435919 ], [ 354427.767816386651248, 6885775.353216067887843 ], [ 354429.860659978934564, 6885776.567696062847972 ], [ 354431.938895446772221, 6885778.970817589201033 ], [ 354434.031740083242767, 6885780.1852968018502 ], [ 354437.163752248510718, 6885782.601391840726137 ], [ 354439.241988891910296, 6885785.004622764885426 ], [ 354441.33483530592639, 6885786.21910060942173 ], [ 354444.466753650282044, 6885788.635081585496664 ], [ 354445.505922239273787, 6885789.836696997284889 ], [ 354450.73078781645745, 6885793.467264882288873 ], [ 354455.940952274831943, 6885798.286470936611295 ], [ 354462.219504620297812, 6885801.92989394068718 ], [ 354470.561704500811175, 6885809.165069371461868 ], [ 354473.693731531617232, 6885811.581154086627066 ], [ 354496.932335309393238, 6885807.109008593484759 ], [ 354507.715504977270029, 6885787.029201529920101 ], [ 354507.802529566339217, 6885779.896679474040866 ], [ 354506.806867278064601, 6885775.128919433802366 ], [ 354506.835874414304271, 6885772.751522844657302 ], [ 354504.772131572593935, 6885769.159550443291664 ], [ 354504.801140532130376, 6885766.782043025828898 ], [ 354503.76206662831828, 6885765.580434104427695 ], [ 354501.712731332401745, 6885760.799816915765405 ], [ 354493.874226024607196, 6885751.625567246228456 ], [ 354479.745400397689082, 6885747.453740073367953 ], [ 354477.667163030127995, 6885745.050516156479716 ], [ 354474.520645991782658, 6885743.823185400106013 ], [ 354459.870956223108806, 6885735.322095418348908 ], [ 354458.831791374657769, 6885734.120481031015515 ], [ 354456.73905105679296, 6885732.906007051467896 ], [ 354454.675232313165907, 6885729.314023660495877 ], [ 354452.582395047065802, 6885728.099547697231174 ], [ 354446.347512909269426, 6885720.890078417956829 ], [ 354445.322861390537582, 6885718.499708755873144 ], [ 354442.205474613467231, 6885714.894862230867147 ], [ 354440.156173468683846, 6885710.11423272639513 ], [ 354439.160545603604987, 6885705.346465204842389 ], [ 354438.135995248216204, 6885702.956095951609313 ], [ 354436.057676004711539, 6885700.552862757816911 ], [ 354436.130233230418526, 6885694.60920344479382 ], [ 354434.09545046207495, 6885688.639818476513028 ], [ 354433.08531662740279, 6885685.060693388804793 ], [ 354432.046159067307599, 6885683.859076287597418 ], [ 354431.050537304487079, 6885679.09130769316107 ], [ 354430.025989786721766, 6885676.701048297807574 ], [ 354430.069527116487734, 6885673.134786067530513 ], [ 354429.030370964843314, 6885671.93316862732172 ], [ 354425.898489102139138, 6885669.517070992849767 ] ] ], [ [ [ 354507.241989981965162, 6885739.466861889697611 ], [ 354517.564200056600384, 6885719.381313178688288 ], [ 354536.990997162181884, 6885719.618315349332988 ], [ 354545.4637802731595, 6885716.154879686422646 ], [ 354548.668198130326346, 6885712.627286753617227 ], [ 354550.775541624578182, 6885712.652991930022836 ], [ 354559.277214580215514, 6885706.812149159610271 ], [ 354564.618064880836755, 6885700.932638702914119 ], [ 354565.787723225774243, 6885691.435682519339025 ], [ 354572.370609370525926, 6885670.115443308837712 ], [ 354576.904131504707038, 6885644.01470710337162 ], [ 354582.404415110009722, 6885625.059231789782643 ], [ 354583.892899013706483, 6885589.41002326272428 ], [ 354586.2031813779613, 6885572.793392349034548 ], [ 354590.606179089751095, 6885557.391212788410485 ], [ 354599.296272893960122, 6885536.096769936382771 ], [ 354604.651428023295011, 6885529.028600189834833 ], [ 354609.992081616655923, 6885523.149182006716728 ], [ 354622.737199572846293, 6885514.982183374464512 ], [ 354631.28227827930823, 6885505.575035367161036 ], [ 354639.595466828439385, 6885515.187719176523387 ], [ 354645.772375914617442, 6885527.152214363217354 ], [ 354647.488324748817831, 6885559.273696116171777 ], [ 354651.558047820522916, 6885571.212498350068927 ], [ 354655.714624395885039, 6885576.018776267766953 ], [ 354677.725270471535623, 6885585.798276728019118 ], [ 354692.360323673347011, 6885595.487965021282434 ], [ 354708.164941547438502, 6885595.680557319894433 ], [ 354714.515874064527452, 6885593.380193939432502 ], [ 354715.598503508837894, 6885591.015525701455772 ], [ 354715.801283412496559, 6885574.373200442641973 ], [ 354713.766387909883633, 6885568.403867341578007 ], [ 354712.857575565110892, 6885556.503716392442584 ], [ 354706.767496163025498, 6885537.406850107014179 ], [ 354692.277375437726732, 6885515.829862724989653 ], [ 354672.504559681401588, 6885495.377396866679192 ], [ 354663.253630268271081, 6885476.241974446922541 ], [ 354647.739001064444892, 6885452.274684408679605 ], [ 354625.182280143490061, 6885400.87643719650805 ], [ 354624.824372170260176, 6885343.804287385195494 ], [ 354619.788198565656785, 6885324.720318924635649 ], [ 354612.528804652043618, 6885315.120461164042354 ], [ 354598.831826142966747, 6885314.953425852581859 ], [ 354588.208569640875794, 6885321.957338852807879 ], [ 354582.838989929296076, 6885330.214253701269627 ], [ 354582.563511866726913, 6885352.800249425694346 ], [ 354585.593945964239538, 6885363.53736724704504 ], [ 354591.756118851713836, 6885376.690540455281734 ], [ 354592.664785131288227, 6885388.590709155425429 ], [ 354594.72857824829407, 6885392.182671008631587 ], [ 354595.492278412799351, 6885415.970157163217664 ], [ 354608.841572712641209, 6885444.666953710839152 ], [ 354608.711111306794919, 6885455.36562773771584 ], [ 354599.05441197095206, 6885469.514815001748502 ], [ 354583.075978637207299, 6885483.586896190419793 ], [ 354578.716389463806991, 6885495.422810833901167 ], [ 354575.511935376795009, 6885498.950519576668739 ], [ 354575.482938919914886, 6885501.327916570007801 ], [ 354570.142374719085637, 6885507.207320975139737 ], [ 354565.76826563780196, 6885520.231985338032246 ], [ 354556.184066311339848, 6885528.437483502551913 ], [ 354546.512747485423461, 6885543.775385988876224 ], [ 354543.221359908522572, 6885554.435500713996589 ], [ 354540.002379365090746, 6885559.151843890547752 ], [ 354537.779045808420051, 6885568.636056162416935 ], [ 354535.164086854842026, 6885604.271524850279093 ], [ 354503.627382998354733, 6885603.88674714230001 ], [ 354495.082134783966467, 6885613.293698987923563 ], [ 354490.838566838589031, 6885615.619776229374111 ], [ 354482.26418569101952, 6885627.404337139800191 ], [ 354481.166999782552011, 6885630.957629387266934 ], [ 354477.977186021103989, 6885633.296562482602894 ], [ 354474.714636353019159, 6885641.579040746204555 ], [ 354473.167698829318397, 6885681.983261970803142 ], [ 354481.364843629184179, 6885701.105863455682993 ], [ 354484.496744644013233, 6885703.521945593878627 ], [ 354491.582227329607122, 6885727.38669496960938 ], [ 354494.685225709807128, 6885732.180171949788928 ], [ 354496.51152808777988, 6885740.926010953262448 ], [ 354507.241989981965162, 6885739.466861889697611 ] ] ], [ [ [ 355469.805128275183961, 6884874.555212943814695 ], [ 355478.349080947227776, 6884865.147498060017824 ], [ 355482.563356062513776, 6884865.198590934276581 ], [ 355486.893020298681222, 6884855.739777516573668 ], [ 355491.164935210486874, 6884851.035969923250377 ], [ 355491.280223298585042, 6884841.526063866913319 ], [ 355497.716955599025823, 6884832.092790867201984 ], [ 355497.846648597274907, 6884821.394243415445089 ], [ 355527.649217172292992, 6884796.788471020758152 ], [ 355546.700023865676485, 6884789.885794254019856 ], [ 355551.808979946828913, 6884785.66761495359242 ], [ 355578.479857413214631, 6884776.00398179423064 ], [ 355580.587027568602934, 6884776.029511978849769 ], [ 355599.637765305116773, 6884769.126863945275545 ], [ 355621.935423389542848, 6884755.130179123952985 ], [ 355629.310406604548916, 6884755.21950560901314 ], [ 355639.932421777630225, 6884748.214595463126898 ], [ 355644.146653116680682, 6884748.265632957220078 ], [ 355658.982977107691113, 6884741.311965305358171 ], [ 355673.848072911612689, 6884731.980554814450443 ], [ 355684.527607608004473, 6884720.22082151658833 ], [ 355684.585178006382193, 6884715.465814648196101 ], [ 355686.721120128058828, 6884713.113933892920613 ], [ 355686.865043134544976, 6884701.22652742639184 ], [ 355689.000982417259365, 6884698.874646345153451 ], [ 355689.231255198654253, 6884679.85495079215616 ], [ 355676.876406483352184, 6884655.927173461765051 ], [ 355657.121058055199683, 6884627.337011270225048 ], [ 355673.439388100407086, 6884591.684539912268519 ], [ 355675.719252872804645, 6884577.44525295868516 ], [ 355680.106146894046105, 6884563.231478527188301 ], [ 355680.192508970503695, 6884556.099077518098056 ], [ 355663.335759126523044, 6884555.894956845790148 ], [ 355656.8705060898792, 6884567.705704044550657 ], [ 355643.795991566847079, 6884603.214598415419459 ], [ 355641.112964496016502, 6884650.738492671400309 ], [ 355656.556488210277166, 6884680.648235387168825 ], [ 355612.770061975519639, 6884728.86311437562108 ], [ 355602.20565026323311, 6884731.112881878390908 ], [ 355597.933819757308811, 6884735.816837111487985 ], [ 355587.398201494826935, 6884735.689198663458228 ], [ 355574.669001975446008, 6884742.668310249224305 ], [ 355559.89023828622885, 6884744.867088533937931 ], [ 355553.511121837596875, 6884749.545493450015783 ], [ 355549.296986887988169, 6884749.494425114244223 ], [ 355538.674717931542546, 6884756.49914363399148 ], [ 355532.353413260832895, 6884756.422531668096781 ], [ 355507.568388569634408, 6884772.766757196746767 ], [ 355506.866064000234473, 6884772.758243659511209 ], [ 355498.351016543456353, 6884779.788582783192396 ], [ 355493.895691345678642, 6884779.73457158356905 ], [ 355461.366047498071566, 6884849.587372601032257 ], [ 355416.525677932542749, 6884837.059893142431974 ], [ 355444.576922270702198, 6884869.493595886975527 ], [ 355450.898387098917738, 6884869.570253049023449 ], [ 355452.976745035382919, 6884871.973309464752674 ], [ 355457.191022945859004, 6884872.024411207064986 ], [ 355459.269382550963201, 6884874.427466440945864 ], [ 355469.805128275183961, 6884874.555212943814695 ] ] ], [ [ [ 355265.283503481012303, 6884709.003060044720769 ], [ 355405.867321691242978, 6884848.18425212521106 ], [ 355413.18982339737704, 6884836.127929734066129 ], [ 355409.87609271123074, 6884835.201996070332825 ], [ 355410.601000011607539, 6884716.901157680898905 ], [ 355404.5391820888035, 6884695.427261674776673 ], [ 355392.098338195006363, 6884678.631682314909995 ], [ 355381.591510627942625, 6884676.126353176310658 ], [ 355350.41757173044607, 6884640.080688124522567 ], [ 355350.619537091231905, 6884623.438480570912361 ], [ 355344.471224651439115, 6884609.096950331702828 ], [ 355340.343601963715628, 6884601.913398033007979 ], [ 355325.795912432600744, 6884585.092055771499872 ], [ 355325.853627554548439, 6884580.337154564447701 ], [ 355305.099933040444739, 6884553.929137667641044 ], [ 355303.079388145473786, 6884546.771149192005396 ], [ 355298.923047833144665, 6884541.965087488293648 ], [ 355289.13225332548609, 6884515.214620700106025 ], [ 355282.528071291046217, 6884503.720876321196556 ], [ 355282.90334818296833, 6884472.813734416849911 ], [ 355280.911700557568111, 6884463.278344443067908 ], [ 355280.998306151130237, 6884456.145824512466788 ], [ 355278.949023819994181, 6884451.365448399446905 ], [ 355279.064498728024773, 6884441.855532419867814 ], [ 355276.986254932533484, 6884439.452439684420824 ], [ 355275.110196544206701, 6884420.407132731750607 ], [ 355270.982590397004969, 6884413.223438119515777 ], [ 355269.048707095207646, 6884398.93314160592854 ], [ 355258.638080814387649, 6884386.895041517913342 ], [ 355199.582621149369515, 6884386.112090270034969 ], [ 355212.128848276566714, 6884400.619539048522711 ], [ 355212.071082500042394, 6884405.37455350253731 ], [ 355216.748813822749071, 6884408.088933360762894 ], [ 355209.184245377487969, 6884469.540541359223425 ], [ 355208.808776847668923, 6884500.447689177468419 ], [ 355216.919491947395727, 6884526.702319364994764 ], [ 355233.458583348663524, 6884553.059314431622624 ], [ 355247.86174152197782, 6884581.767977314069867 ], [ 355251.902783426980022, 6884596.083974124863744 ], [ 355251.845037802297156, 6884600.838986933231354 ], [ 355253.923208878724836, 6884603.242081373929977 ], [ 355262.005237608216703, 6884631.874065615236759 ], [ 355279.668173644808121, 6884659.159067114815116 ], [ 355265.324499583453871, 6884705.626819824799895 ], [ 355265.283503481012303, 6884709.003060044720769 ] ] ], [ [ [ 355057.763050627196208, 6884443.921911584213376 ], [ 355076.958065938320942, 6884425.132786182686687 ], [ 355085.559861768677365, 6884410.970331875607371 ], [ 355092.054528502107132, 6884396.782474521547556 ], [ 355111.278319175587967, 6884375.615790352225304 ], [ 355121.871439455077052, 6884370.988847553730011 ], [ 355137.818995560053736, 6884359.293623492121696 ], [ 355176.79975054442184, 6884359.767363887280226 ], [ 355189.328388805035502, 6884374.254790663719177 ], [ 355228.062129558064044, 6884303.350830037146807 ], [ 355228.640084674058016, 6884255.773091286420822 ], [ 355226.619648828404024, 6884248.614972179755569 ], [ 355209.994383657351136, 6884229.390461909584701 ], [ 355186.816838536062278, 6884229.108846894465387 ], [ 355182.516211505164392, 6884236.190054006874561 ], [ 355140.375244731025305, 6884235.677897650748491 ], [ 355110.789832319831476, 6884242.451713441871107 ], [ 355068.64893078408204, 6884241.939305550418794 ], [ 355064.463782615261152, 6884239.510659109801054 ], [ 355042.069020360242575, 6884239.238283569924533 ], [ 355030.452437406405807, 6884248.676684936508536 ], [ 355024.285257997922599, 6884250.911040894687176 ], [ 355013.634255003766157, 6884260.292689718306065 ], [ 355000.963025311823003, 6884262.516389542259276 ], [ 354984.019861569162458, 6884269.443706613965333 ], [ 354977.698704526643269, 6884269.366788236424327 ], [ 354975.562689249112736, 6884271.718545889481902 ], [ 354962.862504237622488, 6884276.3197151562199 ], [ 354945.861423097376246, 6884288.001887308433652 ], [ 354937.288473559427075, 6884299.786737183108926 ], [ 354932.958632947411388, 6884309.245369005948305 ], [ 354932.900755129870959, 6884314.000276586972177 ], [ 354930.735881416825578, 6884318.729537172242999 ], [ 354930.591184654738754, 6884330.616861393675208 ], [ 355001.008247632998973, 6884413.464768616482615 ], [ 354991.898920662933961, 6884437.375561458989978 ], [ 354891.361347994126845, 6884437.141390830278397 ], [ 354880.912810371723026, 6884429.880810652859509 ], [ 354875.293871836795006, 6884429.81239287275821 ], [ 354864.171997841796838, 6884420.165625488385558 ], [ 354859.957772585214116, 6884420.114306034520268 ], [ 354843.2748043902684, 6884405.6440699249506 ], [ 354837.040540596120991, 6884398.434774263761938 ], [ 354832.826420811121352, 6884398.383446084335446 ], [ 354826.563012168742716, 6884393.551540860906243 ], [ 354816.027667438844219, 6884393.423207569867373 ], [ 354811.668737827858422, 6884405.25919858366251 ], [ 354811.176380848453846, 6884445.676307515241206 ], [ 354815.27390898426529, 6884455.235787434503436 ], [ 354861.315223106939811, 6884481.950921146199107 ], [ 354801.502591038064566, 6884547.804985750466585 ], [ 354797.143502410268411, 6884559.640970888547599 ], [ 354796.668877339106984, 6884598.600854674354196 ], [ 354790.007243039377499, 6884633.744259107857943 ], [ 354932.964309023111127, 6884653.142212480306625 ], [ 354954.508506977232173, 6884630.230181546881795 ], [ 354958.638421736191958, 6884623.43065339140594 ], [ 354958.725213573081419, 6884616.298239862546325 ], [ 354960.890220187022351, 6884611.56897540204227 ], [ 354961.237384804873727, 6884583.039320644922554 ], [ 354965.509525072644465, 6884578.335696249268949 ], [ 354965.596315631060861, 6884571.203171642497182 ], [ 354967.761214271071367, 6884566.473904918879271 ], [ 354967.963720929634292, 6884549.831568847410381 ], [ 354980.722040192922577, 6884540.475588677451015 ], [ 354985.051913591334596, 6884531.016940396279097 ], [ 354997.868048016447574, 6884516.90592679195106 ], [ 355006.469998416025192, 6884502.743635235354304 ], [ 355029.937268242007121, 6884479.250940898433328 ], [ 355042.811127421387937, 6884460.384866565465927 ], [ 355049.190212545567192, 6884455.70684078335762 ], [ 355057.763050627196208, 6884443.921911584213376 ] ] ], [ [ [ 355679.422794133541174, 6883923.59035056643188 ], [ 355687.965844006394036, 6883914.182508446276188 ], [ 355698.500732171814889, 6883914.310088826343417 ], [ 355702.743556272995193, 6883911.983613580465317 ], [ 355704.879361325060017, 6883909.631733343936503 ], [ 355717.607621864648536, 6883902.652405198663473 ], [ 355719.743325441610068, 6883900.300410479307175 ], [ 355724.028354109730572, 6883897.950835675001144 ], [ 355750.768351057777181, 6883868.612673176452518 ], [ 355753.973102972377092, 6883857.914113452658057 ], [ 355760.466698761738371, 6883843.725817400962114 ], [ 355766.873946083593182, 6883836.669924184679985 ], [ 355767.970614706689958, 6883833.116417814046144 ], [ 355835.744633869500831, 6883759.698428706265986 ], [ 355843.990537596284412, 6883732.979136413894594 ], [ 355846.126185512752272, 6883730.627231664024293 ], [ 355851.389916264801286, 6883713.570656348019838 ], [ 355863.269357652054168, 6883707.056422090157866 ], [ 355865.405096805887297, 6883704.70440455339849 ], [ 355869.647713716723956, 6883702.377983399666846 ], [ 355873.919185657054186, 6883697.674056633375585 ], [ 355876.083679215749726, 6883692.944531965069473 ], [ 355876.342499605729245, 6883671.54731584712863 ], [ 355874.321802077349275, 6883664.389424138702452 ], [ 355870.165474245906807, 6883659.583662403747439 ], [ 355868.14478421676904, 6883652.425658491440117 ], [ 355863.029555927147157, 6883649.457563380710781 ], [ 355850.160327281453647, 6883571.362281631678343 ], [ 355854.604247892682906, 6883552.393436977639794 ], [ 355856.768627250450663, 6883547.664025320671499 ], [ 355856.826153183181304, 6883542.909124283120036 ], [ 355858.99062970187515, 6883538.179602658376098 ], [ 355859.307021603453904, 6883512.027480248361826 ], [ 355854.111766730668023, 6883506.020101653411984 ], [ 355851.080793868750334, 6883495.283197904005647 ], [ 355849.002617992227897, 6883492.880199821665883 ], [ 355846.953206499223597, 6883488.099916784092784 ], [ 355843.836044403549749, 6883484.495419453829527 ], [ 355840.805185614735819, 6883473.758513348177075 ], [ 355836.648845401825383, 6883468.952623365446925 ], [ 355832.607584894867614, 6883454.636817278340459 ], [ 355824.060960591537878, 6883439.762393809854984 ], [ 355825.349845126271248, 6883354.591107124462724 ], [ 355823.339056204364169, 6883349.900711917318404 ], [ 355824.259771411074325, 6883273.821601765230298 ], [ 355822.239189382642508, 6883266.663582539185882 ], [ 355818.140678067458794, 6883257.102780574932694 ], [ 355818.25577353220433, 6883247.592974057421088 ], [ 355814.099528267921414, 6883242.78696027956903 ], [ 355809.914510069065727, 6883240.358451992273331 ], [ 355710.262368014082313, 6883238.152452975511551 ], [ 355698.83990193635691, 6883193.423136012628675 ], [ 355716.549347832449712, 6883180.193851025775075 ], [ 355711.640610223752446, 6883177.345307819545269 ], [ 355674.627364303800277, 6883145.24223140347749 ], [ 355667.943979223957285, 6883131.637347000651062 ], [ 355665.894711767788976, 6883126.856914084404707 ], [ 355596.36881671694573, 6883126.014323298819363 ], [ 355594.319676595623605, 6883121.233877973631024 ], [ 355590.105921796173789, 6883121.182797225192189 ], [ 355583.814210461103357, 6883118.728665659204125 ], [ 355562.7457342002308, 6883118.473231798037887 ], [ 355560.610029663133901, 6883120.825194980017841 ], [ 355558.445596048957668, 6883125.554557176306844 ], [ 355558.157323454739526, 6883149.329314158298075 ], [ 355560.177629250043537, 6883156.487164011225104 ], [ 355560.119975131063256, 6883161.242181733250618 ], [ 355564.24726739549078, 6883168.425688147544861 ], [ 355566.296503304154612, 6883173.206139707937837 ], [ 355572.530495454499032, 6883180.415184760466218 ], [ 355578.793513332202565, 6883185.246830670163035 ], [ 355594.522934535401873, 6883191.382045423611999 ], [ 355599.717917046044022, 6883197.389550968073308 ], [ 355603.931698662461713, 6883197.440627171657979 ], [ 355611.992106090649031, 6883206.761527249589562 ], [ 355633.292819340596907, 6883219.339259654283524 ], [ 355649.792772032436915, 6883238.419331092387438 ], [ 355662.347544437798206, 6883245.705021848902106 ], [ 355668.495417416561395, 6883260.046427235007286 ], [ 355670.573418054613285, 6883262.449348790571094 ], [ 355672.622714291210286, 6883267.229778990149498 ], [ 355674.700715728627983, 6883269.632810518145561 ], [ 355682.897822502651252, 6883288.75474550947547 ], [ 355689.132046471349895, 6883295.963613325729966 ], [ 355691.181355295062531, 6883300.744150372222066 ], [ 355695.337575109908357, 6883305.550207894295454 ], [ 355702.216459755960386, 6883317.522589147090912 ], [ 355703.563442560844123, 6883322.2945058606565 ], [ 355705.641559811134357, 6883324.697421536780894 ], [ 355717.937222904176451, 6883353.380169205367565 ], [ 355722.093472767504863, 6883358.186215834692121 ], [ 355730.29062733106548, 6883377.307998249307275 ], [ 355734.446890927734785, 6883382.114039856940508 ], [ 355736.496235959930345, 6883386.894456375390291 ], [ 355738.574370325542986, 6883389.297476151958108 ], [ 355748.820930516347289, 6883413.199658260680735 ], [ 355752.9771165298298, 6883418.005691153928638 ], [ 355755.026377758360468, 6883422.786102498881519 ], [ 355759.182667943881825, 6883427.592134103178978 ], [ 355761.23203170101624, 6883432.372545333579183 ], [ 355763.310180698928889, 6883434.775449305772781 ], [ 355767.408718336198945, 6883444.33637798205018 ], [ 355777.799385443329811, 6883456.351329518482089 ], [ 355777.684266799595207, 6883465.861134504899383 ], [ 355781.840483678854071, 6883470.667155727744102 ], [ 355781.782926242041867, 6883475.422058099880815 ], [ 355785.939247810165398, 6883480.227968020364642 ], [ 355785.881690876791254, 6883484.982981082051992 ], [ 355788.998935943120159, 6883488.587384697049856 ], [ 355793.039962741720956, 6883502.903204286471009 ], [ 355823.865645189187489, 6883538.547149926424026 ], [ 355853.713078058557585, 6883626.095014788210392 ], [ 355811.573977324354928, 6883625.585135974921286 ], [ 355805.166764655616134, 6883632.641048070043325 ], [ 355805.137991679541301, 6883635.018554031848907 ], [ 355800.780387228238396, 6883646.854976985603571 ], [ 355796.393806678475812, 6883661.068680500611663 ], [ 355796.048520379932597, 6883689.59830800909549 ], [ 355809.615625307254959, 6883737.658667782321572 ], [ 355784.76566867379006, 6883751.28507047239691 ], [ 355771.951273769780528, 6883765.39686975069344 ], [ 355769.786726640362758, 6883770.126377360895276 ], [ 355735.614808828977402, 6883807.757699922658503 ], [ 355733.450339891714975, 6883812.48709199950099 ], [ 355716.364240767550655, 6883831.302826677449048 ], [ 355702.535413377685472, 6883838.88561519049108 ], [ 355700.704076367605012, 6883839.889911320060492 ], [ 355690.907849457464181, 6883845.261462213471532 ], [ 355684.558140047127381, 6883847.562304535880685 ], [ 355673.936821859271731, 6883854.567226429469883 ], [ 355669.665313232806511, 6883859.271087465807796 ], [ 355656.908267781953327, 6883868.627759402617812 ], [ 355652.636746096948627, 6883873.331725545227528 ], [ 355648.394024028035346, 6883875.658073296770453 ], [ 355641.900177157716826, 6883889.84642369300127 ], [ 355641.698563738027588, 6883906.488523562438786 ], [ 355639.476434026204515, 6883915.973023343831301 ], [ 355639.274816535180435, 6883932.615344367921352 ], [ 355641.35293786181137, 6883935.018264197744429 ], [ 355658.208908895321656, 6883935.222454454749823 ], [ 355662.451649275608361, 6883932.896102572791278 ], [ 355668.801409284118563, 6883930.595159385353327 ], [ 355673.072941937018186, 6883925.891298000700772 ], [ 355679.422794133541174, 6883923.59035056643188 ] ] ], [ [ [ 355885.7943618982099, 6883832.109866300597787 ], [ 355885.065590296057053, 6883821.455235709436238 ], [ 355865.616647194139659, 6883821.21999254822731 ], [ 355865.359046593890525, 6883866.369152631610632 ], [ 355885.7943618982099, 6883832.109866300597787 ] ] ], [ [ [ 356043.441478413762525, 6883445.297146189957857 ], [ 356047.683969537436496, 6883442.97055544052273 ], [ 356051.897831313079223, 6883443.021469485014677 ], [ 356056.140319842961617, 6883440.694875821471214 ], [ 356058.275875329738483, 6883438.34293613769114 ], [ 356058.304599935887381, 6883435.96543110627681 ], [ 356071.290642047068104, 6883407.588538614101708 ], [ 356073.426288428367116, 6883405.236486880108714 ], [ 356079.919283999537583, 6883391.048034861683846 ], [ 356082.0549258494284, 6883388.695981726050377 ], [ 356084.21918734209612, 6883383.966532815247774 ], [ 356094.897277071373537, 6883372.206480489112437 ], [ 356097.061630316020455, 6883367.476919874548912 ], [ 356103.468431456596591, 6883360.420860541053116 ], [ 356105.632678518421017, 6883355.691518938168883 ], [ 356107.768309175677132, 6883353.33946156874299 ], [ 356109.932654254313093, 6883348.609898859634995 ], [ 356118.474965911707841, 6883339.20177286490798 ], [ 356122.832351604709402, 6883327.36536022555083 ], [ 356127.103497372823767, 6883322.661238320171833 ], [ 356137.925041329872329, 6883299.013736763969064 ], [ 356150.566273321979679, 6883299.166382745839655 ], [ 356153.769591441610828, 6883295.638395031914115 ], [ 356163.293617827352136, 6883292.186722421087325 ], [ 356169.671539468632545, 6883287.508022984489799 ], [ 356173.914047598082107, 6883285.181391412392259 ], [ 356178.185155539074913, 6883280.477474020794034 ], [ 356182.427561245567631, 6883278.150838385336101 ], [ 356184.56316313019488, 6883275.798768239095807 ], [ 356190.94116431416478, 6883271.120170017704368 ], [ 356198.771656574856024, 6883262.495942402631044 ], [ 356210.046443861909211, 6883259.461639048531651 ], [ 356214.288932375551667, 6883257.135104565881193 ], [ 356216.424425988923758, 6883254.783027884550393 ], [ 356220.666813344520051, 6883252.456490054726601 ], [ 356242.0224725191365, 6883228.93603846244514 ], [ 356270.018288157647476, 6883237.199824665673077 ], [ 356244.387470787623897, 6883207.564252938143909 ], [ 356206.124472070718184, 6883185.362376602366567 ], [ 356222.101527752471156, 6883133.583023473620415 ], [ 356226.430053802381735, 6883124.123971439898014 ], [ 356227.319578338996507, 6883050.422422206029296 ], [ 356231.648073013289832, 6883040.963479500263929 ], [ 356236.831714127445593, 6883018.833055255934596 ], [ 356242.526471293473151, 6883012.560993050225079 ], [ 356249.105053721286822, 6882991.239942291751504 ], [ 356259.782646787236445, 6882979.479757865890861 ], [ 356260.356428982922807, 6882931.930428101681173 ], [ 356254.007320686476305, 6882934.231551384553313 ], [ 356245.408006314537488, 6882948.394662741571665 ], [ 356238.944012819847558, 6882960.205798897892237 ], [ 356232.42281637119595, 6882976.771723426878452 ], [ 356215.223863967286889, 6883005.09791018627584 ], [ 356213.031016146764159, 6883012.20488552749157 ], [ 356208.759812660398893, 6883016.909031650051475 ], [ 356208.214539081905968, 6883062.08107884041965 ], [ 356187.00279739825055, 6883073.71394088678062 ], [ 356167.782955485861748, 6883094.882226214744151 ], [ 356159.298163576691877, 6883099.535480288788676 ], [ 356155.027107891160995, 6883104.239389603026211 ], [ 356150.784755937813316, 6883106.566013628616929 ], [ 356148.649175146070775, 6883108.918077245354652 ], [ 356144.406820219359361, 6883111.244699108414352 ], [ 356141.521063255961053, 6883117.550641633570194 ], [ 356135.864584549388383, 6883120.652726760134101 ], [ 356133.700285372440703, 6883125.382293414324522 ], [ 356133.499297873175237, 6883142.024610253050923 ], [ 356135.548751487862319, 6883146.804954631254077 ], [ 356176.072560763452202, 6883193.661610342562199 ], [ 356142.971220150939189, 6883230.11819114908576 ], [ 356140.778296076226979, 6883237.225154658779502 ], [ 356134.371580796549097, 6883244.281120660714805 ], [ 356124.696935979882255, 6883260.214617114514112 ], [ 356123.636307938781101, 6883260.796326187439263 ], [ 356119.336371479439549, 6883267.877728750929236 ], [ 356117.172142269846518, 6883272.607183278538287 ], [ 356114.979096904513426, 6883279.714252242818475 ], [ 356101.27180226938799, 6883309.667559176683426 ], [ 356095.615222875261679, 6883312.769739507697523 ], [ 356093.450978401931934, 6883317.499079395085573 ], [ 356089.208441923954524, 6883319.825683372095227 ], [ 356083.833565996959805, 6883328.677645127288997 ], [ 356070.045494095538743, 6883336.239039305597544 ], [ 356065.774321524600964, 6883340.943031035363674 ], [ 356053.046862765855622, 6883347.922702168114483 ], [ 356044.533119842119049, 6883354.953387852758169 ], [ 356036.048099373583682, 6883359.606340824626386 ], [ 356023.234406653558835, 6883373.71838715299964 ], [ 356018.991835834633093, 6883376.044967383146286 ], [ 356014.720727106789127, 6883380.748943209648132 ], [ 356010.391949269454926, 6883390.207926178351045 ], [ 356009.989671131479554, 6883423.492558759637177 ], [ 356012.067866237543058, 6883425.895417330786586 ], [ 356020.322991780820303, 6883440.262077296152711 ], [ 356024.479390433290973, 6883445.068011496216059 ], [ 356043.441478413762525, 6883445.297146189957857 ] ] ], [ [ [ 356826.957407954614609, 6883300.181094326078892 ], [ 356839.684419107798021, 6883293.200507844798267 ], [ 356843.898019700311124, 6883293.251141587272286 ], [ 356846.06205347715877, 6883288.521679161116481 ], [ 356846.404877684428357, 6883259.992112684994936 ], [ 356844.355124487658031, 6883255.211793283000588 ], [ 356844.555110279470682, 6883238.569508586078882 ], [ 356842.505460246116854, 6883233.789189727976918 ], [ 356842.619738985202275, 6883224.279407464899123 ], [ 356834.420865190448239, 6883205.158455939032137 ], [ 356821.951209854218177, 6883190.741746031679213 ], [ 356822.094081837276462, 6883178.854461534880102 ], [ 356817.937574886134826, 6883174.048814660869539 ], [ 356818.023301228007767, 6883166.916421601548791 ], [ 356815.94499992573401, 6883164.513707702979445 ], [ 356813.895375804568175, 6883159.733382441103458 ], [ 356809.738779666018672, 6883154.927841782569885 ], [ 356805.553707863320597, 6883152.499691305682063 ], [ 356803.446833998663351, 6883152.474365609697998 ], [ 356797.097730281995609, 6883154.775888925418258 ], [ 356786.506391592673026, 6883159.404143914580345 ], [ 356780.15728050848702, 6883161.705658476799726 ], [ 356780.114405228174292, 6883165.271910781040788 ], [ 356765.266417377220932, 6883173.415628625079989 ], [ 356757.755012123321649, 6883210.531088582240045 ], [ 356775.114603968104348, 6883230.601432299241424 ], [ 356775.028854006668553, 6883237.733825552277267 ], [ 356787.498606373439543, 6883252.150585167109966 ], [ 356787.441444234689698, 6883256.905587603338063 ], [ 356789.519657887460198, 6883259.308415364474058 ], [ 356789.405338278156705, 6883268.818198466673493 ], [ 356793.561869847238995, 6883273.623853796161711 ], [ 356793.333238644874655, 6883292.643419361673295 ], [ 356797.51845746836625, 6883295.071572907269001 ], [ 356801.67500201088842, 6883299.877224719151855 ], [ 356826.957407954614609, 6883300.181094326078892 ] ] ], [ [ [ 356568.391476797754876, 6883261.574688083492219 ], [ 356616.433202635205816, 6883284.137946612201631 ], [ 356616.642598025500774, 6883266.740121845155954 ], [ 356614.650260026333854, 6883257.20497745834291 ], [ 356614.736105376097839, 6883250.072581505402923 ], [ 356608.587127851089463, 6883235.731601096689701 ], [ 356604.459298117551953, 6883228.548485741950572 ], [ 356598.224585992284119, 6883221.340007189661264 ], [ 356596.174936344497837, 6883216.559751199558377 ], [ 356591.98988151550293, 6883214.131524998694658 ], [ 356577.442233892856166, 6883197.311792506836355 ], [ 356572.811407954897732, 6883186.511068437248468 ], [ 356572.43420476547908, 6883185.631428629159927 ], [ 356571.926620499812998, 6883184.447585931047797 ], [ 356567.194266796694137, 6883173.410267565399408 ], [ 356563.152364503825083, 6883159.094737629406154 ], [ 356554.953981699422002, 6883139.973460704088211 ], [ 356555.039865275612101, 6883132.84117342159152 ], [ 356544.648755394737236, 6883120.826915634796023 ], [ 356536.221470866817981, 6883120.7254274263978 ], [ 356534.143232377013192, 6883118.322661513462663 ], [ 356479.365496462851297, 6883117.662827985361218 ], [ 356475.209045998402871, 6883112.857053301297128 ], [ 356447.820136748603545, 6883112.527031399309635 ], [ 356443.577844768180512, 6883114.853757353499532 ], [ 356439.364203125005588, 6883114.802978149615228 ], [ 356433.015038178768009, 6883117.10430970415473 ], [ 356426.69452518352773, 6883117.028134192340076 ], [ 356420.34535760350991, 6883119.329348346218467 ], [ 356407.618355003127363, 6883126.309381464496255 ], [ 356403.40470877639018, 6883126.258589710108936 ], [ 356390.649026582599618, 6883135.616109355352819 ], [ 356382.164303694851696, 6883140.269408620893955 ], [ 356377.893325440119952, 6883144.973505272530019 ], [ 356371.458038673037663, 6883154.40720522031188 ], [ 356358.644967007450759, 6883168.519589940086007 ], [ 356356.452182560460642, 6883175.626587815582752 ], [ 356352.18108239735011, 6883180.330785606056452 ], [ 356349.988293664064258, 6883187.437671639025211 ], [ 356339.195937082462478, 6883208.707953985780478 ], [ 356316.150664435815997, 6883250.817097978666425 ], [ 356335.80862291000085, 6883256.619595425203443 ], [ 356353.485272604273632, 6883246.925193012692034 ], [ 356372.533012363128364, 6883240.021527705714107 ], [ 356381.017710938351229, 6883235.368120776489377 ], [ 356396.905178366811015, 6883228.426207768730819 ], [ 356397.958623534650542, 6883228.438906336203218 ], [ 356414.870859622547869, 6883223.887172117829323 ], [ 356419.084442030463833, 6883223.937957175076008 ], [ 356423.326874856487848, 6883221.611239619553089 ], [ 356427.540652704657987, 6883221.662024084478617 ], [ 356431.782886565313675, 6883219.335301243700087 ], [ 356444.481319347512908, 6883214.732742968946695 ], [ 356445.022415257524699, 6883213.550339087843895 ], [ 356465.750516075175256, 6883198.344309732317924 ], [ 356478.563484388170764, 6883184.231814385391772 ], [ 356544.745963349065278, 6883185.028978176414967 ], [ 356558.081813647528179, 6883232.835162813775241 ], [ 356564.157056934665889, 6883250.652518018148839 ], [ 356564.085492799058557, 6883256.596274403855205 ], [ 356568.391476797754876, 6883261.574688083492219 ] ] ], [ [ [ 356085.462688236671966, 6882932.196412530727684 ], [ 356087.598251432529651, 6882929.844471302814782 ], [ 356096.025512492051348, 6882929.946283839643002 ], [ 356100.296537422284018, 6882925.242174658924341 ], [ 356104.510117070632987, 6882925.293076656758785 ], [ 356108.781233786954544, 6882920.589076600037515 ], [ 356117.265825129696168, 6882915.935971565544605 ], [ 356117.351979425409809, 6882908.80356359668076 ], [ 356115.273960720165633, 6882906.400609246455133 ], [ 356102.719307385385036, 6882899.115499858744442 ], [ 356083.758191099390388, 6882898.886423917487264 ], [ 356064.76929572771769, 6882891.480646448209882 ], [ 356039.918214362114668, 6882862.678766554221511 ], [ 356033.654613563092425, 6882860.23584702052176 ], [ 356016.972617585386615, 6882845.767413717694581 ], [ 356010.738461024186108, 6882838.558490016497672 ], [ 356004.418086376623251, 6882838.48208415415138 ], [ 356002.340004392084666, 6882836.079107223078609 ], [ 355998.126454783603549, 6882836.028167743235826 ], [ 355996.048472650756594, 6882833.625190822407603 ], [ 355962.339687973842956, 6882833.217610357329249 ], [ 355960.261710565071553, 6882830.814848456531763 ], [ 355913.912283206998836, 6882830.254262743517756 ], [ 355914.37244105222635, 6882792.214581505395472 ], [ 355899.826260626432486, 6882775.393839757889509 ], [ 355850.316915922856424, 6882774.794765329919755 ], [ 355871.42458769143559, 6882684.693095132708549 ], [ 355871.568435803172179, 6882672.805774571374059 ], [ 355869.519181119278073, 6882668.025263130664825 ], [ 355865.56462803814793, 6882646.577140549197793 ], [ 355859.474533633911051, 6882627.480805886909366 ], [ 355857.5979318524478, 6882608.435460917651653 ], [ 355853.55710555461701, 6882594.119635781273246 ], [ 355851.894640355894808, 6882592.197273744270205 ], [ 355843.368609925499186, 6882565.462478243745863 ], [ 355843.771483340358827, 6882532.17790639679879 ], [ 355848.071354041341692, 6882525.09648996219039 ], [ 355848.474221822049003, 6882491.811806017532945 ], [ 355842.326693579321727, 6882477.470472703687847 ], [ 355840.363919345312752, 6882465.557758942246437 ], [ 355836.236738942214288, 6882458.374227521941066 ], [ 355834.216319451108575, 6882451.21630797535181 ], [ 355827.982587384991348, 6882444.007383545860648 ], [ 355796.554365439747926, 6882429.359954084269702 ], [ 355797.101330026518553, 6882384.187934657558799 ], [ 355805.988694683823269, 6882346.250476450659335 ], [ 355810.288530212361366, 6882339.168963028118014 ], [ 355815.771257990505546, 6882321.401739828288555 ], [ 355848.337286114110611, 6882285.53414474055171 ], [ 355851.150509521539789, 6882270.706861544400454 ], [ 355851.582185192848556, 6882235.044768085703254 ], [ 355849.504245918884408, 6882232.641756856814027 ], [ 355845.290907534421422, 6882232.590754251927137 ], [ 355834.612906778871547, 6882244.351336162537336 ], [ 355832.419644683308434, 6882251.45813780836761 ], [ 355821.800671661971137, 6882258.462488217279315 ], [ 355815.365557963668834, 6882267.895788688212633 ], [ 355811.123321739607491, 6882270.222283366136253 ], [ 355811.108928406960331, 6882271.411038374528289 ], [ 355800.215644937066827, 6882301.00192821957171 ], [ 355791.587293243617751, 6882317.54212523624301 ], [ 355789.365497296792455, 6882327.026544285938144 ], [ 355776.466148171341047, 6882348.270839841105044 ], [ 355770.059551074868068, 6882355.326605891808867 ], [ 355763.537962436443195, 6882371.8924111854285 ], [ 355761.316038453835063, 6882381.376824511215091 ], [ 355748.358992548892274, 6882407.375891167670488 ], [ 355741.779655004153028, 6882428.696593888103962 ], [ 355741.49167220259551, 6882452.471360754221678 ], [ 355745.589901830768213, 6882462.032214601524174 ], [ 355745.532306552922819, 6882466.787234261631966 ], [ 355747.581474008562509, 6882471.567661055363715 ], [ 355779.182303244946525, 6882471.950378444977105 ], [ 355777.33975876797922, 6882624.108652215451002 ], [ 355707.816924466518685, 6882623.266588687896729 ], [ 355697.167859620181844, 6882632.648894628509879 ], [ 355694.974751398549415, 6882639.755788213573396 ], [ 355690.674749905709177, 6882646.837153924629092 ], [ 355690.199451765511185, 6882686.065396808087826 ], [ 355679.449590009462554, 6882703.768862908706069 ], [ 355677.25636261224281, 6882710.875752389431 ], [ 355677.05470572062768, 6882727.518097131513059 ], [ 355679.132706165488344, 6882729.921023907139897 ], [ 355678.959861219918821, 6882744.185858788900077 ], [ 355684.737902897060849, 6882754.242807613685727 ], [ 355693.505703605129384, 6882761.006885637529194 ], [ 355756.709104272071272, 6882761.772460741922259 ], [ 355756.190856613742653, 6882804.566954512149096 ], [ 355764.502781811403111, 6882814.17892804928124 ], [ 355764.330043290334288, 6882828.443869130685925 ], [ 355770.506575857638381, 6882840.40772507712245 ], [ 355770.420212973025627, 6882847.540029104799032 ], [ 355786.957809944055043, 6882873.896359556354582 ], [ 355795.298790385597385, 6882881.130801770836115 ], [ 355822.687230981886387, 6882881.462346766144037 ], [ 355833.278751981037203, 6882876.834830625914037 ], [ 355845.948321353411302, 6882874.610421726480126 ], [ 355862.802681423840113, 6882874.814384944736958 ], [ 355875.501008713268675, 6882870.212437142618001 ], [ 355889.690138420555741, 6882858.495056489482522 ], [ 355957.809879682492465, 6882859.319016575813293 ], [ 355959.887958817300387, 6882861.721890610642731 ], [ 355972.528734684747178, 6882861.874745199456811 ], [ 355978.820377082214691, 6882864.328563894145191 ], [ 355989.354325864405837, 6882864.455926410853863 ], [ 356021.67263149342034, 6882875.309155151247978 ], [ 356029.011719907750376, 6882883.795485764741898 ], [ 356050.224110357870813, 6882896.619421344250441 ], [ 356054.119149674777873, 6882910.417331390082836 ], [ 356066.587604105996434, 6882924.834901427850127 ], [ 356074.928683135891333, 6882932.069137559272349 ], [ 356085.462688236671966, 6882932.196412530727684 ] ] ], [ [ [ 355062.754746189923026, 6882301.560652391985059 ], [ 355063.159841781598516, 6882268.276003614068031 ], [ 355059.004253213584889, 6882263.46980375610292 ], [ 355052.684162341814954, 6882263.392879785969853 ], [ 355050.548494058195502, 6882265.744751934893429 ], [ 355042.092830907204188, 6882268.019584640860558 ], [ 355030.741329459939152, 6882277.392760744318366 ], [ 355027.230141597799957, 6882277.350017193704844 ], [ 355049.072676393552683, 6882386.996104730293155 ], [ 355048.956927773775533, 6882396.506050918251276 ], [ 355053.14149905834347, 6882398.934737453237176 ], [ 355055.190381788008381, 6882403.715296014212072 ], [ 355067.714979371172376, 6882413.379077123478055 ], [ 355074.00621726148529, 6882415.833503751084208 ], [ 355078.219632079126313, 6882415.884776528924704 ], [ 355086.820135712390766, 6882401.722456596791744 ], [ 355097.498346355976537, 6882389.963166624307632 ], [ 355097.758692277420778, 6882368.56598390173167 ], [ 355114.728178059100173, 6882359.260981945320964 ], [ 355115.248818390187807, 6882316.466394552029669 ], [ 355106.937666587415151, 6882306.854034557007253 ], [ 355104.888784197974019, 6882302.073373673483729 ], [ 355062.754746189923026, 6882301.560652391985059 ] ] ], [ [ [ 355071.800456293392926, 6881904.573132198303938 ], [ 355056.329252791416366, 6881904.38481205701828 ], [ 355029.359467477712315, 6881934.677212143316865 ], [ 355027.069063542818185, 6881944.451688132248819 ], [ 355022.682132095447741, 6881958.665262911468744 ], [ 355022.190035567444284, 6881999.082364113070071 ], [ 355026.316466180316638, 6882006.266097366809845 ], [ 355032.549587622052059, 6882013.475476826541126 ], [ 355036.733916600816883, 6882015.904285801574588 ], [ 355062.013755408348516, 6882016.212017802521586 ], [ 355074.480058302695397, 6882030.63073324970901 ], [ 355087.119991840794683, 6882030.784565223380923 ], [ 355091.39123307808768, 6882026.080920996144414 ], [ 355091.825224284897558, 6881990.41874787863344 ], [ 355093.960740143549629, 6881988.066868728026748 ], [ 355094.365798016893677, 6881954.782098615542054 ], [ 355084.382387320627458, 6881909.481782097369432 ], [ 355080.198087028460577, 6881907.05309915356338 ], [ 355071.800456293392926, 6881904.573132198303938 ] ] ], [ [ [ 355395.587895507283974, 6881787.240441724658012 ], [ 355395.645645389449783, 6881782.485413764603436 ], [ 355404.187507607974112, 6881773.077915066853166 ], [ 355404.533983988454565, 6881744.548190227709711 ], [ 355402.513969557825476, 6881737.390174709260464 ], [ 355398.41639642737573, 6881727.829062000848353 ], [ 355390.105371265672147, 6881718.216883279383183 ], [ 355383.814553544507362, 6881715.762609697878361 ], [ 355375.388130420178641, 6881715.66025666333735 ], [ 355370.049452126841061, 6881721.539958465844393 ], [ 355360.526483012945391, 6881724.991072718985379 ], [ 355354.119936473376583, 6881732.046727841719985 ], [ 355354.018845968763344, 6881740.367806551977992 ], [ 355343.269227239303291, 6881758.07097618188709 ], [ 355330.282943113474175, 6881786.447133552283049 ], [ 355268.255853589565959, 6881785.69331225939095 ], [ 355259.150367313995957, 6881764.931935640051961 ], [ 355251.905865191249177, 6881821.160774885676801 ], [ 355249.769316363497637, 6881823.513775134459138 ], [ 355249.682605530833825, 6881830.646319320425391 ], [ 355251.760255841305479, 6881833.049443326890469 ], [ 355251.702452297322452, 6881837.804251115769148 ], [ 355257.935607329825871, 6881845.013622973114252 ], [ 355262.148915547761135, 6881845.064840454608202 ], [ 355266.304325403529219, 6881849.871084387414157 ], [ 355281.050615025218576, 6881850.050324846059084 ], [ 355287.312692363571841, 6881854.88194418977946 ], [ 355327.338558545685373, 6881855.368342692032456 ], [ 355326.789702026639134, 6881900.540446013212204 ], [ 355335.15848604607163, 6881905.397855857387185 ], [ 355334.782979129464366, 6881936.305093811824918 ], [ 355338.996220324537717, 6881936.356281530112028 ], [ 355356.080428730463609, 6881917.5411311481148 ], [ 355356.253714699996635, 6881903.276269719004631 ], [ 355364.911209543759469, 6881884.35874036885798 ], [ 355364.997846891870722, 6881877.226420343853533 ], [ 355369.442195124807768, 6881858.257820747792721 ], [ 355371.635388143942691, 6881851.150977713987231 ], [ 355378.128517090226524, 6881836.962879853323102 ], [ 355378.272905311256181, 6881825.075420930050313 ], [ 355382.572834779042751, 6881817.994165084324777 ], [ 355382.861603584839031, 6881794.219357566908002 ], [ 355395.587895507283974, 6881787.240441724658012 ] ] ], [ [ [ 355068.007983942632563, 6881696.862882521003485 ], [ 355110.332764490623958, 6881681.525828332640231 ], [ 355125.078951974690426, 6881681.705272067338228 ], [ 355133.582499301293865, 6881675.467908704653382 ], [ 355191.249755779223051, 6881654.570715337060392 ], [ 355213.58487810450606, 6881680.404144885018468 ], [ 355243.077140670735389, 6881680.762757191434503 ], [ 355268.587459036731161, 6881662.050182254053652 ], [ 355279.26486616616603, 6881650.29086450394243 ], [ 355279.322665506508201, 6881645.535834326408803 ], [ 355283.651397490524687, 6881636.077207308262587 ], [ 355283.853687801514752, 6881619.434823039919138 ], [ 355290.260221937613096, 6881612.379205479286611 ], [ 355299.784528529387899, 6881522.137483041733503 ], [ 355297.735824824660085, 6881517.356849185191095 ], [ 355283.192150398739614, 6881500.535223880782723 ], [ 355281.143357973895036, 6881495.754696199670434 ], [ 355274.910385114839301, 6881488.545436853542924 ], [ 355249.920756491832435, 6881464.463283819146454 ], [ 355229.086570927000139, 6881445.187340578995645 ], [ 355220.775889737764373, 6881435.574915212579072 ], [ 355208.223340255615767, 6881428.288871345110238 ], [ 355204.068209349061362, 6881423.482598470523953 ], [ 355191.486765319597907, 6881418.573830612003803 ], [ 355178.934250674326904, 6881411.287754191085696 ], [ 355174.778941073920578, 6881406.481467848643661 ], [ 355168.517057198565453, 6881401.649662591516972 ], [ 355151.780549133312888, 6881391.934673555195332 ], [ 355139.257016180548817, 6881382.271036081016064 ], [ 355130.888588111614808, 6881377.413465110585093 ], [ 355111.929829408298247, 6881377.182738706469536 ], [ 355101.368127146153711, 6881379.432059825398028 ], [ 355092.884153506427538, 6881384.08442114200443 ], [ 355090.748640850011725, 6881386.436185377649963 ], [ 355088.58418543607695, 6881391.165577068924904 ], [ 355078.583840802311897, 6881433.844825736247003 ], [ 355043.825715456856415, 6881433.421655736863613 ], [ 355035.37053123768419, 6881435.696570724248886 ], [ 355003.772368588484824, 6881435.31176215223968 ], [ 354986.688217874092516, 6881454.12630249094218 ], [ 354896.106341259670444, 6881453.022591704502702 ], [ 354896.598967763595283, 6881412.605449685826898 ], [ 354891.578068950097077, 6881409.690760794095695 ], [ 354888.346722579444759, 6881398.237856343388557 ], [ 354865.174660168937407, 6881397.955380590632558 ], [ 354860.903631864697672, 6881402.658942975103855 ], [ 354856.661487429402769, 6881404.985095178708434 ], [ 354856.40061165438965, 6881426.382427841424942 ], [ 354862.633308184915222, 6881433.591918935999274 ], [ 354862.517370121378917, 6881443.101770276203752 ], [ 354866.672573470743373, 6881447.908170156180859 ], [ 354866.440704030625056, 6881466.927982985973358 ], [ 354868.489228687132709, 6881471.708699061535299 ], [ 354867.996517790714279, 6881512.125840954482555 ], [ 354865.745102170505561, 6881523.987529615871608 ], [ 354865.368322271562647, 6881554.894819300621748 ], [ 354867.416864008875564, 6881559.675534385256469 ], [ 354869.436525955155957, 6881566.833546431735158 ], [ 354875.863729788223282, 6881574.267912616953254 ], [ 354946.666503888904117, 6881575.897933977656066 ], [ 354955.188997956574894, 6881600.023484710603952 ], [ 354895.666669799538795, 6881666.75832281447947 ], [ 354893.382509635004681, 6881676.50581709947437 ], [ 354889.053446147940122, 6881685.964426337741315 ], [ 354888.995493174530566, 6881690.719350194558501 ], [ 354882.501833797781728, 6881704.907316224649549 ], [ 354882.270012241089717, 6881723.927122125402093 ], [ 354884.23176222096663, 6881735.840162990614772 ], [ 354886.280347347608767, 6881740.620872057974339 ], [ 354890.435574850882404, 6881745.427144967019558 ], [ 354892.455288059194572, 6881752.585260245017707 ], [ 354917.386939007556066, 6881781.423082249239087 ], [ 354916.923420754552353, 6881819.462797349318862 ], [ 354921.078787844337057, 6881824.26905857026577 ], [ 354925.262929033488035, 6881826.697909886948764 ], [ 354929.47623578296043, 6881826.749245385639369 ], [ 354933.66057578206528, 6881829.178096027113497 ], [ 354958.940027415635996, 6881829.486063798889518 ], [ 354979.861386157281231, 6881841.6300218552351 ], [ 354984.016785770247225, 6881846.436259573325515 ], [ 354988.412135443533771, 6881848.987561744637787 ], [ 355017.68866365775466, 6881849.641841813921928 ], [ 355017.896392897877377, 6881832.58196172118187 ], [ 355024.390044532949105, 6881818.393929321318865 ], [ 355026.58344110858161, 6881811.287141039967537 ], [ 355030.941377759561874, 6881799.451080727390945 ], [ 355033.904657773731742, 6881786.805268108844757 ], [ 355037.463943190989085, 6881782.885636691004038 ], [ 355039.657424896606244, 6881775.778847470879555 ], [ 355043.750856571132317, 6881766.834716016426682 ], [ 355043.795848903711885, 6881763.13913981616497 ], [ 355059.07989653898403, 6881737.969958461821079 ], [ 355063.351052196987439, 6881733.266326476819813 ], [ 355065.515471391263418, 6881728.537048022262752 ], [ 355067.651047409162857, 6881726.185175752267241 ], [ 355068.007983942632563, 6881696.862882521003485 ] ] ], [ [ [ 355319.951126080704853, 6880209.819116830825806 ], [ 355332.675924779730849, 6880202.840435888618231 ], [ 355338.994915231771301, 6880202.917257746681571 ], [ 355351.748598368605599, 6880193.560816566459835 ], [ 355360.231544446316548, 6880188.908413395285606 ], [ 355364.502062186773401, 6880184.204581663012505 ], [ 355366.781808801228181, 6880169.965291950851679 ], [ 355367.215280171833001, 6880134.303060175850987 ], [ 355369.350429434154648, 6880131.951253144070506 ], [ 355350.856003422173671, 6880093.680955965071917 ], [ 355348.720757174363825, 6880096.032869266346097 ], [ 355348.66295160073787, 6880100.787907909601927 ], [ 355346.498803249327466, 6880105.517118589952588 ], [ 355345.920752443082165, 6880153.066838702186942 ], [ 355265.88056925649289, 6880152.093546461313963 ], [ 355234.141120328218676, 6880163.596581263467669 ], [ 355229.870653537567705, 6880168.300369414500892 ], [ 355229.812802052707411, 6880173.05540906265378 ], [ 355240.19978240627097, 6880185.070912476629019 ], [ 355250.702466733113397, 6880187.576548821292818 ], [ 355252.77990657259943, 6880189.979691134765744 ], [ 355256.992628974490799, 6880190.030935359187424 ], [ 355265.360043214750476, 6880194.888234432786703 ], [ 355267.466405201586895, 6880194.913854466751218 ], [ 355280.04654970363481, 6880199.822603328153491 ], [ 355284.259275180462282, 6880199.873837750405073 ], [ 355296.81042358034756, 6880207.159864839166403 ], [ 355303.1294171360787, 6880207.236705649644136 ], [ 355309.41950116539374, 6880209.691062334924936 ], [ 355319.951126080704853, 6880209.819116830825806 ] ] ], [ [ [ 355562.266273249173537, 6880032.047642949968576 ], [ 355554.216354897536803, 6880001.038071705028415 ], [ 355541.64296319836285, 6880008.933588720858097 ], [ 355524.583847707603127, 6880012.567534293979406 ], [ 355499.30830643925583, 6880012.260603839531541 ], [ 355488.921142602222972, 6880000.245216514915228 ], [ 355480.553787857643329, 6879995.388071434572339 ], [ 355474.206033347232733, 6879997.688728159293532 ], [ 355472.070829965523444, 6880000.040551325306296 ], [ 355471.319988100382034, 6880061.855153342708945 ], [ 355475.445931597612798, 6880069.038766091689467 ], [ 355483.64018042141106, 6880088.161024758592248 ], [ 355487.795017684984487, 6880092.967002989724278 ], [ 355489.84361072757747, 6880097.747621377930045 ], [ 355494.027423167019151, 6880100.176301490515471 ], [ 355496.104795203544199, 6880102.579398985952139 ], [ 355500.288611909374595, 6880105.007965959608555 ], [ 355521.351661775377579, 6880105.263735570013523 ], [ 355534.104991975531448, 6880095.907217904925346 ], [ 355542.645717286504805, 6880086.499656151048839 ], [ 355542.79003566026222, 6880074.61228670924902 ], [ 355552.279331489466131, 6880064.15972475707531 ], [ 355559.13431987009244, 6880042.534612087532878 ], [ 355562.179692172911018, 6880039.180086832493544 ], [ 355562.266273249173537, 6880032.047642949968576 ] ] ], [ [ [ 355657.2206078103045, 6879324.605906872078776 ], [ 355676.262791694374755, 6879317.703457498922944 ], [ 355680.475100670242682, 6879317.754563673399389 ], [ 355684.716253794496879, 6879315.42814870737493 ], [ 355686.851299347239546, 6879313.076292252168059 ], [ 355691.09254764940124, 6879310.74987631291151 ], [ 355695.362536911852658, 6879306.046048919670284 ], [ 355695.622114647179842, 6879284.648593684658408 ], [ 355710.768948635319248, 6879251.542826944962144 ], [ 355710.826628065144178, 6879246.787787557579577 ], [ 355715.212040590355173, 6879232.573987161740661 ], [ 355715.673460682039149, 6879194.534224771894515 ], [ 355713.596117633744143, 6879192.131267537362874 ], [ 355709.499214952229522, 6879182.570202454924583 ], [ 355705.344537925266195, 6879177.764174271374941 ], [ 355701.16112134209834, 6879175.335554832592607 ], [ 355629.061680512619205, 6879214.883810242637992 ], [ 355629.725372932327446, 6879160.201728142797947 ], [ 355593.920771345961839, 6879159.767099829390645 ], [ 355594.324864708003588, 6879126.482253023423254 ], [ 355590.14158552698791, 6879124.053593864664435 ], [ 355586.044707291643135, 6879114.492589853703976 ], [ 355575.658400841173716, 6879102.477346720173955 ], [ 355575.687269182759337, 6879100.09982577059418 ], [ 355571.532674655376468, 6879095.293746847659349 ], [ 355571.761460411129519, 6879076.452186369337142 ], [ 355553.2838588450104, 6879041.133971360512078 ], [ 355553.156962638197001, 6879047.508956767618656 ], [ 355544.470638803089969, 6879068.808854941278696 ], [ 355538.065628280746751, 6879075.864569650962949 ], [ 355531.602855621604249, 6879087.675323702394962 ], [ 355520.819443343672901, 6879108.350447514094412 ], [ 355520.6389532686444, 6879123.209567454643548 ], [ 355545.566121733863838, 6879152.046341800130904 ], [ 355544.411201912618708, 6879247.145845826715231 ], [ 355542.218490524857771, 6879254.252609407529235 ], [ 355541.785397863364778, 6879289.914975825697184 ], [ 355537.544124622247182, 6879292.24133952986449 ], [ 355537.197646328131668, 6879320.771032318472862 ], [ 355539.274978286703117, 6879323.174131298437715 ], [ 355539.217233295086771, 6879327.929061491973698 ], [ 355545.449140127107967, 6879335.138243889436126 ], [ 355633.908477160031907, 6879336.212135884910822 ], [ 355642.390911191760097, 6879331.559448473155499 ], [ 355648.76713298773393, 6879326.881196599453688 ], [ 355657.2206078103045, 6879324.605906872078776 ] ] ], [ [ [ 357290.481912840041332, 6879013.825430318713188 ], [ 357292.616576654603705, 6879011.47318962495774 ], [ 357296.828851193771698, 6879011.523729052394629 ], [ 357298.963413824618328, 6879009.171596901491284 ], [ 357303.232636064756662, 6879004.467221917584538 ], [ 357305.367295674688648, 6879002.114979084581137 ], [ 357307.501954450272024, 6878999.762735894881189 ], [ 357309.636612392030656, 6878997.41049235034734 ], [ 357313.905826295842417, 6878992.706113817170262 ], [ 357316.040383586543612, 6878990.353868024423718 ], [ 357318.175036864355206, 6878988.001733858138323 ], [ 357320.30969064385863, 6878985.649488538503647 ], [ 357322.472862717928365, 6878980.919842794537544 ], [ 357324.607416272629052, 6878978.567595593631268 ], [ 357326.799105196609162, 6878971.460438277572393 ], [ 357328.962174272164702, 6878966.730790304020047 ], [ 357331.125341210921761, 6878962.00103235244751 ], [ 357333.288505203730892, 6878957.271384853869677 ], [ 357333.431095632025972, 6878945.384051971137524 ], [ 357335.622774398594629, 6878938.276893196627498 ], [ 357337.842870610300452, 6878928.792221946641803 ], [ 357337.985459354589693, 6878916.904777972027659 ], [ 357329.589595065393951, 6878914.426324924454093 ], [ 357323.271431859349832, 6878914.350532825104892 ], [ 357321.136791886296123, 6878916.702667539939284 ], [ 357319.002149744133931, 6878919.054912695661187 ], [ 357314.732961120491382, 6878923.759403120726347 ], [ 357312.541273101000115, 6878930.866447793319821 ], [ 357312.484227140666917, 6878935.621469947509468 ], [ 357308.2435540772276, 6878937.948447206988931 ], [ 357306.080382890300825, 6878942.678090539760888 ], [ 357301.811182380653918, 6878947.38246595300734 ], [ 357299.648005778086372, 6878952.11221903283149 ], [ 357297.513451448176056, 6878954.464461845345795 ], [ 357297.456401319243014, 6878959.219373239204288 ], [ 357295.236170290911105, 6878968.704036972485483 ], [ 357293.07298902515322, 6878973.433678200468421 ], [ 357288.860826067160815, 6878973.383138054981828 ], [ 357284.62013629230205, 6878975.709996736608446 ], [ 357274.089579273073468, 6878975.583634410053492 ], [ 357269.905945003032684, 6878973.155687166377902 ], [ 357267.856876019388437, 6878968.375500930473208 ], [ 357265.779278134752531, 6878965.972714704461396 ], [ 357263.758744637365453, 6878958.815016309730709 ], [ 357261.709779065451585, 6878954.034829890355468 ], [ 357259.632283214945346, 6878951.632043566554785 ], [ 357257.554690066026524, 6878949.229255658574402 ], [ 357253.39950499223778, 6878944.423789424821734 ], [ 357244.975198415806517, 6878944.322678675875068 ], [ 357242.840537226526067, 6878946.674800121225417 ], [ 357236.493718782789074, 6878948.976472952403128 ], [ 357232.253024814592209, 6878951.303423903882504 ], [ 357228.012230986380018, 6878953.630372228100896 ], [ 357225.877664212253876, 6878955.98238119110465 ], [ 357221.608424692531116, 6878960.686840063892305 ], [ 357217.367625356651843, 6878963.013784797862172 ], [ 357213.098281814251095, 6878967.718239640817046 ], [ 357208.800492479931563, 6878974.799984216690063 ], [ 357204.474152860697359, 6878984.259349750354886 ], [ 357204.331435643718578, 6878996.146685887128115 ], [ 357208.486521788232494, 6879000.95227862522006 ], [ 357210.535573951900005, 6879005.732475643977523 ], [ 357256.413371615577489, 6879044.328263821080327 ], [ 357290.481912840041332, 6879013.825430318713188 ] ] ], [ [ [ 356946.167107890709303, 6878919.332062163390219 ], [ 356969.534311601542868, 6878902.968318808823824 ], [ 356973.746454356412869, 6878903.018973108381033 ], [ 356975.88106725923717, 6878900.666785938665271 ], [ 356980.1790740385768, 6878893.585121321491897 ], [ 356984.477078557130881, 6878886.503233699128032 ], [ 356986.640273826895282, 6878881.773642400279641 ], [ 356988.832055790815502, 6878874.666537578217685 ], [ 356990.966759001370519, 6878872.314349131658673 ], [ 356993.158633787417784, 6878865.20735558308661 ], [ 356995.321921694092453, 6878860.477653256617486 ], [ 356999.591221721260808, 6878855.773272732272744 ], [ 357001.725721928058192, 6878853.421190965920687 ], [ 357003.8605157493148, 6878851.069112382829189 ], [ 357016.496985353122, 6878851.221037823706865 ], [ 357018.545933756860904, 6878856.001162345521152 ], [ 357022.700993857579306, 6878860.806827207095921 ], [ 357022.615251514362171, 6878867.939144626259804 ], [ 357024.664104828785639, 6878872.719488187693059 ], [ 357028.761916201212443, 6878882.280064325779676 ], [ 357030.810874265502207, 6878887.060296908020973 ], [ 357045.553498025750741, 6878887.237507056444883 ], [ 357047.71676668676082, 6878882.507906845770776 ], [ 357049.880032400484197, 6878877.778417081572115 ], [ 357052.043104193580803, 6878873.048592215403914 ], [ 357052.100255635275971, 6878868.293566588312387 ], [ 357054.263517354207579, 6878863.56407612003386 ], [ 357056.426780119596515, 6878858.834363707341254 ], [ 357056.483930116402917, 6878854.07933805231005 ], [ 357058.647187845548615, 6878849.349846880882978 ], [ 357058.847208133665845, 6878832.707478448748589 ], [ 357061.039038642367814, 6878825.600252432748675 ], [ 357063.173717390163802, 6878823.248162642121315 ], [ 357065.336869447666686, 6878818.518669228069484 ], [ 357067.500023883767426, 6878813.78884307295084 ], [ 357069.663272189733107, 6878809.059239340946078 ], [ 357071.797946398844942, 6878806.707148145884275 ], [ 357073.932621106388979, 6878804.354945793747902 ], [ 357076.067294979526196, 6878802.00274309143424 ], [ 357101.340123054280411, 6878802.306431448087096 ], [ 357107.629666333436035, 6878804.759856643155217 ], [ 357111.813305927149486, 6878807.187977321445942 ], [ 357113.8907475117594, 6878809.590681415051222 ], [ 357115.968286765972152, 6878811.99349707737565 ], [ 357118.017265070928261, 6878816.773714122362435 ], [ 357120.066145650169346, 6878821.554040333256125 ], [ 357122.143689671822358, 6878823.956743944436312 ], [ 357124.192672778386623, 6878828.736959660425782 ], [ 357130.425211689143907, 6878835.945397998206317 ], [ 357134.608770061808173, 6878838.373397927731276 ], [ 357136.686320049164351, 6878840.776098700240254 ], [ 357142.975988612684887, 6878843.229505116119981 ], [ 357147.188107628724538, 6878843.280098868533969 ], [ 357149.322772786545102, 6878840.927883448079228 ], [ 357161.959225127007812, 6878841.079654762521386 ], [ 357164.09378737048246, 6878838.727546449750662 ], [ 357170.440661333152093, 6878836.426025756634772 ], [ 357176.787337713758461, 6878834.124388618394732 ], [ 357183.13420778431464, 6878831.822750546038151 ], [ 357187.37487127201166, 6878829.495818117633462 ], [ 357197.962296731187962, 6878824.867348129861057 ], [ 357206.443707668571733, 6878820.213583631440997 ], [ 357208.578356703859754, 6878817.861358178779483 ], [ 357214.953557389439084, 6878813.182300147600472 ], [ 357223.492135469568893, 6878803.773501293733716 ], [ 357227.732682508591097, 6878801.446553961373866 ], [ 357234.136601849691942, 6878794.390087448060513 ], [ 357236.271240848931484, 6878792.037857368588448 ], [ 357242.674955217109527, 6878784.981273440644145 ], [ 357249.135933106357697, 6878773.169664818793535 ], [ 357253.462071232264861, 6878763.71039474196732 ], [ 357257.731330179376528, 6878759.005927882157266 ], [ 357259.923027941025794, 6878751.898780861869454 ], [ 357264.163646160275675, 6878749.571933437138796 ], [ 357268.489864186558407, 6878740.112548835575581 ], [ 357270.653019190474879, 6878735.382911997847259 ], [ 357272.873238824424334, 6878725.89825095795095 ], [ 357277.170910021639429, 6878718.816375475376844 ], [ 357279.333960024116095, 6878714.086736056953669 ], [ 357283.631722926918883, 6878707.004748856648803 ], [ 357287.872418785467744, 6878704.677894877269864 ], [ 357294.247528310515918, 6878699.998797494918108 ], [ 357298.488220817700494, 6878697.671829104423523 ], [ 357304.834894671221264, 6878695.370128541253507 ], [ 357311.153040083765518, 6878695.445936487987638 ], [ 357313.316170761361718, 6878690.716292656958103 ], [ 357317.58528113225475, 6878686.011915571056306 ], [ 357321.854389496729709, 6878681.307426267303526 ], [ 357326.152114393946249, 6878674.225535750389099 ], [ 357332.641278387105558, 6878660.036482722498477 ], [ 357334.832916345796548, 6878652.929323616437614 ], [ 357334.889959482010454, 6878648.174300034530461 ], [ 357332.812407545337919, 6878645.77163353562355 ], [ 357330.734954607847612, 6878643.3689678106457 ], [ 357326.551432455191389, 6878640.940924244001508 ], [ 357320.261742802103981, 6878638.48761017806828 ], [ 357314.02930240961723, 6878631.279381885193288 ], [ 357314.200455758720636, 6878617.014531517401338 ], [ 357318.469541248050518, 6878612.310154777951539 ], [ 357322.71010028506862, 6878609.983177810907364 ], [ 357326.950755765195936, 6878607.656200570985675 ], [ 357331.162788601708598, 6878607.706732650287449 ], [ 357337.53792857110966, 6878603.027615526691079 ], [ 357358.598279624944553, 6878603.280244937166572 ], [ 357360.732761558552738, 6878600.9281040225178 ], [ 357362.895858675066847, 6878596.198341335169971 ], [ 357367.136402638047002, 6878593.871349083259702 ], [ 357373.568548088893294, 6878584.43730079382658 ], [ 357373.739633055345621, 6878570.172451696358621 ], [ 357371.662187775829807, 6878567.769681876525283 ], [ 357369.641675004502758, 6878560.61199757643044 ], [ 357369.698704888811335, 6878555.857084650546312 ], [ 357367.621164930576924, 6878553.454312764108181 ], [ 357365.543723970302381, 6878551.051541650667787 ], [ 357363.494701346033253, 6878546.271367821842432 ], [ 357361.417164383747149, 6878543.868594693951309 ], [ 357357.262189830187708, 6878539.063159210607409 ], [ 357355.213174168369733, 6878534.282872856594622 ], [ 357342.748181878705509, 6878519.866442153230309 ], [ 357338.564701259019785, 6878517.438511506654322 ], [ 357334.381125482614152, 6878515.010467329062521 ], [ 357330.254696208052337, 6878507.827509101480246 ], [ 357328.17727101611672, 6878505.424730671569705 ], [ 357323.993700213264674, 6878502.9967933408916 ], [ 357317.704183959227521, 6878500.543475594371557 ], [ 357315.62676255236147, 6878498.140694791451097 ], [ 357311.443196737964172, 6878495.712752810679376 ], [ 357309.365679297770839, 6878493.309969633817673 ], [ 357237.761307693726849, 6878492.45055524725467 ], [ 357231.414626422687434, 6878494.752215481363237 ], [ 357225.068140166520607, 6878497.05376398563385 ], [ 357218.721453673671931, 6878499.355417639017105 ], [ 357214.509457551408559, 6878499.304844118654728 ], [ 357210.268913286854513, 6878501.631782089360058 ], [ 357206.028270496171899, 6878503.958606634289026 ], [ 357191.229124747973401, 6878508.536602853797376 ], [ 357174.295363050943706, 6878515.466688921675086 ], [ 357159.467534098192118, 6878522.422047946602106 ], [ 357153.120919304667041, 6878524.723558001220226 ], [ 357140.399118819041178, 6878531.704192343167961 ], [ 357138.264503229933325, 6878534.056404861621559 ], [ 357131.917876337422058, 6878536.358014795929193 ], [ 357129.783258221228607, 6878538.710225882008672 ], [ 357125.542683555861004, 6878541.037024011835456 ], [ 357121.30210585007444, 6878543.363931493833661 ], [ 357119.167585176415741, 6878545.715920371934772 ], [ 357114.8983383779414, 6878550.420448713004589 ], [ 357112.763714388245717, 6878552.772656947374344 ], [ 357108.494465249415953, 6878557.476961554959416 ], [ 357104.225409069098532, 6878562.181267101317644 ], [ 357102.062211890064646, 6878566.910986991599202 ], [ 357099.927583832642995, 6878569.26308230496943 ], [ 357097.764385133516043, 6878573.992690698243678 ], [ 357095.62975367566105, 6878576.344896110706031 ], [ 357093.495219531469047, 6878578.697102341800928 ], [ 357089.226051926496439, 6878583.401401760987937 ], [ 357087.062846670625731, 6878588.131008406169713 ], [ 357082.822146373451687, 6878590.457901858724654 ], [ 357078.553067245928105, 6878595.16230970621109 ], [ 357074.312362711702008, 6878597.489200284704566 ], [ 357072.149150523240678, 6878602.218693681061268 ], [ 357070.014509059838019, 6878604.570894833654165 ], [ 357065.773995755123906, 6878606.89778490178287 ], [ 357063.639352192287333, 6878609.249984977766871 ], [ 357055.129350114497356, 6878616.281046584248543 ], [ 357050.888829591101967, 6878618.607931607402861 ], [ 357046.619531563308556, 6878623.31232641171664 ], [ 357042.378810503287241, 6878625.639206195250154 ], [ 357038.109705566428602, 6878630.343378913588822 ], [ 357031.705743463593535, 6878637.399964187294245 ], [ 357027.465112509438768, 6878639.726840123534203 ], [ 357021.032655586139299, 6878649.16071330010891 ], [ 357018.89799571770709, 6878651.512905905023217 ], [ 357016.763335014868062, 6878653.865098154172301 ], [ 357014.600188771961257, 6878658.594583308324218 ], [ 356993.253820640849881, 6878682.11626473814249 ], [ 356991.119250344345346, 6878684.468232319690287 ], [ 356986.850003773113713, 6878689.172608425840735 ], [ 356980.474572374077979, 6878693.851654395461082 ], [ 356978.339896663965192, 6878696.20384025387466 ], [ 356974.099235385307111, 6878698.530587503686547 ], [ 356969.82997841143515, 6878703.234847110696137 ], [ 356965.617808218870778, 6878703.184187270700932 ], [ 356963.454630814027041, 6878707.913885641843081 ], [ 356957.107874574139714, 6878710.215407080948353 ], [ 356952.895701714442112, 6878710.164742838591337 ], [ 356950.761117053509224, 6878712.516814433038235 ], [ 356944.414355596818496, 6878714.81832929328084 ], [ 356942.279670254967641, 6878717.170398276299238 ], [ 356938.067592864390463, 6878717.119730065576732 ], [ 356933.82691442099167, 6878719.446574340574443 ], [ 356929.557534308696631, 6878724.150929963216186 ], [ 356925.345454250462353, 6878724.100257350131869 ], [ 356921.104673861875199, 6878726.426985292695463 ], [ 356918.94147471501492, 6878731.156676342710853 ], [ 356916.806781374616548, 6878733.508741037920117 ], [ 356912.508883968228474, 6878740.590495377779007 ], [ 356910.345580970926676, 6878745.320183852687478 ], [ 356909.71627742680721, 6878797.624604481272399 ], [ 356911.793775132158771, 6878800.027457647025585 ], [ 356911.679358508321457, 6878809.537402233108878 ], [ 356913.756860163644888, 6878811.940144119784236 ], [ 356913.671048230724409, 6878819.072685520164669 ], [ 356917.825958595843986, 6878823.878166777081788 ], [ 356919.874762034392916, 6878828.658530730754137 ], [ 356921.92366537603084, 6878833.438895414583385 ], [ 356923.97257313830778, 6878838.219038052484393 ], [ 356928.098891217203345, 6878845.402250366285443 ], [ 356932.253912516636774, 6878850.207948565483093 ], [ 356934.302729516115505, 6878854.988087844103575 ], [ 356938.429158266051672, 6878862.171297087334096 ], [ 356946.167107890709303, 6878919.332062163390219 ] ] ], [ [ [ 355661.767014738754369, 6878704.075905952602625 ], [ 355649.130542643426452, 6878703.922533054836094 ], [ 355644.889591783750802, 6878706.248928287997842 ], [ 355642.725877299322747, 6878710.978297746740282 ], [ 355642.668158925836906, 6878715.733341172337532 ], [ 355640.533203472092282, 6878718.085187379270792 ], [ 355640.273472217668314, 6878739.482550110667944 ], [ 355642.350714697735384, 6878741.885636327788234 ], [ 355644.399002732243389, 6878746.666131753474474 ], [ 355648.553394684277009, 6878751.472300924360752 ], [ 355652.707889536046423, 6878756.278358868323267 ], [ 355654.756282647140324, 6878761.05885333288461 ], [ 355658.91068399802316, 6878765.865018415264785 ], [ 355663.036235621431842, 6878773.048592485487461 ], [ 355669.325605875172187, 6878775.502792441286147 ], [ 355673.480117758503184, 6878780.308842271566391 ], [ 355677.663386326166801, 6878782.737367996945977 ], [ 355686.030023903003894, 6878787.594637583009899 ], [ 355690.213296112720855, 6878790.023269459605217 ], [ 355694.367723346222192, 6878794.829310143366456 ], [ 355725.785946552234236, 6878809.477378269657493 ], [ 355816.318606053828262, 6878812.953148175962269 ], [ 355818.453344515059143, 6878810.6012690840289 ], [ 355820.588279784540646, 6878808.249281218275428 ], [ 355820.761212978744879, 6878793.984380533918738 ], [ 355818.684023179637734, 6878791.581439526751637 ], [ 355818.741669517941773, 6878786.826398664154112 ], [ 355814.558374713815283, 6878784.397813037037849 ], [ 355812.481089761364274, 6878781.994869600981474 ], [ 355810.43263060512254, 6878777.214405249804258 ], [ 355808.35534914053278, 6878774.811350186355412 ], [ 355802.094879442360252, 6878769.979705529287457 ], [ 355800.017599598621018, 6878767.576759660616517 ], [ 355789.544928204093594, 6878762.69403469376266 ], [ 355779.101095143938437, 6878755.433890156447887 ], [ 355770.676682155230083, 6878755.331726927310228 ], [ 355762.281298784189858, 6878752.852150034159422 ], [ 355726.478136877878569, 6878752.417871240526438 ], [ 355718.082568152807653, 6878749.938149492256343 ], [ 355709.687198942177929, 6878747.458424046635628 ], [ 355703.368990046379622, 6878747.381766311824322 ], [ 355699.214577194536105, 6878742.575727928429842 ], [ 355692.925121345208026, 6878740.121542001143098 ], [ 355688.741865517571568, 6878737.693021005019546 ], [ 355686.664713048725389, 6878735.289944433607161 ], [ 355684.616312547121197, 6878730.509455654770136 ], [ 355682.539064074051566, 6878728.106377054937184 ], [ 355678.384666487574577, 6878723.300330637022853 ], [ 355674.230273651890457, 6878718.49417179916054 ], [ 355665.921397360856645, 6878708.882069658488035 ], [ 355661.767014738754369, 6878704.075905952602625 ] ] ], [ [ [ 357432.336749682319351, 6878407.453130541369319 ], [ 357445.029731813585386, 6878402.849707429297268 ], [ 357453.453845127660315, 6878402.950694860890508 ], [ 357466.146813187515363, 6878398.347249729558825 ], [ 357474.570726395293605, 6878398.448219979181886 ], [ 357491.47573457180988, 6878393.895121657289565 ], [ 357508.380629165156279, 6878389.342109451070428 ], [ 357512.64955839375034, 6878384.63766823336482 ], [ 357563.421189216081984, 6878366.223341098055243 ], [ 357588.351367770810612, 6878395.055722353979945 ], [ 357668.379166481900029, 6878396.013885201886296 ], [ 357676.746258326573297, 6878400.869734453968704 ], [ 357718.86609474971192, 6878401.373783050104976 ], [ 357723.13494202226866, 6878396.669158849865198 ], [ 357723.381476241047494, 6878376.064439060166478 ], [ 357702.41639079171, 6878367.887477992102504 ], [ 357681.356580307998229, 6878367.635441328398883 ], [ 357673.04642255033832, 6878358.024794498458505 ], [ 357635.138672644272447, 6878357.571005260571837 ], [ 357635.764892815845087, 6878305.266428745351732 ], [ 357631.666833051713184, 6878295.70617735479027 ], [ 357627.511849032947794, 6878290.900724850594997 ], [ 357623.356767627992667, 6878286.095491143874824 ], [ 357606.622895865410101, 6878276.383702518418431 ], [ 357551.867553740623407, 6878275.727867936715484 ], [ 357547.59867568127811, 6878280.432432427071035 ], [ 357539.174750119214877, 6878280.331509247422218 ], [ 357530.636979728296865, 6878289.740406591445208 ], [ 357395.056074677559081, 6878354.694197341799736 ], [ 357428.124887432844844, 6878407.40263251028955 ], [ 357432.336749682319351, 6878407.453130541369319 ] ] ], [ [ [ 358234.655726069700904, 6878245.843092544004321 ], [ 358150.417205044301227, 6878244.838453599251807 ], [ 358146.148585475573782, 6878249.543222784996033 ], [ 358183.545524373883381, 6878292.789874537847936 ], [ 358182.978422810556367, 6878340.339254403486848 ], [ 358187.13364065339556, 6878345.144391722977161 ], [ 358195.500887476839125, 6878349.999869085848331 ], [ 358203.924843002809212, 6878350.100325157865882 ], [ 358212.292002845671959, 6878354.955678276717663 ], [ 358224.927891519735567, 6878355.10634149517864 ], [ 358237.677253852889407, 6878345.747073842212558 ], [ 358254.751782549894415, 6878326.92819339223206 ], [ 358272.109635465312749, 6878284.334438693709671 ], [ 358272.222985469736159, 6878274.824630852788687 ], [ 358255.60201365291141, 6878255.60396783798933 ], [ 358247.178126607905142, 6878255.50354559533298 ], [ 358243.02291800675448, 6878250.698539193719625 ], [ 358238.811025130969938, 6878250.648324875161052 ], [ 358234.655726069700904, 6878245.843092544004321 ] ] ], [ [ [ 357808.056976022897288, 6878340.617430837824941 ], [ 357808.511855483986437, 6878302.577936041168869 ], [ 357888.538969817338511, 6878303.534642930142581 ], [ 357892.807812325772829, 6878298.829962665215135 ], [ 357910.337317901547067, 6878241.971956223249435 ], [ 357901.91352846857626, 6878241.871290106326342 ], [ 357889.448234319279436, 6878227.455441622063518 ], [ 357876.812466462259181, 6878227.304416187107563 ], [ 357847.72686792910099, 6878193.667383385822177 ], [ 357843.514989417861216, 6878193.617028178647161 ], [ 357839.359962187241763, 6878188.811651106923819 ], [ 357784.605068173317704, 6878188.156871609389782 ], [ 357780.336315769527573, 6878192.861515028402209 ], [ 357780.222568825003691, 6878202.371335482224822 ], [ 357771.571197720360942, 6878221.290326595306396 ], [ 357771.40056742017623, 6878235.555167837068439 ], [ 357767.131793768843636, 6878240.259807144291699 ], [ 357766.847404385043774, 6878264.034468229860067 ], [ 357762.521640916587785, 6878273.494125844910741 ], [ 357761.725338293821551, 6878340.063306041061878 ], [ 357808.056976022897288, 6878340.617430837824941 ] ] ], [ [ [ 358965.686994232877623, 6878054.800978552550077 ], [ 359012.637459009070881, 6878003.046260030940175 ], [ 359016.962118625466246, 6877993.586300488561392 ], [ 359021.230290611507371, 6877988.881346048787236 ], [ 359025.611220851074904, 6877974.666485669091344 ], [ 359026.287795709911734, 6877917.607166983187199 ], [ 359044.881975665281061, 6877871.970196000300348 ], [ 359073.350308240391314, 6877856.342329466715455 ], [ 359081.773888149764389, 6877856.442178005352616 ], [ 359086.041987607139163, 6877851.737202547490597 ], [ 359094.521920535480604, 6877847.082034587860107 ], [ 359111.538015255937353, 6877833.016894191503525 ], [ 359112.157861601619516, 6877780.712696017697453 ], [ 359108.115203975234181, 6877766.397980534471571 ], [ 359108.284260643878952, 6877752.133178078569472 ], [ 359087.507351626176387, 6877728.10887594986707 ], [ 359075.210366183659062, 6877699.429493051022291 ], [ 359076.37153705698438, 6877601.47781344410032 ], [ 359155.965424197493121, 6877638.56362365745008 ], [ 359185.447355404146947, 6877638.912884248420596 ], [ 359189.715241297904868, 6877634.207873985171318 ], [ 359194.03964173264103, 6877624.747856820002198 ], [ 359206.843658431025688, 6877610.632707143202424 ], [ 359219.760266626952216, 6877587.00775083899498 ], [ 359228.296170953894034, 6877577.59748699516058 ], [ 359228.521402086946182, 6877558.577899156138301 ], [ 359224.478797604271676, 6877544.263222887180746 ], [ 359220.323384212097153, 6877539.458336767740548 ], [ 359216.224286340991966, 6877529.898662505671382 ], [ 359199.603077449137345, 6877510.679321266710758 ], [ 359200.560545751533937, 6877429.845392491668463 ], [ 359246.888304828258697, 6877430.394055508077145 ], [ 359255.367877788376063, 6877425.738896049559116 ], [ 359255.536779563000891, 6877411.474092623218894 ], [ 359289.679920170514379, 6877373.833473470062017 ], [ 359327.584313871047925, 6877374.282116793096066 ], [ 359327.921951380732935, 6877345.752512896433473 ], [ 359323.822944048908539, 6877336.192875278182328 ], [ 359315.51229857839644, 6877326.583166722208261 ], [ 359307.089199164649472, 6877326.483469481579959 ], [ 359265.254800809780136, 6877302.210287937894464 ], [ 359266.211898249690421, 6877221.376350894570351 ], [ 359270.479807874071412, 6877216.671318878419697 ], [ 359270.592406243667938, 6877207.161410858854651 ], [ 359274.916509533824865, 6877197.701366866007447 ], [ 359275.141699795494787, 6877178.681661263108253 ], [ 359284.127742951677646, 6877131.231955451890826 ], [ 359237.801057932898402, 6877130.683388279750943 ], [ 359229.43441055144649, 6877125.828841425478458 ], [ 359216.799872881150804, 6877125.679191835224628 ], [ 359208.433043296216056, 6877120.824405753985047 ], [ 359183.163976362789981, 6877120.525048036128283 ], [ 359178.89625882008113, 6877125.230051627382636 ], [ 359174.515663222176954, 6877139.444962676614523 ], [ 359143.950295243179426, 6877179.845130812376738 ], [ 359131.836860922863707, 6877186.495222720317543 ], [ 359127.569000675808638, 6877191.200318926014006 ], [ 359101.736112866783515, 6877238.450244340114295 ], [ 359093.200233954703435, 6877247.860192840918899 ], [ 359088.875966968829744, 6877257.32017682492733 ], [ 359084.438950151787139, 6877276.289960261434317 ], [ 359080.170942207681946, 6877280.995039836503565 ], [ 359079.156230648979545, 6877366.583796983584762 ], [ 359074.775541947106831, 6877380.79867653362453 ], [ 359074.324554636492394, 6877418.838207144290209 ], [ 359061.407808683114126, 6877442.46312584169209 ], [ 359052.871759127709083, 6877451.87316102348268 ], [ 359052.758998323348351, 6877461.382960403338075 ], [ 359039.785781348356977, 6877489.762868482619524 ], [ 359026.925287891936023, 6877508.632743008434772 ], [ 359018.219987441611011, 6877532.307454755529761 ], [ 359013.951964917243458, 6877537.01251501776278 ], [ 359013.895569411979523, 6877541.767525460571051 ], [ 359005.133824168005958, 6877570.197239088825881 ], [ 359004.908236604358535, 6877589.21683713234961 ], [ 359000.583789995289408, 6877598.676903582178056 ], [ 358999.850614032824524, 6877660.491037232801318 ], [ 359012.0909838861553, 6877693.925407417118549 ], [ 359011.752631632669363, 6877722.455131743103266 ], [ 358998.779071679455228, 6877750.834890369325876 ], [ 358985.974656107951887, 6877764.94982981774956 ], [ 358981.650141944526695, 6877774.40966886933893 ], [ 358964.633864918956533, 6877788.474626203067601 ], [ 358960.309324726695195, 6877797.934569058939815 ], [ 358951.772954591258895, 6877807.344541108235717 ], [ 358951.265233932237606, 6877850.138961251825094 ], [ 358955.307838837383315, 6877864.453736256808043 ], [ 358955.195017616148107, 6877873.963532958179712 ], [ 358975.971846255240962, 6877897.988171813078225 ], [ 358975.492431305698119, 6877938.405080245807767 ], [ 358962.603190059307963, 6877959.652402626350522 ], [ 358954.066813599434681, 6877969.062269410118461 ], [ 358933.308455043123104, 6878014.469876812770963 ], [ 358894.819197553908452, 6877992.137309725396335 ], [ 358848.489094045944512, 6877991.587363831698895 ], [ 358849.166513324424159, 6877934.528132207691669 ], [ 358828.389760863850825, 6877910.503374676220119 ], [ 358815.810836946300697, 6877905.59843348711729 ], [ 358790.54006691405084, 6877905.298310020938516 ], [ 358773.636436308734119, 6877909.853098498657346 ], [ 358765.212809503544122, 6877909.753033165819943 ], [ 358743.984405449125916, 6877923.767657889053226 ], [ 358731.179500198690221, 6877937.882339965552092 ], [ 358726.854625146545004, 6877947.342204811051488 ], [ 358726.402621435758192, 6877985.3817408233881 ], [ 358738.868609848315828, 6877999.796685170382261 ], [ 358747.292203093937133, 6877999.896765360608697 ], [ 358759.814719059562776, 6878009.556675273925066 ], [ 358782.202543438994326, 6878016.163481321185827 ], [ 358814.060428147669882, 6878053.001420899294317 ], [ 358813.89103774225805, 6878067.266228284686804 ], [ 358822.258313920348883, 6878072.121263997629285 ], [ 358821.016215722775087, 6878176.72980403713882 ], [ 358825.058704783208668, 6878191.044617924839258 ], [ 358841.680555132916197, 6878210.264453630894423 ], [ 358871.163838402600959, 6878210.614433885551989 ], [ 358892.110524338844698, 6878220.374169670045376 ], [ 358930.017670071509201, 6878220.823969210498035 ], [ 358942.709792688314337, 6878216.218979122117162 ], [ 358951.246441282681189, 6878206.809117009863257 ], [ 358963.938541193783749, 6878202.203994337469339 ], [ 358968.206804617657326, 6878197.499056259170175 ], [ 358972.531462865648791, 6878188.039109747856855 ], [ 358973.095439615077339, 6878140.489813666790724 ], [ 358969.109197226003744, 6878121.420048337429762 ], [ 358965.010165026818868, 6878111.860185066238046 ], [ 358965.686994232877623, 6878054.800978552550077 ] ] ], [ [ [ 365695.820002876454964, 6877801.214005689136684 ], [ 365654.503671483253129, 6877729.51823429018259 ], [ 365501.811518648057245, 6877823.121956015005708 ], [ 365531.762097496015485, 6877874.788171208463609 ], [ 365695.820002876454964, 6877801.214005689136684 ] ] ], [ [ [ 359906.771447727631312, 6876671.582970963791013 ], [ 359604.569901579758152, 6876582.113835749216378 ], [ 359386.069946675328538, 6877249.952432289719582 ], [ 359671.397690086392686, 6877343.415774648077786 ], [ 359906.771447727631312, 6876671.582970963791013 ] ] ], [ [ [ 366189.970806300407276, 6877115.15317146666348 ], [ 366158.676632617833093, 6877088.616332253441215 ], [ 366031.473486889153719, 6877210.260227415710688 ], [ 366060.143607032077853, 6877236.247016524896026 ], [ 366081.552127769391518, 6877251.680341301485896 ], [ 366209.131787025253288, 6877143.658740371465683 ], [ 366189.970806300407276, 6877115.15317146666348 ] ] ], [ [ [ 359205.890666522434913, 6876843.140367409214377 ], [ 359191.150787419290282, 6876842.96573199890554 ], [ 359189.016879462637007, 6876845.318177584558725 ], [ 359186.882969363825396, 6876847.670733610168099 ], [ 359184.720986943459138, 6876852.400685946457088 ], [ 359180.481333507632371, 6876854.728289928287268 ], [ 359180.424991367384791, 6876859.483191731385887 ], [ 359178.262906341755297, 6876864.213141845539212 ], [ 359176.100916517549194, 6876868.943203566595912 ], [ 359175.424793402722571, 6876926.002466153353453 ], [ 359173.206449385383166, 6876935.487428916618228 ], [ 359173.06559055892285, 6876947.374737774953246 ], [ 359170.875316222663969, 6876954.482192850671709 ], [ 359168.65686656802427, 6876963.967153616249561 ], [ 359164.248131691361777, 6876980.55956797581166 ], [ 359159.924105368903838, 6876990.019465137273073 ], [ 359157.649293921771459, 6877004.259325254708529 ], [ 359157.536597833794076, 6877013.769127568230033 ], [ 359163.797363682067953, 6877018.598998680710793 ], [ 359174.269775173801463, 6877023.478770947083831 ], [ 359178.453049128875136, 6877025.906177632510662 ], [ 359214.166187695576809, 6877033.462573762051761 ], [ 359237.329294194234535, 6877033.736933248117566 ], [ 359239.463224825565703, 6877031.384367770515382 ], [ 359245.836754090792965, 6877026.704395069740713 ], [ 359250.076354480232112, 6877024.376765139400959 ], [ 359254.316051292349584, 6877022.04913492500782 ], [ 359256.449878315324895, 6877019.696565430611372 ], [ 359258.611957033572253, 6877014.966491379775107 ], [ 359264.985469840350561, 6877010.286508977413177 ], [ 359267.147543619852513, 6877005.55643352586776 ], [ 359269.337668757769279, 6876998.448962001129985 ], [ 359269.81625516153872, 6876958.032034747302532 ], [ 359267.795052721048705, 6876950.874695093370974 ], [ 359265.745602426410187, 6876946.094748508185148 ], [ 359263.667998413846362, 6876943.692417822778225 ], [ 359263.724306763382629, 6876938.937406697310507 ], [ 359261.674859131337143, 6876934.157569979317486 ], [ 359259.625511385616846, 6876929.377733973786235 ], [ 359251.315219797776081, 6876919.768072402104735 ], [ 359247.131971082417294, 6876917.340690098702908 ], [ 359243.033197314827703, 6876907.781010523438454 ], [ 359238.849856373737566, 6876905.353623863309622 ], [ 359236.772266512096394, 6876902.951177036389709 ], [ 359234.751095184590667, 6876895.79383004643023 ], [ 359228.518432732613292, 6876888.586597764864564 ], [ 359228.574755009089131, 6876883.831696700304747 ], [ 359226.497171171649825, 6876881.429247763007879 ], [ 359224.419588185381144, 6876879.026798428967595 ], [ 359222.370264706201851, 6876874.247065444476902 ], [ 359220.320847474213224, 6876869.467109253630042 ], [ 359218.271431995672174, 6876864.687152612954378 ], [ 359214.144536811276339, 6876857.504966836422682 ], [ 359212.123291587515268, 6876850.3475027307868 ], [ 359205.890666522434913, 6876843.140367409214377 ] ] ], [ [ [ 360890.678316318895668, 6876622.275540314614773 ], [ 360887.24625942343846, 6876555.657204870134592 ], [ 360810.941835107980296, 6876597.563825666904449 ], [ 360812.111461424385197, 6876497.710472064092755 ], [ 360807.95592588186264, 6876492.906257528811693 ], [ 360803.855997366656084, 6876483.347044300287962 ], [ 360795.489242882002145, 6876478.493492264300585 ], [ 360791.333624142804183, 6876473.689159298315644 ], [ 360774.600047087296844, 6876463.982029157690704 ], [ 360766.177503460086882, 6876463.883339926600456 ], [ 360757.810778470535297, 6876459.029649265110493 ], [ 360749.388237861916423, 6876458.930947987362742 ], [ 360741.021423293394037, 6876454.07735470123589 ], [ 360728.443397264345549, 6876449.174396842718124 ], [ 360724.28791352501139, 6876444.370039884001017 ], [ 360701.976541394018568, 6876431.42706185951829 ], [ 360688.993962789711077, 6876401.156102262437344 ], [ 360683.011717577697709, 6876372.552496089600027 ], [ 360683.234724231180735, 6876353.532836217433214 ], [ 360679.134949015977327, 6876343.973572188988328 ], [ 360674.979424380755518, 6876339.169304674491286 ], [ 360670.87985761242453, 6876329.610039448365569 ], [ 360658.357753721531481, 6876319.952112220227718 ], [ 360649.990977575769648, 6876315.098336532711983 ], [ 360641.680172140826471, 6876305.489779662340879 ], [ 360629.102344005717896, 6876300.586596859619021 ], [ 360624.946953086531721, 6876295.782311290502548 ], [ 360616.561710663023405, 6876292.513585450127721 ], [ 360595.691655483387876, 6876276.416708434000611 ], [ 360591.592076496046502, 6876266.857521243393421 ], [ 360587.436615892744157, 6876262.053109295666218 ], [ 360583.337049092515372, 6876252.493918606080115 ], [ 360570.870896890177391, 6876238.080891867168248 ], [ 360571.149894975475036, 6876214.30622330494225 ], [ 360562.839129252301063, 6876204.697492619976401 ], [ 360563.452968919533305, 6876152.393372741527855 ], [ 360580.520817046635784, 6876133.571269994601607 ], [ 360580.632411699683871, 6876124.061490257270634 ], [ 360589.277801004471257, 6876105.140538712963462 ], [ 360589.445185689721256, 6876090.875758057460189 ], [ 360585.289890145417303, 6876086.071342864073813 ], [ 360560.023144198872615, 6876085.774822901003063 ], [ 360542.955423929030076, 6876104.596897066570818 ], [ 360534.477310855756514, 6876109.253034522756934 ], [ 360530.15447667252738, 6876118.713380909524858 ], [ 360517.353597491281107, 6876132.829853087663651 ], [ 360508.875552134239115, 6876137.485974488779902 ], [ 360504.608516981708817, 6876142.191311004571617 ], [ 360504.496859640756156, 6876151.701313886791468 ], [ 360508.540595903177746, 6876166.015539474785328 ], [ 360516.851193852140568, 6876175.62419955059886 ], [ 360516.627904511871748, 6876194.643982229754329 ], [ 360520.727494057908189, 6876204.203200804069638 ], [ 360519.946019621042069, 6876270.772213578224182 ], [ 360513.461768037057482, 6876284.962948737666011 ], [ 360506.810033992980607, 6876313.418238895013928 ], [ 360505.805225830117706, 6876399.006912166252732 ], [ 360514.115995405125432, 6876408.615675473585725 ], [ 360518.215666575648356, 6876418.17500011716038 ], [ 360526.638086861697957, 6876418.273865312337875 ], [ 360530.7935826954199, 6876423.07829630561173 ], [ 360547.638625565741677, 6876423.276004906743765 ], [ 360555.949446941842325, 6876432.88462579343468 ], [ 360568.583189425524324, 6876433.032881731167436 ], [ 360589.360522094473708, 6876457.054495569318533 ], [ 360601.659596747485921, 6876485.732261864468455 ], [ 360611.05122705019312, 6876492.975913530215621 ], [ 360622.325446542934515, 6876519.263804312795401 ], [ 360630.636592597875278, 6876528.872479679062963 ], [ 360634.680439831339754, 6876543.186641576699913 ], [ 360643.047378109302372, 6876548.040309514850378 ], [ 360659.669367825030349, 6876567.257505669258535 ], [ 360672.247496078023687, 6876572.160642414353788 ], [ 360680.55872167396592, 6876581.769168263301253 ], [ 360693.136873116600327, 6876586.67228183336556 ], [ 360709.870568828657269, 6876596.379520785994828 ], [ 360726.715748900373001, 6876596.576964287087321 ], [ 360739.182485375204124, 6876610.989797810092568 ], [ 360751.816409289953299, 6876611.137851160019636 ], [ 360768.43875842198031, 6876630.35499482601881 ], [ 360785.172671944485046, 6876640.062123356387019 ], [ 360789.383956888283137, 6876640.111458861269057 ], [ 360822.85176938562654, 6876659.52584985177964 ], [ 360827.063158813049085, 6876659.575172867625952 ], [ 360852.219747380586341, 6876669.3808419900015 ], [ 360873.276316909701563, 6876669.627384783700109 ], [ 360881.810334257024806, 6876660.2162258438766 ], [ 360890.45566569629591, 6876641.295073291286826 ], [ 360890.678316318895668, 6876622.275540314614773 ] ] ], [ [ [ 360819.502037986065261, 6876170.66875309124589 ], [ 360815.346525599947199, 6876165.864422611892223 ], [ 360806.924194508581422, 6876165.765753637999296 ], [ 360804.790831263177097, 6876168.118585241958499 ], [ 360798.474106064415537, 6876168.044578796252608 ], [ 360792.129524212446995, 6876170.348067973740399 ], [ 360787.890548452502117, 6876172.676225645467639 ], [ 360787.818402125849389, 6876178.833591262809932 ], [ 360789.902471447247081, 6876184.943306160159409 ], [ 360789.857901579933241, 6876188.747215833514929 ], [ 360793.182329590606969, 6876192.590709829702973 ], [ 360793.093190966174006, 6876200.198639819398522 ], [ 360797.990463355148677, 6876213.571528628468513 ], [ 360802.521410727640614, 6876232.965468207374215 ], [ 360806.088606133358553, 6876237.08972061611712 ], [ 360808.110669624817092, 6876244.246773572638631 ], [ 360810.160587903112173, 6876249.026327388361096 ], [ 360814.316032695583999, 6876253.830546114593744 ], [ 360816.365954014821909, 6876258.610209422186017 ], [ 360818.38802809768822, 6876265.76726002804935 ], [ 360820.410006747755688, 6876272.924308974295855 ], [ 360824.509864807885606, 6876282.483521540649235 ], [ 360828.665230871876702, 6876287.287622382864356 ], [ 360832.820794001745526, 6876292.091945497319102 ], [ 360860.026537622441538, 6876306.677292998880148 ], [ 360879.060442024667282, 6876299.766811605542898 ], [ 360879.36665358976461, 6876273.61477539408952 ], [ 360877.316704536613543, 6876268.835124181583524 ], [ 360875.266854065936059, 6876264.055584464222193 ], [ 360873.189067850238644, 6876261.653541387990117 ], [ 360869.033598707756028, 6876256.849233577027917 ], [ 360866.955816351168323, 6876254.447078488767147 ], [ 360864.878033548418898, 6876252.045033793896437 ], [ 360862.800447850953788, 6876249.642990991473198 ], [ 360860.722569923149422, 6876247.240833539515734 ], [ 360852.411556065431796, 6876237.632316220551729 ], [ 360850.417410065128934, 6876228.097774460911751 ], [ 360848.367480112356134, 6876223.318227974697948 ], [ 360846.289708038792014, 6876220.916068760678172 ], [ 360844.267724903766066, 6876213.759023998863995 ], [ 360842.21780151501298, 6876208.979365363717079 ], [ 360838.062361507734749, 6876204.175266729667783 ], [ 360836.012442459119484, 6876199.39560679718852 ], [ 360836.068137402646244, 6876194.640609503723681 ], [ 360831.91270515229553, 6876189.836508322507143 ], [ 360829.890640208381228, 6876182.67934831045568 ], [ 360827.812879329780117, 6876180.277185297571123 ], [ 360825.735314257559367, 6876177.875134976580739 ], [ 360819.502037986065261, 6876170.66875309124589 ] ] ], [ [ [ 359753.713648566626944, 6876010.712173884734511 ], [ 359755.875366014312021, 6876005.982129601761699 ], [ 359760.0864411421353, 6876006.031839183531702 ], [ 359762.219994026818313, 6876003.679187368601561 ], [ 359770.670303278544452, 6876001.401096342131495 ], [ 359787.514792424626648, 6876001.5999073125422 ], [ 359791.697807021439075, 6876004.027111042290926 ], [ 359795.908880934526678, 6876004.076807953417301 ], [ 359800.091996123373974, 6876006.504009773023427 ], [ 359808.429981471679639, 6876013.735800821334124 ], [ 359812.585049631306902, 6876018.540392296388745 ], [ 359818.873663910198957, 6876020.992431349121034 ], [ 359825.134230359923095, 6876025.821861201897264 ], [ 359831.394800535636023, 6876030.651398319751024 ], [ 359852.450410217861645, 6876030.899797948077321 ], [ 359856.689538001606707, 6876028.571968089789152 ], [ 359858.823074604966678, 6876026.219299612566829 ], [ 359865.167885254486464, 6876023.916415967047215 ], [ 359869.378867022052873, 6876023.966085385531187 ], [ 359873.646128846390639, 6876019.260746091604233 ], [ 359875.779757200274616, 6876016.908186708576977 ], [ 359880.018973294005264, 6876014.580350033938885 ], [ 359882.152404596970882, 6876012.227676466107368 ], [ 359886.391616406210233, 6876009.899948420934379 ], [ 359888.581320084864274, 6876002.792266638949513 ], [ 359894.982088298187591, 6875995.734467997215688 ], [ 359899.221194857673254, 6875993.406623708084226 ], [ 359901.354814904858358, 6875991.053949253633618 ], [ 359905.594016616465524, 6875988.726103961467743 ], [ 359909.833019056066405, 6875986.398365698754787 ], [ 359916.205831445462536, 6875981.717951338738203 ], [ 359918.367479456588626, 6875976.987769386731088 ], [ 359922.578443812788464, 6875977.037420628592372 ], [ 359928.951246043783613, 6875972.356999788433313 ], [ 359933.218366530607454, 6875967.65175015013665 ], [ 359935.37990728917066, 6875962.921564234420657 ], [ 359941.780725881806575, 6875955.86363239493221 ], [ 359946.103891940088943, 6875946.40336937084794 ], [ 359948.265520950430073, 6875941.673293309286237 ], [ 359950.399022774072364, 6875939.320720307528973 ], [ 359952.588677295017987, 6875932.213028167374432 ], [ 359952.924998329253867, 6875903.683415939100087 ], [ 359951.492368095205165, 6875902.026931386440992 ], [ 360117.050779478740878, 6875966.018459350802004 ], [ 360179.546290188853163, 6875934.285838373936713 ], [ 360129.108533647027798, 6875836.28716141730547 ], [ 359929.193025982473046, 6875824.501444284804165 ], [ 359848.725279501406476, 6875862.303870903328061 ], [ 359936.832487707957625, 6875896.360413746908307 ], [ 359910.898348215268925, 6875896.054623857140541 ], [ 359898.237111119320616, 6875898.283039262518287 ], [ 359887.709474686416797, 6875898.158880446106195 ], [ 359881.36493082990637, 6875900.461775893345475 ], [ 359872.942662664863747, 6875900.362435834482312 ], [ 359868.703680585604161, 6875902.690271035768092 ], [ 359864.492545553250238, 6875902.640597296878695 ], [ 359856.042326789407525, 6875904.918751719407737 ], [ 359849.72572088096058, 6875904.844235024414957 ], [ 359841.247545712278225, 6875909.499885579571128 ], [ 359830.691748751909472, 6875911.753070056438446 ], [ 359826.452656867681071, 6875914.080778703093529 ], [ 359809.580238232039846, 6875916.259523307904601 ], [ 359807.446709737181664, 6875918.612182867713273 ], [ 359798.968408813874703, 6875923.267803093418479 ], [ 359792.567617085704114, 6875930.325551426038146 ], [ 359790.433984594303183, 6875932.678206970915198 ], [ 359786.194875562447123, 6875935.006012618541718 ], [ 359783.977061443438288, 6875944.490962099283934 ], [ 359779.737946963519789, 6875946.818765631876886 ], [ 359777.576247161952779, 6875951.548924589529634 ], [ 359773.337130182771944, 6875953.876615175046027 ], [ 359771.175427979324013, 6875958.606662282720208 ], [ 359726.958971744927112, 6875958.084667138755322 ], [ 359718.508780841890257, 6875960.362727453000844 ], [ 359714.29762317345012, 6875960.313001306727529 ], [ 359710.030314891948365, 6875965.018285468220711 ], [ 359707.89685705723241, 6875967.37081853300333 ], [ 359703.657620249141473, 6875969.698594642803073 ], [ 359699.362228449899703, 6875976.781270354986191 ], [ 359695.038951233378612, 6875986.241342097520828 ], [ 359692.905289194721263, 6875988.5939811617136 ], [ 359690.715469977702014, 6875995.701520910486579 ], [ 359688.553727578138933, 6876000.431554397568107 ], [ 359686.391982252011076, 6876005.161698322743177 ], [ 359682.124746881425381, 6876009.866863656789064 ], [ 359682.068586175562814, 6876014.62187547981739 ], [ 359677.773264732444659, 6876021.704545324668288 ], [ 359675.583431512932293, 6876028.812082603573799 ], [ 359675.527269900660031, 6876033.566983591765165 ], [ 359671.25992243248038, 6876038.272144285030663 ], [ 359671.063349818694405, 6876054.914463793858886 ], [ 359668.901688299432863, 6876059.644495261833072 ], [ 359668.789359808084555, 6876069.154407791793346 ], [ 359664.494012600975111, 6876076.237073463387787 ], [ 359662.276079837873112, 6876085.722114335745573 ], [ 359655.67853174143238, 6876109.422113446518779 ], [ 359655.341523120470811, 6876137.951739037409425 ], [ 359657.306617565103807, 6876149.864027798175812 ], [ 359661.377429784857668, 6876161.801188584417105 ], [ 359694.954376901790965, 6876171.708875444717705 ], [ 359712.220199609932024, 6876136.245647384785116 ], [ 359714.381952241994441, 6876131.515720611438155 ], [ 359714.803038574522361, 6876095.853582547977567 ], [ 359716.964785160904285, 6876091.123544599860907 ], [ 359719.154504167207051, 6876084.015999659895897 ], [ 359719.238719468063209, 6876076.883593987673521 ], [ 359721.400461293989792, 6876072.153555329889059 ], [ 359723.590174846933223, 6876065.046009654179215 ], [ 359727.885580223286524, 6876057.963325287215412 ], [ 359730.075385899224784, 6876050.855779703706503 ], [ 359732.237022425746545, 6876046.12562732771039 ], [ 359734.426823736168444, 6876039.018081033602357 ], [ 359736.560386131110135, 6876036.665544273331761 ], [ 359738.722115926095285, 6876031.935392001643777 ], [ 359740.883842794690281, 6876027.205350173637271 ], [ 359743.017501314985566, 6876024.852702711708844 ], [ 359747.284716425463557, 6876020.147516373544931 ], [ 359749.446339834772516, 6876015.417471984401345 ], [ 359753.713648566626944, 6876010.712173884734511 ] ] ], [ [ [ 360581.329811854287982, 6874894.759403239935637 ], [ 360494.313838519679848, 6874863.363568312488496 ], [ 360395.072486468357965, 6875066.437444022856653 ], [ 360316.465180631144904, 6875215.288529240526259 ], [ 360231.475499540916644, 6875369.294457267969847 ], [ 360138.015415139496326, 6875527.399956548586488 ], [ 360141.883264263509773, 6875734.832778505049646 ], [ 360221.868582504743244, 6875737.868579613044858 ], [ 360231.837751074577682, 6875516.97971892170608 ], [ 360423.107220057281666, 6875189.304351573809981 ], [ 360581.329811854287982, 6874894.759403239935637 ] ] ], [ [ [ 362341.275526052922942, 6874743.055147547274828 ], [ 362128.039555531984661, 6874610.720004202798009 ], [ 361728.081514314864762, 6875144.397586209699512 ], [ 361700.20427288627252, 6875188.054557900875807 ], [ 361905.261526363319717, 6875299.369393198750913 ], [ 362341.275526052922942, 6874743.055147547274828 ] ] ], [ [ [ 363477.678386883984786, 6874618.64597942866385 ], [ 363308.208565257606097, 6874524.533927223645151 ], [ 363047.599688601214439, 6875030.535280557349324 ], [ 363215.327486035763286, 6875093.204374779015779 ], [ 363291.337796325096861, 6874893.000182186253369 ], [ 363311.392947958491277, 6874796.86894001532346 ], [ 363477.678386883984786, 6874618.64597942866385 ] ] ], [ [ [ 365839.416863796534017, 6874405.659698095172644 ], [ 365166.571634644875303, 6874324.725090527907014 ], [ 365115.822628384572454, 6874529.415288889780641 ], [ 365761.566387565573677, 6874587.008242884650826 ], [ 365839.416863796534017, 6874405.659698095172644 ] ] ], [ [ [ 363605.277591677615419, 6873729.904616801068187 ], [ 363675.900751897715963, 6873630.187277590855956 ], [ 363450.444599031645339, 6873646.444887055084109 ], [ 363182.895087252138183, 6873660.118784485384822 ], [ 363008.175904938136227, 6873840.323336184956133 ], [ 363398.225076693925075, 6874158.992637563496828 ], [ 363252.287910919752903, 6874033.73487751185894 ], [ 363191.741783789475448, 6873989.055941672995687 ], [ 363379.168518312333617, 6873802.711973533965647 ], [ 363605.277591677615419, 6873729.904616801068187 ] ] ], [ [ [ 339515.920277458033524, 6873680.991289841942489 ], [ 339509.636620251403656, 6873678.528373453766108 ], [ 339504.37328981095925, 6873678.45721186324954 ], [ 339501.199317394348327, 6873679.603223871439695 ], [ 339495.936084413959179, 6873679.532059888355434 ], [ 339493.814677490270697, 6873680.692412693984807 ], [ 339492.74593659263337, 6873681.866998753510416 ], [ 339490.592379417968914, 6873685.404990195296705 ], [ 339489.523637794773094, 6873686.57957599312067 ], [ 339477.719437575433403, 6873703.066253817640245 ], [ 339469.089291973155923, 6873718.40680842846632 ], [ 339478.370219565695152, 6873732.800424018874764 ], [ 339479.4068150119856, 6873734.003478156402707 ], [ 339481.512157259858213, 6873734.0319470372051 ], [ 339482.548753123788629, 6873735.235000878572464 ], [ 339485.706766779418103, 6873735.277703208848834 ], [ 339487.795936364796944, 6873736.494989156723022 ], [ 339490.937777776853181, 6873737.726508257910609 ], [ 339495.132390920014586, 6873738.97215018235147 ], [ 339498.290405411971733, 6873739.014849118888378 ], [ 339499.327003359096125, 6873740.217901387251914 ], [ 339502.484821903053671, 6873740.260596537962556 ], [ 339515.068468627461698, 6873743.997834954410791 ], [ 339516.105068657139782, 6873745.200885649770498 ], [ 339518.210412585292943, 6873745.22934792842716 ], [ 339524.462063781684265, 6873750.069897912442684 ], [ 339526.535267008875962, 6873752.475997405126691 ], [ 339528.624444996530656, 6873753.693165000528097 ], [ 339529.644976834417321, 6873756.085033752024174 ], [ 339531.750322580279317, 6873756.113493537530303 ], [ 339542.11616524879355, 6873768.143866403028369 ], [ 339542.067959513398819, 6873771.710213465616107 ], [ 339544.141170221730135, 6873774.116309471428394 ], [ 339545.129571217519697, 6873778.885704321786761 ], [ 339546.134040234610438, 6873782.466390575282276 ], [ 339546.085835967678577, 6873786.032737534493208 ], [ 339547.090307530248538, 6873789.613312823697925 ], [ 339557.456196671642829, 6873801.643669676035643 ], [ 339561.634673396358266, 6873804.078104466199875 ], [ 339592.161912610812578, 6873804.490641394630075 ], [ 339594.283230455592275, 6873803.330380100756884 ], [ 339595.368034346029162, 6873800.966965983621776 ], [ 339595.528667166945525, 6873789.078996855765581 ], [ 339594.492055356153287, 6873787.87595371901989 ], [ 339594.572372533148155, 6873781.931969057768583 ], [ 339593.551825353642926, 6873779.540106689557433 ], [ 339593.664271053450648, 6873771.21848373208195 ], [ 339592.675949804019183, 6873766.449095083400607 ], [ 339592.756270039069932, 6873760.504999435506761 ], [ 339591.751788060180843, 6873756.92442840244621 ], [ 339590.731243956252001, 6873754.532565580680966 ], [ 339589.694634382845834, 6873753.329632608219981 ], [ 339588.690155575750396, 6873749.748950408771634 ], [ 339587.669611298537347, 6873747.357198052108288 ], [ 339587.717805275111459, 6873743.790740533731878 ], [ 339585.628625176788773, 6873742.573472715914249 ], [ 339583.619669958832674, 6873735.412328803911805 ], [ 339581.546459008241072, 6873733.006239626556635 ], [ 339581.578589721349999, 6873730.628601199015975 ], [ 339580.541984789306298, 6873729.425556446425617 ], [ 339579.521543771086726, 6873727.033693684265018 ], [ 339577.432269385899417, 6873725.816422894597054 ], [ 339570.176140433410183, 6873717.395327551290393 ], [ 339568.070801876194309, 6873717.366874258965254 ], [ 339565.99769544461742, 6873714.960783340036869 ], [ 339559.713914353982545, 6873712.497782757505774 ], [ 339557.608576579019427, 6873712.469327569007874 ], [ 339555.535374971223064, 6873710.063233343884349 ], [ 339545.08922700304538, 6873703.977077251300216 ], [ 339544.052628099278081, 6873702.774028989486396 ], [ 339540.926861160085537, 6873700.353704314678907 ], [ 339538.853665051283315, 6873697.947606882080436 ], [ 339536.76449784997385, 6873696.730329777114093 ], [ 339535.727900431375019, 6873695.527280708774924 ], [ 339533.6386358482996, 6873694.310001694597304 ], [ 339531.565440785721876, 6873691.904013655148447 ], [ 339525.297748037031852, 6873688.252285210415721 ], [ 339524.27732200641185, 6873685.860416892915964 ], [ 339521.470178170420695, 6873685.822467437013984 ], [ 339515.920277458033524, 6873680.991289841942489 ] ] ], [ [ [ 364076.75857814506162, 6873918.961317388340831 ], [ 364841.626944893505424, 6873639.640101529657841 ], [ 364903.072786817792803, 6873975.45539771951735 ], [ 365038.256072668184061, 6873937.200713239610195 ], [ 364985.030295516946353, 6873433.93297240883112 ], [ 364040.744047758984379, 6873345.651683149859309 ], [ 364074.033968304865994, 6873917.574005736038089 ], [ 364045.74959369172575, 6873903.170030305162072 ], [ 363998.761340143391863, 6873961.284473292529583 ], [ 364103.235899208695628, 6874031.073386544361711 ], [ 364146.744620722602122, 6873954.601551998406649 ], [ 364076.75857814506162, 6873918.961317388340831 ] ] ], [ [ [ 338412.918108376499731, 6873031.284168494865298 ], [ 338427.29495603707619, 6873079.041023148223758 ], [ 338475.109920587739907, 6873079.691891960799694 ], [ 338483.465948372730054, 6873084.561570975929499 ], [ 338491.886889762186911, 6873084.676172760315239 ], [ 338504.453396553406492, 6873089.603356657549739 ], [ 338512.809439377509989, 6873094.473235674202442 ], [ 338521.230190592817962, 6873094.587813632562757 ], [ 338529.586344354029279, 6873099.457460043951869 ], [ 338533.732122984481975, 6873104.270039688795805 ], [ 338537.813113701762632, 6873113.83780006878078 ], [ 338541.95890245877672, 6873118.650265553966165 ], [ 338541.861863203695975, 6873125.7832071473822 ], [ 338615.544155020383187, 6873126.785379251465201 ], [ 338619.786871177959256, 6873124.464985318481922 ], [ 338638.733846215414815, 6873124.722607562318444 ], [ 338651.171057017636485, 6873139.159882868640125 ], [ 338634.200092622078955, 6873148.44138231035322 ], [ 338627.884454353479668, 6873148.355510221794248 ], [ 338625.746977693284862, 6873150.704532891511917 ], [ 338619.431239898724016, 6873150.618655025027692 ], [ 338608.840540946344845, 6873155.230813752859831 ], [ 338604.630047205951996, 6873155.173556292429566 ], [ 338602.492566072556656, 6873157.522464219480753 ], [ 338602.395566134771798, 6873164.65529343765229 ], [ 338600.160982420551591, 6873174.137139681726694 ], [ 338600.133462720550597, 6873176.160765405744314 ], [ 338637.779168692533858, 6873191.294926309026778 ], [ 338646.249530180008151, 6873191.41008591465652 ], [ 338650.524682266521268, 6873186.712146265432239 ], [ 338658.945494320883881, 6873186.826623394154012 ], [ 338663.220639593433589, 6873182.128679459914565 ], [ 338671.641447975416668, 6873182.243147731758654 ], [ 338680.191526842711028, 6873172.847136407159269 ], [ 338688.67715563334059, 6873168.20641428232193 ], [ 338697.09795328148175, 6873168.320864955894649 ], [ 338701.373078019358218, 6873163.622797391377389 ], [ 338709.793871982488781, 6873163.737239208072424 ], [ 338714.068988400395028, 6873159.039278162643313 ], [ 338730.910666884155944, 6873159.268139436841011 ], [ 338743.477340158773586, 6873164.194950677454472 ], [ 338751.898231231316458, 6873164.309363927692175 ], [ 338756.044021701440215, 6873169.121858896687627 ], [ 338764.464915844262578, 6873169.23626306373626 ], [ 338768.610714512993582, 6873174.04864249099046 ], [ 338777.031611736048944, 6873174.1630375739187 ], [ 338781.177417098660953, 6873178.975412262603641 ], [ 338789.598317391297314, 6873179.089798261411488 ], [ 338793.744127941434272, 6873183.902279019355774 ], [ 338802.10044582124101, 6873188.771835651248693 ], [ 338865.25689663074445, 6873189.629466400481761 ], [ 338869.402839839691296, 6873194.441809579730034 ], [ 338873.484228440793231, 6873204.009440598078072 ], [ 338885.921896439278498, 6873218.446563310921192 ], [ 338885.79279283847427, 6873227.957030865363777 ], [ 338898.230502255726606, 6873242.394138343632221 ], [ 338931.914070347265806, 6873242.851303024217486 ], [ 338940.464070088113658, 6873233.455113993957639 ], [ 338948.885003707720898, 6873233.569385128095746 ], [ 338953.159945286111906, 6873228.871340359561145 ], [ 338991.053981289558578, 6873229.385471516288817 ], [ 339003.620822077908088, 6873234.311998405493796 ], [ 339012.041754197678529, 6873234.426224689930677 ], [ 339020.398187812999822, 6873239.295732289552689 ], [ 339024.479616386000998, 6873248.863192272372544 ], [ 339028.625543577829376, 6873253.675584951415658 ], [ 339036.981998921837658, 6873258.54496899805963 ], [ 339041.063446773739997, 6873268.112532898783684 ], [ 339040.225107429025229, 6873329.930262206122279 ], [ 339031.675225326907821, 6873339.326522778719664 ], [ 339023.189726305892691, 6873343.967489770613611 ], [ 339021.683955980814062, 6873345.622296523302794 ], [ 339075.93468569451943, 6873367.429430264979601 ], [ 339085.876993590209167, 6873379.502611634321511 ], [ 339086.476081022876315, 6873335.313446668908 ], [ 339095.219309332082048, 6873311.651623748242855 ], [ 339099.494315243675373, 6873306.953418693505228 ], [ 339107.979657666175626, 6873302.312398260459304 ], [ 339145.873904888983816, 6873302.826023947447538 ], [ 339150.019998764852062, 6873307.638261230662465 ], [ 339175.089439558447339, 6873322.246233125217259 ], [ 339187.52758945862297, 6873336.683014623820782 ], [ 339195.948588074417785, 6873336.79710697196424 ], [ 339200.094614446279593, 6873341.609434529207647 ], [ 339225.357520798570476, 6873341.951665058732033 ], [ 339229.632482405286282, 6873337.253415239974856 ], [ 339229.761303642182611, 6873327.743068990297616 ], [ 339225.679585559584666, 6873318.175577469170094 ], [ 339217.387532851775177, 6873308.551049306057394 ], [ 339213.305830722441897, 6873298.983663317747414 ], [ 339196.592837434087414, 6873289.24503767862916 ], [ 339188.300730893039145, 6873279.62048546411097 ], [ 339179.879870712233242, 6873279.506387105211616 ], [ 339175.733874150493648, 6873274.694161499850452 ], [ 339167.312918935553171, 6873274.580052729696035 ], [ 339163.166830951697193, 6873269.767821064218879 ], [ 339146.325024583376944, 6873269.539580706506968 ], [ 339125.595064142078627, 6873245.478150513023138 ], [ 339125.723974724125583, 6873235.967689586803317 ], [ 339121.642375312105287, 6873226.400155741721392 ], [ 339117.496323134575505, 6873221.587906165979803 ], [ 339105.251777587225661, 6873192.885401939973235 ], [ 339101.105940636072773, 6873188.073148230090737 ], [ 339097.024379872251302, 6873178.505603613331914 ], [ 339088.732531896210276, 6873168.880974382162094 ], [ 339088.861474253935739, 6873159.370622362010181 ], [ 339080.569450836104807, 6873149.745983585715294 ], [ 339076.488019765820354, 6873140.178431373089552 ], [ 339068.196117018465884, 6873130.553894754499197 ], [ 339064.114703403785825, 6873120.986337263137102 ], [ 339055.758339076652192, 6873116.116967413574457 ], [ 339051.676942550926469, 6873106.549293966032565 ], [ 339039.11022254236741, 6873101.622922506183386 ], [ 339018.251683890237473, 6873087.071740237995982 ], [ 339009.959967259957921, 6873077.44693804718554 ], [ 338993.182835678046104, 6873072.463399018160999 ], [ 338913.185401811730117, 6873071.377833887934685 ], [ 338904.70003646047553, 6873076.018600196577609 ], [ 338833.12327736930456, 6873075.04679689835757 ], [ 338828.977391864056699, 6873070.234548451378942 ], [ 338820.556668252625968, 6873070.120188082568347 ], [ 338816.410890564555302, 6873065.307714621536434 ], [ 338808.054659580928273, 6873060.438052656129003 ], [ 338761.740319170756266, 6873059.808907821774483 ], [ 338757.465352040482685, 6873064.506996214389801 ], [ 338748.979920775163919, 6873069.1478755120188 ], [ 338736.284121137636248, 6873073.731316648423672 ], [ 338664.707425972097553, 6873072.758498070761561 ], [ 338660.561605998314917, 6873067.946187550202012 ], [ 338618.45757337694522, 6873067.373722568154335 ], [ 338605.891050852078479, 6873062.446660313755274 ], [ 338597.470325287838932, 6873062.332141360267997 ], [ 338589.114176871313248, 6873057.462320959195495 ], [ 338584.968489829159807, 6873052.649983586743474 ], [ 338576.547672407701612, 6873052.535448122769594 ], [ 338568.256223046802916, 6873042.910317713394761 ], [ 338560.094256677199155, 6873023.774925090372562 ], [ 338560.223631272616331, 6873014.264446374028921 ], [ 338556.142563566216268, 6873004.696801161393523 ], [ 338556.401319814263843, 6872985.675953751429915 ], [ 338552.320366266707424, 6872976.108196791261435 ], [ 338548.174725718155969, 6872971.29573321621865 ], [ 338548.304112436133437, 6872961.785253549925983 ], [ 338540.012752100999933, 6872952.160209016874433 ], [ 338535.931823440419976, 6872942.592555643990636 ], [ 338519.284555979189463, 6872928.097737253643572 ], [ 338502.443093314068392, 6872927.868558747693896 ], [ 338498.167964923253749, 6872932.566445032134652 ], [ 338489.747327921562828, 6872932.451845267787576 ], [ 338481.261970501975156, 6872937.092425039969385 ], [ 338481.132528845220804, 6872946.602906798943877 ], [ 338472.711685094225686, 6872946.488292745314538 ], [ 338472.582237045513466, 6872955.99877461604774 ], [ 338468.372007932048291, 6872955.94146813172847 ], [ 338468.177833735011518, 6872970.207024697214365 ], [ 338463.9674032907933, 6872970.149714216589928 ], [ 338463.902675542631187, 6872974.905010551214218 ], [ 338459.627515516767744, 6872979.602884186431766 ], [ 338459.498058604658581, 6872989.113366015255451 ], [ 338455.223088266444393, 6872993.811240971088409 ], [ 338455.15835759404581, 6872998.566537281498313 ], [ 338446.608011280186474, 6873007.962277685292065 ], [ 338437.928373978240415, 6873026.868607886135578 ], [ 338429.442831250955351, 6873031.509152857586741 ], [ 338412.918108376499731, 6873031.284168494865298 ] ] ], [ [ [ 358699.369774509454146, 6873548.66132097132504 ], [ 358666.720129504334182, 6873285.4206821937114 ], [ 358596.143373755156063, 6873288.768795615062118 ], [ 358660.394029508926906, 6873551.344396678730845 ], [ 358699.369774509454146, 6873548.66132097132504 ] ] ], [ [ [ 364338.170163006172515, 6873140.573952568694949 ], [ 364202.460795549384784, 6873132.738793631084263 ], [ 364197.857366159907542, 6873351.550506844185293 ], [ 364330.436500464566052, 6873356.202753892168403 ], [ 364338.170163006172515, 6873140.573952568694949 ] ] ], [ [ [ 364869.552956472965889, 6872698.547930665314198 ], [ 364745.541903039789759, 6872589.282011730596423 ], [ 364223.376196169178002, 6873056.628769246861339 ], [ 364269.90064201556379, 6873130.462985338643193 ], [ 364616.942929830285721, 6873066.355530969798565 ], [ 364869.552956472965889, 6872698.547930665314198 ] ] ], [ [ [ 336105.39018956804648, 6872708.815827006474137 ], [ 336096.489849528181367, 6872708.674164723604918 ], [ 336099.860008832416497, 6872713.326227365061641 ], [ 336105.39018956804648, 6872708.815827006474137 ] ] ], [ [ [ 336025.201011653756723, 6872610.269156554713845 ], [ 336093.846874063019641, 6872705.026038920506835 ], [ 336092.384528399154078, 6872693.742968769744039 ], [ 336109.869429405953269, 6872687.332768090069294 ], [ 336111.81286388495937, 6872685.197713986039162 ], [ 336113.756691634887829, 6872683.062554204836488 ], [ 336117.613999509252608, 6872680.953931933268905 ], [ 336119.55782245460432, 6872678.818992882966995 ], [ 336121.531204749131575, 6872674.52234455011785 ], [ 336125.418359069270082, 6872670.252236627042294 ], [ 336127.391833040048368, 6872665.955810411833227 ], [ 336129.335458727669902, 6872663.820645596832037 ], [ 336131.30902845505625, 6872659.524220166727901 ], [ 336133.342102503636852, 6872650.904603528790176 ], [ 336137.229439933842514, 6872646.634605693630874 ], [ 336141.146527664735913, 6872640.202900446951389 ], [ 336141.206222412409261, 6872635.880044661462307 ], [ 336143.239284897688776, 6872627.260537410154939 ], [ 336145.242593857576139, 6872620.802625324577093 ], [ 336145.302290611434728, 6872616.479547881521285 ], [ 336147.365293300652411, 6872605.698558021336794 ], [ 336148.320417548180558, 6872536.531198984012008 ], [ 336146.526056370697916, 6872527.858948377892375 ], [ 336142.758445799001493, 6872523.483239252120256 ], [ 336140.874639276880771, 6872521.295550388284028 ], [ 336138.990546798158903, 6872519.107303099706769 ], [ 336117.939291884948034, 6872518.816568614915013 ], [ 336112.168185564689338, 6872520.898754695430398 ], [ 336108.310829870286398, 6872523.007261037826538 ], [ 336104.483425445505418, 6872522.954394519329071 ], [ 336071.68089449359104, 6872541.958323775790632 ], [ 336061.544717387645505, 6872582.894207945093513 ], [ 336061.405356696806848, 6872592.981059044599533 ], [ 336053.7104830207536, 6872595.757457247003913 ], [ 336046.025466766790487, 6872597.813059117645025 ], [ 336038.310776488739066, 6872602.030142875388265 ], [ 336034.453377875150181, 6872604.138848492875695 ], [ 336032.509744652314112, 6872606.273887477815151 ], [ 336028.652639418258332, 6872608.382484577596188 ], [ 336025.201011653756723, 6872610.269156554713845 ] ] ], [ [ [ 337082.85375147475861, 6872504.005328387022018 ], [ 337056.77950316213537, 6872449.680272610858083 ], [ 337054.829455610713921, 6872453.891706375405192 ], [ 337051.00179378350731, 6872453.839140133932233 ], [ 337049.058472732780501, 6872455.974448230117559 ], [ 337045.231104461417999, 6872455.921884201467037 ], [ 337039.430533288395964, 6872460.165879480540752 ], [ 337033.65954428317491, 6872462.248614107258618 ], [ 337031.686532341642305, 6872466.545287016779184 ], [ 337027.82927716546692, 6872468.654082326218486 ], [ 337022.058379875204992, 6872470.736812928691506 ], [ 337018.171627481351607, 6872475.007086258381605 ], [ 337012.430417973315343, 6872474.928223221562803 ], [ 337010.486991372541524, 6872477.063302483409643 ], [ 337004.716186173260212, 6872479.145915514789522 ], [ 336998.945082963793539, 6872481.228632599115372 ], [ 336993.203870000550523, 6872481.149760400876403 ], [ 336987.432961217302363, 6872483.232363909482956 ], [ 336983.605583203025162, 6872483.179780417121947 ], [ 336975.89123524207389, 6872487.397564129903913 ], [ 336968.147182479617186, 6872493.776821652427316 ], [ 336960.462621926097199, 6872495.833007780835032 ], [ 336954.66199644037988, 6872500.077185392379761 ], [ 336950.745309761492535, 6872506.509024866856635 ], [ 336948.801865187007934, 6872508.644205519929528 ], [ 336946.799113980028778, 6872515.10223373491317 ], [ 336946.442680626292713, 6872541.040087942034006 ], [ 336948.296927386487368, 6872545.389231042005122 ], [ 336950.091868694988079, 6872554.061442973092198 ], [ 336951.946411941666156, 6872558.410700123757124 ], [ 336951.887009296682663, 6872562.733657114207745 ], [ 336957.568569425144233, 6872567.135389471426606 ], [ 336961.336868720711209, 6872571.511051751673222 ], [ 336965.134478696156293, 6872573.725118100643158 ], [ 336970.875835216022097, 6872573.804003093391657 ], [ 336974.643850180902518, 6872578.179435118101537 ], [ 336978.41196150862379, 6872582.555199556984007 ], [ 336978.352572093484923, 6872586.877934483811259 ], [ 336980.207129934453405, 6872591.227297092787921 ], [ 336985.858921320002992, 6872597.790491430088878 ], [ 336989.627339167171158, 6872602.166144938208163 ], [ 336993.425259937881492, 6872604.380094669759274 ], [ 336995.27953205013182, 6872608.729450397193432 ], [ 337000.343427846732084, 6872611.68160206079483 ], [ 337002.815800634445623, 6872617.480408793315291 ], [ 337004.699771059094928, 6872619.668173899874091 ], [ 337004.610698015138041, 6872626.152607911266387 ], [ 337006.435287527856417, 6872632.663439372554421 ], [ 337006.375907926121727, 6872636.986284492537379 ], [ 337010.144151770859025, 6872641.36181681137532 ], [ 337012.028225699847098, 6872643.549581790342927 ], [ 337019.62390445912024, 6872647.977682650089264 ], [ 337038.761547722213436, 6872648.240523697808385 ], [ 337038.553756564971991, 6872663.370867636054754 ], [ 337042.351704401895404, 6872665.584910977631807 ], [ 337050.006772496097255, 6872665.690035896375775 ], [ 337053.863594111637212, 6872663.581224329769611 ], [ 337057.7211025810102, 6872661.472310196608305 ], [ 337063.492180827422999, 6872659.38956000469625 ], [ 337067.378874773276038, 6872655.119158616289496 ], [ 337069.322222232818604, 6872652.983846681192517 ], [ 337073.179624720825814, 6872650.875037248246372 ], [ 337075.152646818722133, 6872646.578357730992138 ], [ 337077.096184689202346, 6872644.443268936127424 ], [ 337079.039625285950024, 6872642.308067697100341 ], [ 337081.042420586047228, 6872635.849800376221538 ], [ 337084.929395123268478, 6872631.57939781807363 ], [ 337084.988747749303002, 6872627.256442838348448 ], [ 337086.932087684515864, 6872625.121128304861486 ], [ 337090.878111643483862, 6872616.527875823900104 ], [ 337090.937462440459058, 6872612.204920835793018 ], [ 337092.881090260227211, 6872610.06983110960573 ], [ 337093.533945225353818, 6872562.517435665242374 ], [ 337090.003110001329333, 6872540.850108222104609 ], [ 337082.85375147475861, 6872504.005328387022018 ] ] ], [ [ [ 357931.723478523665108, 6872512.199603309854865 ], [ 357872.115679066686425, 6872479.027999764308333 ], [ 357489.829365508398041, 6872582.298812851309776 ], [ 357308.930804048257414, 6872744.530204460024834 ], [ 357337.858621104096528, 6872789.913344686850905 ], [ 357515.158629405079409, 6872664.284866382367909 ], [ 357805.00425087090116, 6872633.198688559234142 ], [ 357931.723478523665108, 6872512.199603309854865 ] ] ], [ [ [ 335815.351922910718713, 6872320.586809920147061 ], [ 335890.900796231697313, 6872424.878863906487823 ], [ 335902.941142649622634, 6872425.045391374267638 ], [ 335905.363268270331901, 6872388.326720794662833 ], [ 335905.512738110905048, 6872377.519293583929539 ], [ 335903.718388616514858, 6872368.846992135979235 ], [ 335901.894346629153006, 6872362.335956811904907 ], [ 335901.954136360320263, 6872358.012985764071345 ], [ 335898.216467272839509, 6872351.475704221054912 ], [ 335892.535281215445139, 6872347.073327767662704 ], [ 335886.853610335849226, 6872342.670830773189664 ], [ 335879.258609756769147, 6872338.242086017504334 ], [ 335875.461063243332319, 6872336.027655624784529 ], [ 335871.63371553865727, 6872335.974711081013083 ], [ 335867.836172581301071, 6872333.760167335160077 ], [ 335862.12490567099303, 6872331.519369236193597 ], [ 335858.327266150037758, 6872329.304931729100645 ], [ 335823.880269469693303, 6872328.828323433175683 ], [ 335818.228934205253609, 6872322.264311119914055 ], [ 335815.351922910718713, 6872320.586809920147061 ] ] ], [ [ [ 357073.83402444049716, 6872145.569261513650417 ], [ 357010.28425782622071, 6872091.401466442272067 ], [ 356634.43151227600174, 6872359.117097387090325 ], [ 356328.697380540426821, 6872572.185433874838054 ], [ 356381.809560141758993, 6872618.90561761893332 ], [ 356605.822314472985454, 6872461.397723827511072 ], [ 356725.312334369635209, 6872416.764143826439977 ], [ 356917.461643200018443, 6872281.90447589661926 ], [ 357030.086170049617067, 6872195.308010160923004 ], [ 357073.83402444049716, 6872145.569261513650417 ] ] ], [ [ [ 336034.227364970836788, 6872141.502744775265455 ], [ 336037.450494592951145, 6872121.571315787732601 ], [ 336049.192793555906974, 6872125.062942148186266 ], [ 336059.882303436170332, 6872113.320277976803482 ], [ 336058.204352155968081, 6872082.381960082799196 ], [ 336045.639798890100792, 6872077.452081464231014 ], [ 336041.528222466702573, 6872070.261116042733192 ], [ 335997.683965434203856, 6872043.496189193800092 ], [ 335968.213353409897536, 6872043.088742362335324 ], [ 335955.714629048190545, 6872033.403539412654936 ], [ 335947.261567917303182, 6872035.664660347625613 ], [ 335924.336370259290561, 6872018.700976230204105 ], [ 335907.693444614764303, 6872004.202376091852784 ], [ 335888.816780379042029, 6871979.126339963637292 ], [ 335895.457832757849246, 6871975.496087840758264 ], [ 335895.819629404228181, 6871949.342066284269094 ], [ 335885.294546376389917, 6871949.196464337408543 ], [ 335879.078257041750476, 6871941.976204449310899 ], [ 335860.132960887858644, 6871941.714084735140204 ], [ 335847.371226276853122, 6871951.049887214787304 ], [ 335847.173824728059117, 6871965.315678913146257 ], [ 335851.318144695484079, 6871970.129162007942796 ], [ 335863.915410294313915, 6871972.681587608531117 ], [ 335876.282422806951217, 6871991.877347437664866 ], [ 335869.835650672321208, 6872001.30054010823369 ], [ 335869.736965178744867, 6872008.433435086160898 ], [ 335859.080240841256455, 6872017.798265466466546 ], [ 335823.294666902860627, 6872017.303078697994351 ], [ 335804.283527009480167, 6872021.79621500801295 ], [ 335789.581148288096301, 6872019.214590087532997 ], [ 335781.259708153898828, 6872011.965138733386993 ], [ 335768.629496698151343, 6872011.790295941755176 ], [ 335758.236021851655096, 6872002.134127997793257 ], [ 335733.054632336716168, 6871996.077994168736041 ], [ 335733.206076493719593, 6871985.140913610346615 ], [ 335720.67466719460208, 6871977.833120036870241 ], [ 335697.519274715275969, 6871977.5124422442168 ], [ 335691.13842130440753, 6871982.180207386612892 ], [ 335678.705840085749514, 6871967.739468786865473 ], [ 335668.180633367388509, 6871967.593673592433333 ], [ 335657.490734860766679, 6871979.336108922958374 ], [ 335655.188237570342608, 6871993.572748467326164 ], [ 335648.708343239908572, 6872005.37338877748698 ], [ 335648.477767014410347, 6872022.016857698559761 ], [ 335658.904114820761606, 6872029.295454991981387 ], [ 335662.916641567251645, 6872043.61957482714206 ], [ 335673.310079877846874, 6872053.276049299165606 ], [ 335732.185480718966573, 6872058.847559358924627 ], [ 335774.023114686366171, 6872078.451458590105176 ], [ 335837.174520929867867, 6872079.325492179021239 ], [ 335868.519860604428686, 6872096.405838312581182 ], [ 335887.136500598164275, 6872120.444171189330518 ], [ 335927.132450418488588, 6872120.997375724837184 ], [ 335950.189467300893739, 6872128.450594848021865 ], [ 335968.904842327407096, 6872145.3558952761814 ], [ 335985.7452674403321, 6872145.588722084648907 ], [ 335996.172014485229738, 6872152.86711897701025 ], [ 336015.117441272828728, 6872153.129002478905022 ], [ 336029.951463791774586, 6872146.199890614487231 ], [ 336034.227364970836788, 6872141.502744775265455 ] ] ], [ [ [ 361574.772613946115598, 6872172.53514351695776 ], [ 361552.868496217008214, 6872132.752452496439219 ], [ 361520.269267129013315, 6872152.783760589547455 ], [ 361543.573253162379842, 6872185.258097227662802 ], [ 361574.772613946115598, 6872172.53514351695776 ] ] ], [ [ [ 362031.694300110160839, 6872111.913100301288068 ], [ 362024.203466289094649, 6872032.240063513629138 ], [ 361721.803411768458318, 6872059.092817399650812 ], [ 361732.280137754627503, 6872153.450447648763657 ], [ 362031.694300110160839, 6872111.913100301288068 ] ] ], [ [ [ 336971.034316251578275, 6871454.899055831134319 ], [ 336923.305908378853928, 6871464.115331411361694 ], [ 336969.927680641936604, 6871464.756256562657654 ], [ 336971.034316251578275, 6871454.899055831134319 ] ] ], [ [ [ 337253.433318982482888, 6871144.808011047542095 ], [ 337188.661542548215948, 6871252.999609654769301 ], [ 337208.81254126993008, 6871239.742345728911459 ], [ 337246.765742577146739, 6871235.507248931564391 ], [ 337255.315825060184579, 6871226.112143687903881 ], [ 337253.433318982482888, 6871144.808011047542095 ] ] ], [ [ [ 361355.065001467242837, 6871151.727174779400229 ], [ 361348.464653029222973, 6871031.605738527141511 ], [ 361212.37906941329129, 6871058.803132772445679 ], [ 361300.738235677708872, 6871162.605413496494293 ], [ 361309.784171739418525, 6871378.91941843368113 ], [ 361343.626335726119578, 6871545.280431544408202 ], [ 361374.769261447130702, 6871537.26697934884578 ], [ 361397.742504882975481, 6871327.599435976706445 ], [ 361370.596033683686983, 6871173.373316684737802 ], [ 361355.065001467242837, 6871151.727174779400229 ] ] ], [ [ [ 364791.839554218982812, 6871380.853928724303842 ], [ 364701.854746882338077, 6871288.740347513929009 ], [ 364623.042995261726901, 6871369.498222894966602 ], [ 364675.765951341600157, 6871453.341805223375559 ], [ 364682.465178240789101, 6871465.463490484282374 ], [ 364791.839554218982812, 6871380.853928724303842 ] ] ], [ [ [ 367564.64775372488657, 6870929.606337189674377 ], [ 367492.178490798920393, 6870916.230787946842611 ], [ 367370.042963839892764, 6871203.826183266937733 ], [ 367444.589489700796548, 6871219.319931865669787 ], [ 367564.64775372488657, 6870929.606337189674377 ] ] ], [ [ [ 364263.700852921931073, 6870998.92422285489738 ], [ 363976.965844766702503, 6870673.174797978252172 ], [ 363853.404333109094296, 6870801.584336321800947 ], [ 364048.618278550740797, 6871032.064195590093732 ], [ 364108.815789032145403, 6871106.045375996269286 ], [ 364263.700852921931073, 6870998.92422285489738 ] ] ], [ [ [ 338434.245605665375479, 6870188.656005719676614 ], [ 338412.75436598318629, 6870364.85127330571413 ], [ 338199.080718239187263, 6870616.745462217368186 ], [ 338249.924507507879753, 6870617.439174871891737 ], [ 338258.375941443722695, 6870615.176476932130754 ], [ 338271.101931368582882, 6870608.215770748443902 ], [ 338277.57837458292488, 6870596.413836065679789 ], [ 338277.967534477007575, 6870567.882401006296277 ], [ 338309.538898690487258, 6870568.312984335236251 ], [ 338315.691059367731214, 6870580.287150755524635 ], [ 338328.319616703898646, 6870580.459353370591998 ], [ 338332.594038710347377, 6870575.761550614610314 ], [ 338345.319840105483308, 6870568.80087795201689 ], [ 338360.117902389960364, 6870564.246541425585747 ], [ 338370.738984351279214, 6870557.257149580866098 ], [ 338377.053151333937421, 6870557.343222493305802 ], [ 338383.432333668344654, 6870552.67398292478174 ], [ 338389.778906302177347, 6870550.382393329404294 ], [ 338396.093265323899686, 6870550.468458945862949 ], [ 338413.028469627723098, 6870543.565201243385673 ], [ 338423.746605839580297, 6870529.442906569689512 ], [ 338421.706726191740017, 6870524.658913034014404 ], [ 338421.803930279915221, 6870517.526167429983616 ], [ 338419.731552850687876, 6870515.119827787391841 ], [ 338419.796358593041077, 6870510.364516230300069 ], [ 338415.65160658035893, 6870505.551946438848972 ], [ 338415.717259852332063, 6870500.734583920799196 ], [ 338405.81740704854019, 6870489.018043080344796 ], [ 338407.644346597837284, 6870484.238206129521132 ], [ 338430.676461194292642, 6870484.354159386828542 ], [ 338437.055485492805019, 6870479.684892036020756 ], [ 338441.362128169566859, 6870472.609506938606501 ], [ 338452.047873876290396, 6870460.864736218005419 ], [ 338454.217337479116395, 6870456.138212881982327 ], [ 338464.903054627473466, 6870444.393542423844337 ], [ 338471.249650606710929, 6870442.101913718506694 ], [ 338475.523870567791164, 6870437.403951482847333 ], [ 338484.007615074689966, 6870432.763446100056171 ], [ 338490.418978670262732, 6870425.716607301495969 ], [ 338494.628407312673517, 6870425.773949770256877 ], [ 338498.902610596676823, 6870421.076090518385172 ], [ 338505.37883104471257, 6870409.273934608325362 ], [ 338505.637922995840199, 6870390.253022721968591 ], [ 338503.727488863980398, 6870375.958640679717064 ], [ 338501.655122564465273, 6870373.552314523607492 ], [ 338501.719897408038378, 6870368.797114033252001 ], [ 338497.607654843770433, 6870361.606916845776141 ], [ 338495.664847841020674, 6870349.690188057720661 ], [ 338493.592586168961134, 6870347.283861454576254 ], [ 338493.722143701743335, 6870337.773459916934371 ], [ 338487.634638135263231, 6870321.044071486219764 ], [ 338487.699421398749109, 6870316.288759690709412 ], [ 338475.427484938525595, 6870289.962940475903451 ], [ 338473.484815187694039, 6870278.04620667360723 ], [ 338467.300286471261643, 6870268.449552074074745 ], [ 338467.365076160756871, 6870263.694461301900446 ], [ 338461.212956785282586, 6870251.720257284119725 ], [ 338450.883885780465789, 6870237.311144076287746 ], [ 338446.706824595283251, 6870234.876235958188772 ], [ 338446.771626387839206, 6870230.120923101902008 ], [ 338444.699298723600805, 6870227.71458479296416 ], [ 338442.724272508290596, 6870218.175499556586146 ], [ 338440.651947888894938, 6870215.769160360097885 ], [ 338440.749153447512072, 6870208.636301577091217 ], [ 338438.709232355642598, 6870203.852416153997183 ], [ 338438.774038116855081, 6870199.09710300527513 ], [ 338434.629495069966651, 6870194.284534467384219 ], [ 338434.694301192299463, 6870189.529332011006773 ], [ 338434.245605665375479, 6870188.656005719676614 ] ] ], [ [ [ 338549.720787689555436, 6869763.585552804172039 ], [ 338382.334077187580988, 6869794.946130854077637 ], [ 338372.563584400108084, 6869805.814142099581659 ], [ 338370.361764009285253, 6869812.918419437482953 ], [ 338368.224784749851096, 6869815.26738004758954 ], [ 338368.159944296465255, 6869820.022474817000329 ], [ 338363.88578551041428, 6869824.720392333343625 ], [ 338362.579895168193616, 6869831.552617489360273 ], [ 338432.162354191648774, 6870080.807258291170001 ], [ 338444.733202213072218, 6870070.762999562546611 ], [ 338444.798007310484536, 6870066.007796506397426 ], [ 338451.241615730454214, 6870056.583326844498515 ], [ 338451.857251597451977, 6870011.408508917316794 ], [ 338454.026646486949176, 6870006.681986704468727 ], [ 338454.188654762401711, 6869994.793922970071435 ], [ 338456.325743819354102, 6869992.44494803622365 ], [ 338456.617357448907569, 6869971.046366460621357 ], [ 338460.923827604739927, 6869963.970868005417287 ], [ 338461.085833090357482, 6869952.082693063654006 ], [ 338467.691371580469422, 6869930.770152440294623 ], [ 338467.756170899840072, 6869926.014948859810829 ], [ 338472.062717904685996, 6869918.939448356628418 ], [ 338472.15991547703743, 6869911.806587555445731 ], [ 338480.805192094703671, 6869895.277922573499382 ], [ 338480.869987023063004, 6869890.522718957625329 ], [ 338487.37837145710364, 6869876.343031099997461 ], [ 338489.644921424158383, 6869864.483531715348363 ], [ 338491.781980016676243, 6869862.134662231430411 ], [ 338491.846771353855729, 6869857.379458559677005 ], [ 338506.805865829694085, 6869840.936804378405213 ], [ 338527.981819337117486, 6869831.713008292019367 ], [ 338530.118766418541782, 6869829.364131104201078 ], [ 338530.345487739541568, 6869812.720753058791161 ], [ 338526.201057702652179, 6869807.908098684623837 ], [ 338509.364026536932215, 6869807.678720537573099 ], [ 338509.590778860729188, 6869791.035341067239642 ], [ 338513.897353584878147, 6869783.959939752705395 ], [ 338524.452696080610622, 6869781.725641286000609 ], [ 338535.072908161731903, 6869774.736131362617016 ], [ 338543.52378518297337, 6869772.473259929567575 ], [ 338547.797753525199369, 6869767.775280240923166 ], [ 338549.720787689555436, 6869763.585552804172039 ] ] ], [ [ [ 365371.694255131180398, 6870175.381980806589127 ], [ 365300.132700282498263, 6869990.322324411943555 ], [ 365229.805561483255588, 6870066.991455083712935 ], [ 365255.074141254532151, 6870158.354917308315635 ], [ 365287.111296275106724, 6870210.013798251748085 ], [ 365371.694255131180398, 6870175.381980806589127 ] ] ], [ [ [ 342522.027426068787463, 6869799.64975603390485 ], [ 342515.80833820742555, 6869792.433088235557079 ], [ 342511.630790574708953, 6869789.999643387272954 ], [ 342492.689529873081483, 6869789.747961055487394 ], [ 342488.448701233486645, 6869792.069546832703054 ], [ 342484.239661934552714, 6869792.013613580726087 ], [ 342477.831017274060287, 6869799.06248926371336 ], [ 342458.889837683818769, 6869798.810754877515137 ], [ 342459.237448364903685, 6869772.657255124300718 ], [ 342467.782107125152834, 6869763.258838040754199 ], [ 342482.640587037371006, 6869753.944212882779539 ], [ 342491.058834755618591, 6869754.056082879193127 ], [ 342497.309480652096681, 6869758.895134631544352 ], [ 342507.832343110349029, 6869759.034958614967763 ], [ 342509.968546427437104, 6869756.685291882604361 ], [ 342514.177670837030746, 6869756.741217877715826 ], [ 342516.313772897527087, 6869754.391659571789205 ], [ 342528.941241304157302, 6869754.559427721425891 ], [ 342531.109026944381185, 6869749.832126591354609 ], [ 342535.318148573976941, 6869749.888045189902186 ], [ 342550.271302906796336, 6869733.440667863935232 ], [ 342550.348825995693915, 6869727.604735629633069 ], [ 342575.810398136614822, 6869712.377666564658284 ], [ 342575.905132183397654, 6869705.24499623849988 ], [ 342582.313572179875337, 6869698.195959584787488 ], [ 342582.692501823068596, 6869669.664834692142904 ], [ 342580.61958321579732, 6869667.25925325602293 ], [ 342580.714315985213034, 6869660.126582619734108 ], [ 342576.53680644033011, 6869657.693047882989049 ], [ 342574.495371662895195, 6869652.909943863749504 ], [ 342568.276435034233145, 6869645.693301434628665 ], [ 342559.942388085648417, 6869639.241279993206263 ], [ 342560.047663962002844, 6869631.315917303785682 ], [ 342558.037826023122761, 6869624.155067946761847 ], [ 342553.923499863827601, 6869616.966483814641833 ], [ 342553.986668896046467, 6869612.211221678182483 ], [ 342543.937635516515002, 6869576.407517436891794 ], [ 342535.645867650222499, 6869566.785375529900193 ], [ 342529.395413806894794, 6869561.94622933678329 ], [ 342525.186260758840945, 6869561.890304256230593 ], [ 342523.113372172636446, 6869559.484821829944849 ], [ 342504.172382692340761, 6869559.23313957080245 ], [ 342500.026618414092809, 6869554.421944908797741 ], [ 342495.817467558139469, 6869554.366009272634983 ], [ 342472.888736230670474, 6869537.415251525118947 ], [ 342466.733031971729361, 6869525.443283993750811 ], [ 342462.713708018767647, 6869511.121768552809954 ], [ 342462.90332981251413, 6869496.856198187917471 ], [ 342458.725802370056044, 6869494.42272718064487 ], [ 342458.789012527558953, 6869489.667463067919016 ], [ 342456.747659354179632, 6869484.884223414584994 ], [ 342452.601742414524779, 6869480.073228622786701 ], [ 342452.664955372340046, 6869475.317964337766171 ], [ 342448.519242731446866, 6869470.506748829968274 ], [ 342437.99663406657055, 6869470.366860368289053 ], [ 342429.45194538985379, 6869479.765469981357455 ], [ 342425.084861447685398, 6869491.597449226304889 ], [ 342416.508635517791845, 6869503.373462440446019 ], [ 342412.141531406610738, 6869515.205437553115189 ], [ 342401.460801969864406, 6869526.953569534234703 ], [ 342397.220141817932017, 6869529.275121290236712 ], [ 342395.052335261949338, 6869534.002399902790785 ], [ 342388.70699864719063, 6869536.296071846038103 ], [ 342378.184329105308279, 6869536.156132962554693 ], [ 342365.493841042160057, 6869540.743347691372037 ], [ 342354.813043232308701, 6869552.49132963642478 ], [ 342346.20507810957497, 6869566.64492888469249 ], [ 342341.80625614663586, 6869580.854513978585601 ], [ 342341.648121975245886, 6869592.742455068975687 ], [ 342339.480380990658887, 6869597.469725992530584 ], [ 342320.254638632293791, 6869618.616114139556885 ], [ 342316.045560108439531, 6869618.56011700257659 ], [ 342309.636994373984635, 6869625.608904976397753 ], [ 342303.323323543416336, 6869625.524902571924031 ], [ 342296.914746373950038, 6869632.573684118688107 ], [ 342290.569435871439055, 6869634.867197038605809 ], [ 342284.160844601399731, 6869641.916082989424467 ], [ 342273.606436576345004, 6869644.153688410297036 ], [ 342242.037929396727122, 6869643.733547719195485 ], [ 342239.964983174810186, 6869641.32790195941925 ], [ 342225.233126245671883, 6869641.131806269288063 ], [ 342221.087340187747031, 6869636.320509400218725 ], [ 342204.250797978253104, 6869636.096369529142976 ], [ 342195.927590118721128, 6869628.851613454520702 ], [ 342189.613816680619493, 6869628.767549239099026 ], [ 342185.436390702263452, 6869626.333872423507273 ], [ 342181.227307226974517, 6869626.277827525511384 ], [ 342175.008612757897936, 6869619.060966942459345 ], [ 342168.853249661682639, 6869607.08883548155427 ], [ 342169.011556295445189, 6869595.200888946652412 ], [ 342162.919538473477587, 6869578.473596489988267 ], [ 342154.691294613061473, 6869564.095905058085918 ], [ 342133.867470814206172, 6869547.172497732564807 ], [ 342127.585508329269942, 6869544.710765682160854 ], [ 342121.335220479697455, 6869539.87139605730772 ], [ 342112.917112794937566, 6869539.759256390854716 ], [ 342102.426005341054406, 6869537.241547985002398 ], [ 342096.175729649607092, 6869532.402275199070573 ], [ 342033.039460464729927, 6869531.560939410701394 ], [ 342022.453397824196145, 6869536.175843264907598 ], [ 342018.244245621433947, 6869536.119737687520683 ], [ 342014.003499164246023, 6869538.441155953332782 ], [ 342005.585290895192884, 6869538.32893868163228 ], [ 342001.344539454672486, 6869540.650463366881013 ], [ 341988.558780812774785, 6869552.370186552405357 ], [ 341984.254623359418474, 6869559.446864633820951 ], [ 341982.054944724892266, 6869566.551599536091089 ], [ 341973.510010604280978, 6869575.949680186808109 ], [ 341964.901559037505649, 6869590.103023891337216 ], [ 341964.394321572384797, 6869628.144628991372883 ], [ 341966.467114195402246, 6869630.550324339419603 ], [ 341974.568389886291698, 6869654.43858175072819 ], [ 341974.473292131326161, 6869661.57126434519887 ], [ 341980.660194693482481, 6869671.165979743003845 ], [ 341980.565101206302643, 6869678.298662068322301 ], [ 341988.793230543087702, 6869692.676478261128068 ], [ 341995.138640592107549, 6869690.383012097328901 ], [ 342026.64372755511431, 6869695.559070747345686 ], [ 342041.375761635135859, 6869695.755411503836513 ], [ 342053.87645869248081, 6869705.434003356844187 ], [ 342058.085670452506747, 6869705.490093497559428 ], [ 342060.126911401282996, 6869710.273406059481204 ], [ 342066.440535288711544, 6869710.357534646987915 ], [ 342068.513461210764945, 6869712.763211589306593 ], [ 342072.722675333847292, 6869712.819296410307288 ], [ 342074.763826904236339, 6869717.602493960410357 ], [ 342081.045875757234171, 6869720.064138926565647 ], [ 342089.46421065623872, 6869720.176296623423696 ], [ 342093.609977857442573, 6869724.987640094012022 ], [ 342106.237435711489525, 6869725.155860112980008 ], [ 342114.750785979442298, 6869718.135209677740932 ], [ 342121.539557660929859, 6869682.555359618738294 ], [ 342130.14787458057981, 6869668.401909412816167 ], [ 342130.401223472668789, 6869649.381061337888241 ], [ 342126.350379724462982, 6869637.437048660591245 ], [ 342120.100040712801274, 6869632.597681196406484 ], [ 342115.890953940979671, 6869632.541613193228841 ], [ 342113.818130714935251, 6869630.136056188493967 ], [ 342103.358616543468088, 6869625.240718581713736 ], [ 342103.612012564844918, 6869606.2198680723086 ], [ 342112.220302908623125, 6869592.066431036219001 ], [ 342124.847618211351801, 6869592.234637767076492 ], [ 342137.348261389241088, 6869601.91325562261045 ], [ 342153.80469047249062, 6869630.668652448803186 ], [ 342153.741362796048634, 6869635.423808909952641 ], [ 342159.991716050892137, 6869640.263157921843231 ], [ 342174.502055231365375, 6869657.102548618800938 ], [ 342187.066124573117122, 6869662.025730844587088 ], [ 342201.671391480718739, 6869671.732405652292073 ], [ 342218.413034164812416, 6869679.089224491268396 ], [ 342220.485983404039871, 6869681.494873796589673 ], [ 342233.113388669909909, 6869681.662960757501423 ], [ 342262.387548336293548, 6869696.320687094703317 ], [ 342281.233664021012373, 6869703.705640905536711 ], [ 342285.44287143816473, 6869703.761650316417217 ], [ 342287.515839720435906, 6869706.16717620100826 ], [ 342304.320647863438353, 6869708.768712185323238 ], [ 342312.675801975885406, 6869713.635977668687701 ], [ 342319.021051920601167, 6869711.342339299619198 ], [ 342321.157286759698763, 6869708.992705112323165 ], [ 342342.20303524157498, 6869709.27266195975244 ], [ 342361.239041736582294, 6869702.391916189342737 ], [ 342365.47977058973629, 6869700.07026385795325 ], [ 342371.919958459213376, 6869690.643814043141901 ], [ 342380.401498359977268, 6869686.000612907111645 ], [ 342382.569334274972789, 6869681.273336359299719 ], [ 342388.914551625959575, 6869678.979661914519966 ], [ 342395.323190827504732, 6869671.930944538675249 ], [ 342420.577963351039216, 6869672.266733326949179 ], [ 342428.901331444678362, 6869679.511323587968946 ], [ 342432.952488220587838, 6869691.455439187586308 ], [ 342435.025482551660389, 6869693.860938045196235 ], [ 342436.971951906220056, 6869705.776961490511894 ], [ 342443.159242828027345, 6869715.371195138432086 ], [ 342443.096033268840984, 6869720.126347305253148 ], [ 342445.169033514102921, 6869722.53195477835834 ], [ 342444.979406561353244, 6869736.797521794214845 ], [ 342440.675374309765175, 6869743.874353088438511 ], [ 342432.130704281793442, 6869753.272862031124532 ], [ 342421.576137836556882, 6869755.510490000247955 ], [ 342413.031346069183201, 6869764.908984806388617 ], [ 342412.620410964242183, 6869795.817751057446003 ], [ 342417.457368257804774, 6869801.43077091127634 ], [ 342414.440542756929062, 6869817.244082123041153 ], [ 342412.304310937179253, 6869819.593622026965022 ], [ 342412.241090018302202, 6869824.348884779959917 ], [ 342407.905497920466587, 6869833.80322761181742 ], [ 342407.810664437885862, 6869840.936121695674956 ], [ 342409.757241183542646, 6869852.852037967182696 ], [ 342413.87157371424837, 6869860.04078096523881 ], [ 342413.808355864544865, 6869864.795932652428746 ], [ 342415.881377896177582, 6869867.201543908566236 ], [ 342415.818159550894052, 6869871.956806330010295 ], [ 342421.973824638931546, 6869883.928675558418036 ], [ 342426.151486847607885, 6869886.36226312443614 ], [ 342428.192911844234914, 6869891.145281324163079 ], [ 342438.715894557535648, 6869891.285161267966032 ], [ 342445.156211201334372, 6869881.858784042298794 ], [ 342449.4916894910275, 6869872.404427436180413 ], [ 342458.03662158944644, 6869863.005795940756798 ], [ 342462.277285013871733, 6869860.68421721085906 ], [ 342468.685970031889156, 6869853.635348547250032 ], [ 342475.031257762224413, 6869851.34162506647408 ], [ 342483.544557197834365, 6869844.320718191564083 ], [ 342494.099088389833923, 6869842.083030926994979 ], [ 342506.821423769462854, 6869835.11803712323308 ], [ 342513.229970103711821, 6869828.069144690409303 ], [ 342517.470709115965292, 6869825.747437685728073 ], [ 342521.806308584869839, 6869816.292949340306222 ], [ 342522.027426068787463, 6869799.64975603390485 ] ] ], [ [ [ 341795.71507722872775, 6869851.996679628267884 ], [ 341828.717037347727455, 6869823.900844587013125 ], [ 341837.135454291943461, 6869824.013178123161197 ], [ 341843.322345857566688, 6869833.607853556983173 ], [ 341858.054464013082907, 6869833.804412968456745 ], [ 341864.463514145230874, 6869826.755854764953256 ], [ 341868.783690744196065, 6869818.490397408604622 ], [ 341876.244941564567853, 6869811.455870732665062 ], [ 341888.951789792976342, 6869805.680341798812151 ], [ 341896.412922309944406, 6869798.645801935344934 ], [ 341910.156203189864755, 6869794.072994121350348 ], [ 341910.1879147173604, 6869791.69535936228931 ], [ 341915.481179674272425, 6869789.388009913265705 ], [ 341920.837763368792366, 6869782.325387455523014 ], [ 341922.942285923170857, 6869782.353454400785267 ], [ 341930.403579513251316, 6869775.318897157907486 ], [ 341936.764799415948801, 6869771.836752105504274 ], [ 341951.496933482412715, 6869772.033200214616954 ], [ 341959.931062373914756, 6869770.956629682332277 ], [ 341962.06738206569571, 6869768.607056606560946 ], [ 341971.569763773935847, 6869766.355692625045776 ], [ 341982.092752483906224, 6869766.495984451845288 ], [ 341988.390560175292194, 6869767.768970387987792 ], [ 341998.818467467208393, 6869775.042149925604463 ], [ 342006.16869002970634, 6869776.32904389128089 ], [ 342016.83419196534669, 6869765.770171349868178 ], [ 342019.002188983373344, 6869761.042954429984093 ], [ 342019.144791605125647, 6869750.343822361901402 ], [ 342016.098786859889515, 6869741.980136184953153 ], [ 342011.937195678241551, 6869738.357692474499345 ], [ 341997.268496438395232, 6869733.406048864126205 ], [ 341978.327288250788115, 6869733.153540223836899 ], [ 341967.741027231852058, 6869737.768403282389045 ], [ 341939.313298638153356, 6869738.578375359997153 ], [ 341929.795175109698903, 6869742.018531527370214 ], [ 341923.48133482405683, 6869741.934328301809728 ], [ 341919.224740099860355, 6869745.444535021670163 ], [ 341903.440330135868862, 6869745.234009394422174 ], [ 341894.064808877767064, 6869737.974889421835542 ], [ 341894.159953751252033, 6869730.84209512732923 ], [ 341884.705255758715793, 6869729.526945189572871 ], [ 341877.386790161021054, 6869725.862338745035231 ], [ 341839.118329345597886, 6869675.413295260630548 ], [ 341836.072569966316223, 6869667.04955658596009 ], [ 341832.9473957248847, 6869664.629904672503471 ], [ 341826.808205265318975, 6869651.468763675540686 ], [ 341825.978013394284062, 6869634.811602648347616 ], [ 341814.609195299795829, 6869619.202712271362543 ], [ 341797.947295071557164, 6869605.901218499988317 ], [ 341792.796900062239729, 6869597.509261703118682 ], [ 341791.823946810560301, 6869591.551346606574953 ], [ 341779.545755158120301, 6869565.229118594899774 ], [ 341768.142055986390915, 6869559.311262814328074 ], [ 341767.410463374340907, 6869528.207731964066625 ], [ 341761.43024436320411, 6869503.158588110469282 ], [ 341757.30046241148375, 6869497.158408496528864 ], [ 341751.050339009612799, 6869492.318946063518524 ], [ 341737.402576273074374, 6869489.758647624403238 ], [ 341717.701130354544148, 6869461.775698585435748 ], [ 341721.058478558785282, 6869452.680993376299739 ], [ 341721.169614636572078, 6869444.359374602325261 ], [ 341720.164962808659766, 6869440.778976449742913 ], [ 341718.076278323540464, 6869439.562050840817392 ], [ 341709.832884007948451, 6869426.372838703915477 ], [ 341707.80771478562383, 6869420.400747515261173 ], [ 341707.998251796292607, 6869406.135145839303732 ], [ 341711.361497268953826, 6869390.722888985648751 ], [ 341715.633917543920688, 6869386.023828869685531 ], [ 341724.274399032234214, 6869369.493019562214613 ], [ 341726.505861022218596, 6869360.010797468945384 ], [ 341726.616995690623298, 6869351.689288657158613 ], [ 341720.525738435564563, 6869334.961729075759649 ], [ 341717.432435626862571, 6869330.164292328990996 ], [ 341717.480627197714057, 6869326.556063024327159 ], [ 341708.378230077389162, 6869315.854894952848554 ], [ 341688.053292587399483, 6869342.424203060567379 ], [ 341683.101605493342504, 6869340.496987450867891 ], [ 341681.894027876085602, 6869311.854344464838505 ], [ 341676.743950019066688, 6869303.462547278031707 ], [ 341676.982179424725473, 6869285.630485594272614 ], [ 341692.718349309405312, 6869289.407797744497657 ], [ 341702.045646755606867, 6869300.233447490260005 ], [ 341708.688363295863383, 6869302.836883179843426 ], [ 341720.954427980061155, 6869302.864067235961556 ], [ 341723.074842576053925, 6869301.703356208279729 ], [ 341734.840112450241577, 6869287.592336524277925 ], [ 341736.495673278230242, 6869242.431942122988403 ], [ 341738.616074336343445, 6869241.271339595317841 ], [ 341740.942764879786409, 6869224.656202211976051 ], [ 341743.078941755462438, 6869222.306668139994144 ], [ 341744.226456751464866, 6869215.187918530777097 ], [ 341744.639224016689695, 6869184.279183602891862 ], [ 341740.541523644817062, 6869175.901244239881635 ], [ 341720.644100381643511, 6869168.501536289229989 ], [ 341712.369156437925994, 6869157.689839854836464 ], [ 341706.103260851232335, 6869154.039160180836916 ], [ 341691.371979075134732, 6869153.842372738756239 ], [ 341686.01551046926761, 6869160.904779729433358 ], [ 341685.793165380542632, 6869177.548024732619524 ], [ 341663.594614024332259, 6869196.363606560043991 ], [ 341661.473018998454791, 6869195.15409644972533 ], [ 341661.587200323585421, 6869179.634047605097294 ], [ 341659.487117259530351, 6869177.196561271324754 ], [ 341659.566538877726998, 6869171.25257646292448 ], [ 341653.36428966379026, 6869162.846593212336302 ], [ 341642.841921595972963, 6869162.705985959619284 ], [ 341635.36501643905649, 6869170.929178480058908 ], [ 341633.260502037825063, 6869170.901054123416543 ], [ 341632.160584196564741, 6869174.453338644467294 ], [ 341619.343029615352862, 6869188.550195584073663 ], [ 341618.243104798020795, 6869192.102589810267091 ], [ 341617.925337270949967, 6869215.878641683608294 ], [ 341618.961711577372625, 6869217.081413474865258 ], [ 341618.659835336846299, 6869239.668756207451224 ], [ 341621.673636544437613, 6869250.410096312873065 ], [ 341623.762179343320895, 6869251.627039889805019 ], [ 341623.730403869180009, 6869254.004678134806454 ], [ 341625.803159561706707, 6869256.410330923274159 ], [ 341626.585343774408102, 6869276.633985621854663 ], [ 341623.301444545038976, 6869286.102239766158164 ], [ 341621.1652320875437, 6869288.451753683388233 ], [ 341620.001752277370542, 6869296.759202697314322 ], [ 341617.881327336188406, 6869297.91989572159946 ], [ 341617.83366319804918, 6869301.486352939158678 ], [ 341608.093233804160263, 6869321.569374581798911 ], [ 341604.888853672891855, 6869325.093530245125294 ], [ 341604.85707529517822, 6869327.471168395131826 ], [ 341587.782669988577254, 6869345.078199094161391 ], [ 341583.478232827153988, 6869352.154739838093519 ], [ 341583.303431667853147, 6869365.231639115139842 ], [ 341591.530850919662043, 6869379.609769079834223 ], [ 341593.635402741434518, 6869379.637899132445455 ], [ 341598.833129288861528, 6869384.463275754824281 ], [ 341613.564801205764525, 6869384.660166285000741 ], [ 341626.303124130296055, 6869376.507403773255646 ], [ 341646.313816888665315, 6869375.445907965302467 ], [ 341646.168989009282086, 6869386.284891052171588 ], [ 341648.225790086667985, 6869389.87946655601263 ], [ 341653.455892578524072, 6869392.327631400898099 ], [ 341656.644386138650589, 6869389.992613967508078 ], [ 341670.069191415619571, 6869409.195581311360002 ], [ 341671.887879753718153, 6869430.621990831568837 ], [ 341676.958511740900576, 6869444.957878363318741 ], [ 341687.25890801101923, 6869461.741684021428227 ], [ 341688.247672325698659, 6869466.510903834365308 ], [ 341696.554687655065209, 6869474.944968019612134 ], [ 341699.600291543116327, 6869483.308751437813044 ], [ 341698.436856540851295, 6869491.616315189749002 ], [ 341689.875757455243729, 6869502.203017454594374 ], [ 341688.775831953040324, 6869505.755417129024863 ], [ 341688.585278983635362, 6869520.021017789840698 ], [ 341698.073056767228991, 6869545.117055853828788 ], [ 341670.36327093775617, 6869544.746916027739644 ], [ 341666.122347931028344, 6869547.06821180600673 ], [ 341636.213942431204487, 6869579.960930430330336 ], [ 341630.904819671995938, 6869583.457083452492952 ], [ 341628.689136432250962, 6869591.750471651554108 ], [ 341629.614350413612556, 6869601.275081278756261 ], [ 341632.659948574029841, 6869609.638770395889878 ], [ 341636.789711917226668, 6869615.639104446396232 ], [ 341645.112591793993488, 6869622.88426929526031 ], [ 341649.242366280406713, 6869628.884598401375115 ], [ 341652.383279019850306, 6869630.115592043846846 ], [ 341668.167551130754873, 6869630.326459174975753 ], [ 341680.874327880330384, 6869624.551045328378677 ], [ 341685.146933447918855, 6869619.852216105908155 ], [ 341694.617507000046317, 6869619.97871336620301 ], [ 341710.385789563413709, 6869621.378231042996049 ], [ 341731.288561804045457, 6869632.358532910235226 ], [ 341736.454612728906795, 6869639.561474944464862 ], [ 341735.021438794385176, 6869668.078617626801133 ], [ 341738.003633932734374, 6869681.197657968848944 ], [ 341741.112921540043317, 6869684.806153645738959 ], [ 341741.081174812978134, 6869687.183789828792214 ], [ 341755.717985206341837, 6869694.513283487409353 ], [ 341771.502336721518077, 6869694.724009005352855 ], [ 341790.332323785929475, 6869703.298464333638549 ], [ 341795.593842941569164, 6869703.368693833239377 ], [ 341800.91873305052286, 6869698.683648191392422 ], [ 341803.086708604940213, 6869693.956576434895396 ], [ 341811.647829103807453, 6869683.369682552292943 ], [ 341825.860016543534584, 6869682.222928626462817 ], [ 341831.4667665247689, 6869696.713388746604323 ], [ 341830.98474859748967, 6869732.834545243531466 ], [ 341814.011354938149452, 6869742.851928681135178 ], [ 341810.775202661869116, 6869748.753776026889682 ], [ 341810.632411862141453, 6869759.452914277091622 ], [ 341812.689432154526003, 6869763.047455521300435 ], [ 341835.20849209127482, 6869763.347968922927976 ], [ 341828.219952336745337, 6869782.278850016184151 ], [ 341820.758786399674136, 6869789.313348516821861 ], [ 341815.465499050333165, 6869791.620767338201404 ], [ 341789.104254442499951, 6869791.26893615629524 ], [ 341777.32896868721582, 6869810.135899605229497 ], [ 341770.3049913427094, 6869829.162696259096265 ], [ 341755.008586027077399, 6869826.484128663316369 ], [ 341752.935698858113028, 6869824.078395258635283 ], [ 341745.08389501995407, 6869823.973566921427846 ], [ 341747.928071501082741, 6869804.987395660951734 ], [ 341751.196110808290541, 6869796.707929277792573 ], [ 341759.757345818099566, 6869786.121179526671767 ], [ 341780.497618449328002, 6869777.221938759088516 ], [ 341785.298052617174108, 6869765.059812534600496 ], [ 341785.45673449098831, 6869753.171855767257512 ], [ 341779.238196278573014, 6869745.954780796542764 ], [ 341766.626570592052303, 6869744.59739544056356 ], [ 341764.553695234819315, 6869742.191774060949683 ], [ 341749.885076167061925, 6869737.239819903858006 ], [ 341747.812303505372256, 6869734.834196668118238 ], [ 341741.482689092343207, 6869735.938604827970266 ], [ 341737.2099675697973, 6869740.637674834579229 ], [ 341735.026084263285156, 6869746.553553884848952 ], [ 341730.467729259165935, 6869772.650904120877385 ], [ 341727.183806362445466, 6869782.119183408096433 ], [ 341723.979249584372155, 6869785.643482746556401 ], [ 341720.679543371661566, 6869796.300468980334699 ], [ 341720.53667381365085, 6869806.999609249643981 ], [ 341722.593578957137652, 6869810.594165470451117 ], [ 341722.45071189920418, 6869821.293305497616529 ], [ 341726.485359564481769, 6869834.426287051290274 ], [ 341736.849593642924447, 6869846.454860348254442 ], [ 341743.115879145159852, 6869850.105503156781197 ], [ 341744.136452083243057, 6869852.497188502922654 ], [ 341757.721058171358891, 6869859.812728463672101 ], [ 341782.992161993635818, 6869858.961039874702692 ], [ 341795.71507722872775, 6869851.996679628267884 ] ] ], [ [ [ 338965.250938584038522, 6869332.025987224653363 ], [ 338895.481890581548214, 6869570.322783662937582 ], [ 338739.76723521517124, 6869725.749445611611009 ], [ 338740.10725468583405, 6869727.06857425160706 ], [ 338742.050156098906882, 6869738.985265924595296 ], [ 338741.839899505022913, 6869754.439807640388608 ], [ 338742.811355250654742, 6869760.398042257875204 ], [ 338746.891059683752246, 6869769.965928137302399 ], [ 338755.309638694161549, 6869770.08045406639576 ], [ 338759.551173871499486, 6869767.760057740844786 ], [ 338764.812686447403394, 6869767.831630238331854 ], [ 338765.897351155988872, 6869765.468289049342275 ], [ 338771.175131441792473, 6869764.351032287813723 ], [ 338775.481241610483266, 6869757.275539521127939 ], [ 338776.630584550614003, 6869750.156886170618236 ], [ 338781.163536487496458, 6869741.895429438911378 ], [ 338796.737554614897817, 6869742.107250130735338 ], [ 338807.131318295490928, 6869751.760762399062514 ], [ 338819.678138311952353, 6869757.87662148475647 ], [ 338828.096510128118098, 6869757.991093442775309 ], [ 338837.615793279313948, 6869754.553386069834232 ], [ 338847.167397005832754, 6869748.738016111776233 ], [ 338849.320426719612442, 6869745.200257231481373 ], [ 338855.69889537349809, 6869740.530897466465831 ], [ 338866.286537838401273, 6869735.918645709753036 ], [ 338871.628835511859506, 6869730.046255422756076 ], [ 338877.975065945414826, 6869727.754429933615029 ], [ 338882.232719830994029, 6869724.245163925923407 ], [ 338888.643483855121303, 6869717.198021666146815 ], [ 338892.998081140976865, 6869706.556008738465607 ], [ 338900.444983917055652, 6869700.712213158607483 ], [ 338904.735035234829411, 6869694.825286103412509 ], [ 338904.945084167586174, 6869679.370750324800611 ], [ 338901.852774425002281, 6869674.572643265128136 ], [ 338890.342160504078493, 6869669.660110536962748 ], [ 338872.453135322430171, 6869669.416936485096812 ], [ 338866.187841268139891, 6869665.764620868489146 ], [ 338854.628663177718408, 6869664.418423311784863 ], [ 338862.285670365963597, 6869643.120002724230289 ], [ 338860.278121295385063, 6869635.958535603247583 ], [ 338860.358932980685495, 6869630.014507804065943 ], [ 338866.801986578502692, 6869620.589833656325936 ], [ 338893.222423406550661, 6869612.625768771395087 ], [ 338900.653015223797411, 6869607.970690594986081 ], [ 338910.269102127756923, 6869597.400076134130359 ], [ 338915.724421111284755, 6869583.20587569847703 ], [ 338918.006757540104445, 6869570.157597191631794 ], [ 338922.345126823987812, 6869560.704402831383049 ], [ 338922.393597424961627, 6869557.137919960543513 ], [ 338937.271035301673692, 6869546.638901378959417 ], [ 338945.85089448740473, 6869534.865244084969163 ], [ 338945.899358488502912, 6869531.298761336132884 ], [ 338937.37803514895495, 6869512.951166087761521 ], [ 338923.152964757638983, 6869501.263906067237258 ], [ 338920.093112798524089, 6869494.088146687485278 ], [ 338920.173898820648901, 6869488.144118833355606 ], [ 338927.749814646318555, 6869472.789688435383141 ], [ 338938.418069719686173, 6869462.233356862328947 ], [ 338949.166979108704254, 6869445.733098215423524 ], [ 338949.263908433611505, 6869438.600131971761584 ], [ 338955.819873161264695, 6869420.853842984884977 ], [ 338958.069840195123106, 6869410.183102188631892 ], [ 338962.375919619458728, 6869403.107441417872906 ], [ 338968.964057076140307, 6869382.983489411883056 ], [ 338972.16937571298331, 6869379.460010672919452 ], [ 338972.217834642389789, 6869375.893527492880821 ], [ 338978.692877908761147, 6869364.09125410951674 ], [ 338978.725182735128328, 6869361.713598657399416 ], [ 339001.275174604961649, 6869328.727196354418993 ], [ 339003.395790948998183, 6869327.566957882605493 ], [ 339005.59715516353026, 6869320.462691374123096 ], [ 339004.690221719676629, 6869309.749168511480093 ], [ 338996.272174260753673, 6869309.634807004593313 ], [ 338987.821824468206614, 6869311.897984256967902 ], [ 338975.06542904919479, 6869321.236932208761573 ], [ 338965.250938584038522, 6869332.025987224653363 ] ] ], [ [ [ 367049.032876469835173, 6869868.18523171171546 ], [ 367036.921751103014685, 6869822.506064048036933 ], [ 366933.496930700843222, 6869849.092461864463985 ], [ 366946.055079124984331, 6869902.101378007791936 ], [ 367049.032876469835173, 6869868.18523171171546 ] ] ], [ [ [ 359214.925995228579268, 6869792.503722235560417 ], [ 359174.711435850767884, 6869678.429759938269854 ], [ 359098.726086176931858, 6869740.868415409699082 ], [ 359177.351714132819325, 6869810.375036038458347 ], [ 359214.925995228579268, 6869792.503722235560417 ] ] ], [ [ [ 339472.746604573272634, 6868553.929736776277423 ], [ 339453.151906675891951, 6868666.159749841317534 ], [ 339413.885336743376683, 6868709.235516749322414 ], [ 339413.136947096325457, 6868716.556362297385931 ], [ 339414.261477959458716, 6868742.617232300341129 ], [ 339414.200450590113178, 6868742.661732761189342 ], [ 339405.225042750244029, 6868737.433249087072909 ], [ 339331.707639617263339, 6868834.406460294499993 ], [ 339235.420147378346883, 6868907.322797656990588 ], [ 339213.671093311859295, 6868954.450580945238471 ], [ 339211.600335129769519, 6868954.422482413239777 ], [ 339210.623357454314828, 6868952.164788085967302 ], [ 339206.254662771942094, 6868959.344294102862477 ], [ 339197.449493043241091, 6868987.761480024084449 ], [ 339193.208322100632358, 6868990.081907437182963 ], [ 339182.460031799972057, 6869006.582471327856183 ], [ 339178.25121684873011, 6869006.525350738316774 ], [ 339169.704111334984191, 6869015.921720648184419 ], [ 339152.481162954587489, 6869044.22462666220963 ], [ 339148.272137968917377, 6869044.167493388056755 ], [ 339137.652944128261879, 6869051.157400703057647 ], [ 339127.098194031685125, 6869053.39220855012536 ], [ 339120.687910398002714, 6869060.439351554960012 ], [ 339112.237763745768461, 6869062.702608780935407 ], [ 339105.859649506921414, 6869067.37219830788672 ], [ 339101.650713599054143, 6869067.315050188452005 ], [ 339097.344925397541374, 6869074.390756359323859 ], [ 339079.151533577474765, 6869076.424052849411964 ], [ 339044.174301531224046, 6869114.790930210612714 ], [ 339044.151449310826138, 6869116.473394791595638 ], [ 339048.263523672707379, 6869123.663418844342232 ], [ 339048.134350183943752, 6869133.173930794000626 ], [ 339050.142001092783175, 6869140.335370804183185 ], [ 339058.366278819739819, 6869154.715412792749703 ], [ 339066.784214132989291, 6869154.829735364764929 ], [ 339071.025568658020347, 6869152.509240278974175 ], [ 339075.234535344468895, 6869152.566397853195667 ], [ 339081.612606380251236, 6869147.896932080388069 ], [ 339090.062919273856096, 6869145.633584342896938 ], [ 339096.473264388972893, 6869138.586455667391419 ], [ 339104.891186973021831, 6869138.700751704163849 ], [ 339115.510576029540971, 6869131.710760476067662 ], [ 339130.241979791026097, 6869131.910752007737756 ], [ 339134.515587583417073, 6869127.212690809741616 ], [ 339140.829071559361182, 6869127.298394077457488 ], [ 339149.279356207116507, 6869125.03500528819859 ], [ 339151.448427777737379, 6869120.308372031897306 ], [ 339159.866335531405639, 6869120.422629619017243 ], [ 339170.421038319007494, 6869118.187788954004645 ], [ 339176.799149371043313, 6869113.518275717273355 ], [ 339181.008002356393263, 6869113.575395034626126 ], [ 339193.731746170786209, 6869106.613895828835666 ], [ 339198.005320558382664, 6869101.915702384896576 ], [ 339204.480198545032181, 6869090.113321689888835 ], [ 339208.721303279628046, 6869087.792887637391686 ], [ 339208.785827395739034, 6869083.03757815156132 ], [ 339219.469620785152074, 6869071.292299948632717 ], [ 339230.088880192372017, 6869064.302100668661296 ], [ 339247.15038927574642, 6869047.88725224044174 ], [ 339251.391666399606038, 6869045.566806552931666 ], [ 339268.614469801366795, 6869017.263769191689789 ], [ 339273.016982312547043, 6869003.0550437271595 ], [ 339281.069869323051535, 6868991.273920432664454 ], [ 339285.805047827947419, 6868991.338143842294812 ], [ 339307.172104898956604, 6868967.847449226304889 ], [ 339309.341089198482223, 6868963.120679603889585 ], [ 339315.751204745611176, 6868956.073552208021283 ], [ 339320.089061516220681, 6868946.620119327679276 ], [ 339330.772627249127254, 6868934.874638848006725 ], [ 339337.118240465875715, 6868932.582698814570904 ], [ 339352.13959499890916, 6868911.383871708065271 ], [ 339354.340687688905746, 6868904.279549998231232 ], [ 339354.437391450046562, 6868897.146697832271457 ], [ 339367.25749598199036, 6868883.052174136042595 ], [ 339371.563056215178221, 6868875.976378964260221 ], [ 339375.80424881936051, 6868873.655781459994614 ], [ 339395.130902243661694, 6868845.381106266751885 ], [ 339397.332057462539524, 6868838.276779064908624 ], [ 339401.573230028909165, 6868835.956283897161484 ], [ 339401.637682891450822, 6868831.200975485146046 ], [ 339403.806607547681779, 6868826.474190667271614 ], [ 339408.079900346929207, 6868821.776148684322834 ], [ 339408.144350943621248, 6868817.020840274170041 ], [ 339410.313172687659971, 6868812.294053085148335 ], [ 339410.409844615147449, 6868805.161312027834356 ], [ 339414.812122696370352, 6868790.952652418985963 ], [ 339421.254311266704462, 6868781.527708668261766 ], [ 339421.350979234091938, 6868774.394856750033796 ], [ 339425.656471368274651, 6868767.319044282659888 ], [ 339430.123162106669042, 6868748.355182094499469 ], [ 339438.798554429900832, 6868729.448241770267487 ], [ 339445.240789935574867, 6868720.02339881286025 ], [ 339466.60706636699615, 6868696.532335359603167 ], [ 339466.671496525872499, 6868691.777026976458728 ], [ 339470.912603760254569, 6868689.456509644165635 ], [ 339470.977032363414764, 6868684.701201282441616 ], [ 339475.282465203898028, 6868677.625372871756554 ], [ 339477.483449754538015, 6868670.521031610667706 ], [ 339483.925624700204935, 6868661.096169840544462 ], [ 339490.689698578557, 6868627.895092777907848 ], [ 339490.81854299880797, 6868618.384475823491812 ], [ 339492.984464338049293, 6868613.664286629296839 ], [ 339486.848590971087106, 6868575.134510304778814 ], [ 339476.893146622285713, 6868558.744428148493171 ], [ 339472.746604573272634, 6868553.929736776277423 ] ] ], [ [ [ 341904.124954103957862, 6868967.476033065468073 ], [ 341880.567374599631876, 6868956.977755071595311 ], [ 341859.663213053368963, 6868958.981430454179645 ], [ 341862.332097898761276, 6868961.127026580274105 ], [ 341870.543566409382038, 6868976.693674429319799 ], [ 341870.495972528704442, 6868980.260130593553185 ], [ 341874.54629096458666, 6868992.204263148829341 ], [ 341883.936943358974531, 6868998.274613390676677 ], [ 341896.674669008818455, 6868990.121473170816898 ], [ 341901.04224166716449, 6868978.289666373282671 ], [ 341903.178344299201854, 6868975.940106206573546 ], [ 341904.124954103957862, 6868967.476033065468073 ] ] ], [ [ [ 341835.149997048778459, 6868945.307055471464992 ], [ 341815.8858797759749, 6868894.322425708174706 ], [ 341807.468936566961929, 6868892.620840881019831 ], [ 341806.448544546030462, 6868890.229266880080104 ], [ 341802.255488800001331, 6868888.984365681186318 ], [ 341796.180285368172918, 6868871.068009695038199 ], [ 341793.08718594990205, 6868866.27058691624552 ], [ 341782.644456260604784, 6868860.186106460168958 ], [ 341778.43554026063066, 6868860.129904584959149 ], [ 341759.847476377675775, 6868849.299422666430473 ], [ 341784.109404972696211, 6868829.291411373764277 ], [ 341787.329383080475964, 6868824.578282287344337 ], [ 341789.54504954488948, 6868824.607867117971182 ], [ 341774.018345413031057, 6868783.513774802908301 ], [ 341770.013455826672725, 6868781.542593318969011 ], [ 341767.940763922757469, 6868779.136850971728563 ], [ 341748.059889800497331, 6868770.548225017264485 ], [ 341747.039521764148958, 6868768.156644484959543 ], [ 341741.79439378506504, 6868766.897556053474545 ], [ 341735.544684386346489, 6868762.05795198213309 ], [ 341731.431178520782851, 6868754.868926835246384 ], [ 341728.290397720760666, 6868753.638051902875304 ], [ 341722.072461131145246, 6868746.420911749824882 ], [ 341716.859107835101895, 6868742.784172511659563 ], [ 341709.54131912876619, 6868739.119427267462015 ], [ 341696.930776059045456, 6868737.761916230432689 ], [ 341688.560777814593166, 6868734.08309912122786 ], [ 341676.156751836882904, 6868717.271130410954356 ], [ 341644.574849861091934, 6868718.038104889914393 ], [ 341635.168652765103616, 6868713.156255999580026 ], [ 341630.034690139465965, 6868703.575597194954753 ], [ 341628.152823025127873, 6868686.904211802408099 ], [ 341624.02351978328079, 6868680.903853639960289 ], [ 341623.114324589725584, 6868670.190630218014121 ], [ 341620.037144422589336, 6868664.204334056004882 ], [ 341617.94861028942978, 6868662.987493587657809 ], [ 341611.79445722384844, 6868651.015010485425591 ], [ 341592.595461790158879, 6868645.313987487927079 ], [ 341588.899979943351354, 6868622.679385202005506 ], [ 341606.930722965043969, 6868621.224729281850159 ], [ 341614.343760227086022, 6868617.756844295188785 ], [ 341617.500286594906356, 6868617.79904124699533 ], [ 341625.997310298669618, 6868611.967464190907776 ], [ 341633.378555902163498, 6868610.877097059041262 ], [ 341640.791579675278626, 6868607.409085337072611 ], [ 341652.524546441505663, 6868595.675801798701286 ], [ 341658.980675256345421, 6868585.061018021777272 ], [ 341660.064656545291655, 6868582.697440369985998 ], [ 341660.318862728658132, 6868563.676652511581779 ], [ 341653.223647093051113, 6868543.368606199510396 ], [ 341646.223797422542702, 6868515.927633117884398 ], [ 341637.933524928521365, 6868506.304782373830676 ], [ 341633.74062351603061, 6868505.059703051112592 ], [ 341631.668108348734677, 6868502.653933810070157 ], [ 341601.218436225201003, 6868497.490840842947364 ], [ 341599.145830683468375, 6868495.085064215585589 ], [ 341591.812336992123164, 6868492.609056739136577 ], [ 341582.48572769202292, 6868481.783162761479616 ], [ 341578.436009056691546, 6868469.838791346177459 ], [ 341572.26601198350545, 6868459.055208211764693 ], [ 341557.646781376097351, 6868450.53658009506762 ], [ 341531.469547805958427, 6868440.674303052946925 ], [ 341530.449255607672967, 6868438.282699517905712 ], [ 341527.308580248616636, 6868437.051655184477568 ], [ 341521.106842828448862, 6868428.645572615787387 ], [ 341518.061587927746587, 6868420.281822996214032 ], [ 341517.136624710808974, 6868410.757181573659182 ], [ 341511.987195337249432, 6868402.365280793979764 ], [ 341505.737677485216409, 6868397.525538736954331 ], [ 341501.544924537884071, 6868396.280411371029913 ], [ 341488.918853158713318, 6868396.111481344327331 ], [ 341487.850757660809904, 6868397.286223862320185 ], [ 341481.537721155094914, 6868397.201753257773817 ], [ 341474.124771764792968, 6868400.669662408530712 ], [ 341467.700376670225523, 6868408.90670926682651 ], [ 341449.702065287390724, 6868416.989084384404123 ], [ 341446.418309164175298, 6868426.457186188548803 ], [ 341447.136290370137431, 6868451.436173604801297 ], [ 341449.208859864040278, 6868453.841867925599217 ], [ 341450.197414385795128, 6868458.611232975497842 ], [ 341456.415030231524725, 6868465.828533072955906 ], [ 341465.805149797699414, 6868471.899249164387584 ], [ 341474.1907051471062, 6868474.389525294303894 ], [ 341483.453590189572424, 6868489.97068152576685 ], [ 341486.498744643758982, 6868498.334438264369965 ], [ 341491.648299889755435, 6868506.72646008990705 ], [ 341502.713362496346235, 6868544.923010548576713 ], [ 341505.838161275489256, 6868547.342880588024855 ], [ 341507.847145955485757, 6868554.503845212049782 ], [ 341510.956046619627159, 6868558.112423430196941 ], [ 341512.933132611098699, 6868567.651026573032141 ], [ 341514.989734505827073, 6868571.245637457817793 ], [ 341514.926125048077665, 6868576.000808626413345 ], [ 341518.003229102992918, 6868581.987025471404195 ], [ 341517.939619630924426, 6868586.742307339794934 ], [ 341521.000827818701509, 6868593.917232759296894 ], [ 341520.953121823898982, 6868597.483694085851312 ], [ 341529.680196756089572, 6868605.923436601646245 ], [ 341534.520311757689342, 6868605.988174554891884 ], [ 341542.874176104320213, 6868610.856037274003029 ], [ 341558.498119090567343, 6868622.955094449222088 ], [ 341561.575256910524331, 6868628.941408845596015 ], [ 341561.384487578470726, 6868643.207030203193426 ], [ 341564.413747724145651, 6868652.759579791687429 ], [ 341566.486376488755923, 6868655.165361057035625 ], [ 341596.99521286302479, 6868668.56709248572588 ], [ 341597.025804825825617, 6868674.540148733183742 ], [ 341572.389317462220788, 6868685.936499478295445 ], [ 341572.195594628108665, 6868700.424282157793641 ], [ 341582.63808069715742, 6868706.508960757404566 ], [ 341588.871808555384632, 6868712.537359271198511 ], [ 341594.005643838841934, 6868722.1181466486305 ], [ 341606.457241764292121, 6868735.363746516406536 ], [ 341613.631975286640227, 6868749.727825423702598 ], [ 341615.720425400300883, 6868750.944775320589542 ], [ 341616.677298239257652, 6868758.091649362817407 ], [ 341624.856609897455201, 6868776.03624464944005 ], [ 341625.765821783046704, 6868786.749466008506715 ], [ 341627.838487775472458, 6868789.155234462581575 ], [ 341627.711370013188571, 6868798.665571206249297 ], [ 341634.93383876781445, 6868809.4632846750319 ], [ 341634.902060221298598, 6868811.840924166142941 ], [ 341654.607984331436455, 6868833.506421213969588 ], [ 341674.409386918880045, 6868848.039187161251903 ], [ 341677.50253295339644, 6868852.836644760333002 ], [ 341681.56839420972392, 6868863.592035386711359 ], [ 341681.520741411135532, 6868867.158493924885988 ], [ 341683.593433378322516, 6868869.564251206815243 ], [ 341683.529898761422373, 6868874.31941838003695 ], [ 341687.627539767127018, 6868882.697277922183275 ], [ 341690.752467442187481, 6868885.117092292755842 ], [ 341699.154241500014905, 6868886.418372832238674 ], [ 341701.22694199369289, 6868888.824015846475959 ], [ 341705.435869457258377, 6868888.880244681611657 ], [ 341707.508473553752992, 6868891.285885201767087 ], [ 341715.91035123472102, 6868892.587154878303409 ], [ 341734.738985920499545, 6868901.161878883838654 ], [ 341748.30667800270021, 6868909.666088162921369 ], [ 341756.58166121301474, 6868920.477661296725273 ], [ 341769.927141207735986, 6868945.625311201438308 ], [ 341779.30183390295133, 6868952.884457115083933 ], [ 341781.406308382167481, 6868952.912557322531939 ], [ 341792.85374280391261, 6868962.57754042185843 ], [ 341796.01035885210149, 6868962.619685554876924 ], [ 341798.067122389678843, 6868966.214127541519701 ], [ 341803.31244264554698, 6868967.473187712952495 ], [ 341804.332938431005459, 6868969.864873578771949 ], [ 341815.90736719960114, 6868970.019392252899706 ], [ 341820.163930847658776, 6868966.509122303687036 ], [ 341820.338495484902523, 6868953.432335850782692 ], [ 341826.587447041762061, 6868945.19275931455195 ], [ 341835.149997048778459, 6868945.307055471464992 ] ] ], [ [ [ 359744.394673698814586, 6868875.341072928160429 ], [ 359715.988649401580915, 6868786.031705665402114 ], [ 359612.011267798487097, 6868813.578711856156588 ], [ 359659.88898709253408, 6868902.609262377955019 ], [ 359744.394673698814586, 6868875.341072928160429 ] ] ], [ [ [ 339691.074646720604505, 6868393.522041015326977 ], [ 339559.469267558830325, 6868379.508891796693206 ], [ 339561.347069538081996, 6868383.912478312849998 ], [ 339561.057276292820461, 6868405.311035959050059 ], [ 339548.774757446255535, 6868424.169084576889873 ], [ 339539.755988466436975, 6868424.046934986487031 ], [ 339527.033171369112097, 6868431.008878821507096 ], [ 339522.824468590668403, 6868430.951869720593095 ], [ 339520.687862227321602, 6868433.300907748751342 ], [ 339514.213717519422062, 6868445.103441087529063 ], [ 339514.149300433578901, 6868449.85875029861927 ], [ 339509.876173556083813, 6868454.556935369968414 ], [ 339509.81175646034535, 6868459.312133779749274 ], [ 339507.675141183193773, 6868461.661280544474721 ], [ 339503.305377866490744, 6868473.492316557094455 ], [ 339488.445864803041331, 6868482.803257070481777 ], [ 339485.172545257024467, 6868482.758908566087484 ], [ 339479.37362889945507, 6868515.973062019795179 ], [ 339502.725603155791759, 6868516.289433441124856 ], [ 339519.62504495959729, 6868511.762397937476635 ], [ 339530.147020842239726, 6868511.904919352382421 ], [ 339532.283541666693054, 6868509.555767152458429 ], [ 339536.492370287829544, 6868509.612772911787033 ], [ 339547.078647916845512, 6868504.999969686381519 ], [ 339570.226900250010658, 6868505.313450358808041 ], [ 339576.411164203542285, 6868514.909440875053406 ], [ 339584.732146640424617, 6868522.156269002705812 ], [ 339588.908688176190481, 6868524.590908467769623 ], [ 339599.430574490805157, 6868524.733366475440562 ], [ 339612.185628898441792, 6868515.393689313903451 ], [ 339614.354415879468434, 6868510.667092256247997 ], [ 339614.418791262782179, 6868505.911784741096199 ], [ 339616.555391550587956, 6868503.562619491480291 ], [ 339618.756361874751747, 6868496.458367982879281 ], [ 339619.013855263357982, 6868477.437359256669879 ], [ 339625.423438961210195, 6868470.389968698844314 ], [ 339625.428802784532309, 6868469.993730001151562 ], [ 339655.303072365466505, 6868439.879801810719073 ], [ 339668.186701449973043, 6868421.029676834121346 ], [ 339678.869368961430155, 6868409.284022308886051 ], [ 339679.969830243848264, 6868405.731780851259828 ], [ 339691.074646720604505, 6868393.522041015326977 ] ] ], [ [ [ 380810.768670816614758, 6862081.41865036636591 ], [ 380791.891044559364673, 6861971.859107919037342 ], [ 380791.65097136143595, 6861995.65783070679754 ], [ 380790.429378401429858, 6862000.929184413515031 ], [ 380790.416054725064896, 6862002.249969178810716 ], [ 380789.221206270158291, 6862004.879754209890962 ], [ 380789.194558692222927, 6862007.521323743276298 ], [ 380786.778016861295328, 6862015.422350210137665 ], [ 380786.751368843426462, 6862018.063919714652002 ], [ 380784.374795204377733, 6862022.002702252939343 ], [ 380783.179845621460117, 6862024.6324857249856 ], [ 380781.958246563444845, 6862029.903838590718806 ], [ 380780.763296848686878, 6862032.533511044457555 ], [ 380780.749972251011059, 6862033.85429578833282 ], [ 380779.555020792700816, 6862036.484078929759562 ], [ 380779.381801045499742, 6862053.654169576242566 ], [ 380780.523455996823031, 6862056.307525291107595 ], [ 380780.483579388004728, 6862060.269991179928184 ], [ 380782.766794866416603, 6862065.576590362936258 ], [ 380783.921775933238678, 6862066.909160966053605 ], [ 380786.205092374118976, 6862072.215760329738259 ], [ 380787.35997650003992, 6862073.548329560086131 ], [ 380789.669941548490897, 6862076.213469619862735 ], [ 380795.847551708808169, 6862081.559460547752678 ], [ 380809.477763439936098, 6862081.696939736604691 ], [ 380810.768670816614758, 6862081.41865036636591 ] ] ], [ [ [ 380785.671737422293518, 6861935.764003390446305 ], [ 380784.059259682777338, 6861937.461241321638227 ], [ 380782.89086920657428, 6861937.449453981593251 ], [ 380784.032610272348393, 6861940.102811112999916 ], [ 380785.160930438316427, 6861944.07684120349586 ], [ 380785.147604769212194, 6861945.397736879065633 ], [ 380788.420695727400016, 6861951.718004330061376 ], [ 380785.671737422293518, 6861935.764003390446305 ] ] ], [ [ [ 377171.677616607456002, 6861067.618324996903539 ], [ 377189.241996168217156, 6861063.83823100104928 ], [ 377223.106411880871747, 6861065.511176858097315 ], [ 377243.020932171610184, 6861060.434268547222018 ], [ 377244.202776032616384, 6861059.125721560791135 ], [ 377244.312575537245721, 6861048.559351578354836 ], [ 377242.058589957538061, 6861040.610406657680869 ], [ 377238.608844134025276, 6861035.290801898576319 ], [ 377230.692138346028514, 6861010.110909838229418 ], [ 377223.833959738200065, 6860995.509302912279963 ], [ 377215.752771479543298, 6860986.178846284747124 ], [ 377198.586599199334159, 6860951.656208001077175 ], [ 377192.951529526500963, 6860931.783647071570158 ], [ 377193.033917466527782, 6860923.85886743478477 ], [ 377190.807360901962966, 6860913.268204267136753 ], [ 377181.777678753947839, 6860882.793048432096839 ], [ 377178.328009356278926, 6860877.473422352224588 ], [ 377171.360109098837711, 6860873.438040783628821 ], [ 377155.032781353860628, 6860870.626484744250774 ], [ 377155.005310787819326, 6860873.267967567779124 ], [ 377151.459599205642007, 6860877.194022608920932 ], [ 377140.849635817692615, 6860886.330141857266426 ], [ 377124.385101869236678, 6860896.726293162442744 ], [ 377104.470794386637863, 6860901.802883796393871 ], [ 377056.574766949051991, 6860901.304484184831381 ], [ 377038.982977987267077, 6860907.726078601554036 ], [ 377023.67277362162713, 6860919.455050813034177 ], [ 377022.435718608496245, 6860926.046873493120074 ], [ 377022.215713991085067, 6860947.17951587960124 ], [ 377024.469629104132764, 6860955.128621439449489 ], [ 377026.751048160425853, 6860960.436021545901895 ], [ 377044.449697007366922, 6860981.09000510443002 ], [ 377038.514242277247831, 6860991.482276992872357 ], [ 377013.680830201483332, 6860981.43488341383636 ], [ 377002.081331556430086, 6860973.388471378013492 ], [ 376986.894694827613421, 6860973.230334969237447 ], [ 376982.249264593818225, 6860970.540078092366457 ], [ 376967.076386979839299, 6860969.061118877492845 ], [ 376960.094737841223832, 6860966.346631358377635 ], [ 376951.999817759438884, 6860958.336670244112611 ], [ 376943.960041817859747, 6860945.043625818565488 ], [ 376937.005932771367952, 6860939.687418441288173 ], [ 376927.674035675241612, 6860938.269255632534623 ], [ 376900.805466778576374, 6860937.989290644414723 ], [ 376894.950666136050131, 6860939.249217581003904 ], [ 376895.843586532224435, 6860965.677229196764529 ], [ 376900.323734408942983, 6860984.216977225616574 ], [ 376904.913905353692826, 6860992.190343163907528 ], [ 376910.727442978532054, 6860994.892802355811 ], [ 376942.241473392932676, 6860997.863013469614089 ], [ 376945.718595116282813, 6861000.541115807369351 ], [ 376953.882231983821839, 6861001.94709312543273 ], [ 376972.504868354066275, 6861008.745646337047219 ], [ 376986.440813670866191, 6861016.81641686335206 ], [ 376996.913390648202039, 6861020.888176914304495 ], [ 376999.222314616665244, 6861023.554209485650063 ], [ 377023.658392665907741, 6861033.055088756605983 ], [ 377041.18153687834274, 6861033.237494542263448 ], [ 377055.241368742252234, 6861029.421010799705982 ], [ 377065.878916176443454, 6861017.64336855802685 ], [ 377068.3527923594811, 6861004.459825348109007 ], [ 377073.08062247018097, 6860999.225265154615045 ], [ 377081.801088565844111, 6860995.390198467299342 ], [ 377107.975563236162998, 6861014.118559695780277 ], [ 377111.438985273358412, 6861018.117408376187086 ], [ 377113.775414025178179, 6861018.141713528893888 ], [ 377121.856645130261313, 6861027.472353423014283 ], [ 377126.378388193086721, 6861042.049500159919262 ], [ 377126.337172527099028, 6861046.012000743299723 ], [ 377127.505487608723342, 6861046.024152824655175 ], [ 377127.423060661531053, 6861053.948821533471346 ], [ 377129.718283199938014, 6861057.935512975789607 ], [ 377140.149730182136409, 6861065.96964312531054 ], [ 377171.677616607456002, 6861067.618324996903539 ] ] ], [ [ [ 377379.612658515456133, 6860589.314322820864618 ], [ 377371.968220717040822, 6860591.389724813401699 ], [ 377369.631780216586776, 6860591.365466697141528 ], [ 377362.595422430778854, 6860593.93428703956306 ], [ 377359.591552758589387, 6860593.90309689566493 ], [ 377346.02166578680044, 6860614.897102566435933 ], [ 377345.911942743870895, 6860625.463143745437264 ], [ 377341.184376358170994, 6860630.698027634993196 ], [ 377338.76572662970284, 6860638.59854487515986 ], [ 377336.429374546278268, 6860638.574281543493271 ], [ 377336.347075093828607, 6860646.498950857669115 ], [ 377333.955854579107836, 6860651.757763028144836 ], [ 377333.873552726057824, 6860659.682543045841157 ], [ 377331.509762006346136, 6860662.299872231669724 ], [ 377331.427458839665633, 6860670.22465218231082 ], [ 377329.036329873837531, 6860675.48346446081996 ], [ 377329.008893896418158, 6860678.125168550759554 ], [ 377319.553806786425412, 6860688.594258574768901 ], [ 377317.18990819901228, 6860691.211694892495871 ], [ 377310.153479348460678, 6860693.7804861869663 ], [ 377307.817018153786194, 6860693.756216567009687 ], [ 377300.753145749971736, 6860698.966484982520342 ], [ 377298.389340023975819, 6860701.583807941526175 ], [ 377296.052975195168983, 6860701.559537068009377 ], [ 377293.689265896449797, 6860704.176860156469047 ], [ 377293.414844806306064, 6860730.592572141438723 ], [ 377295.696234021044802, 6860735.900028902105987 ], [ 377298.005262504564598, 6860738.565893882885575 ], [ 377307.295676958048716, 6860743.946156380698085 ], [ 377347.480764041654766, 6860744.363502096384764 ], [ 377336.218080107471906, 6860652.7482760977 ], [ 377379.612658515456133, 6860589.314322820864618 ] ] ], [ [ [ 377466.532205238938332, 6860353.947517153806984 ], [ 377467.750827801181003, 6860367.825532170012593 ], [ 377470.004808066878468, 6860375.774551024660468 ], [ 377469.922588929533958, 6860383.699331548064947 ], [ 377474.512975687975995, 6860391.672478100284934 ], [ 377476.739659250772092, 6860402.263089506886899 ], [ 377485.947768410958815, 6860415.567779697477818 ], [ 377494.147923165000975, 6860421.883447548374534 ], [ 377516.702570637688041, 6860388.911634674295783 ], [ 377466.532205238938332, 6860353.947517153806984 ] ] ], [ [ [ 377449.243972058291547, 6860341.898962078616023 ], [ 377371.212765314732678, 6860287.517192279919982 ], [ 377450.727473492152058, 6860132.078813287429512 ], [ 377451.527622949157376, 6860129.889466269873083 ], [ 377451.973131137492601, 6860129.643663947470486 ], [ 377492.317329146666452, 6860050.775654204189777 ], [ 377487.338436583813746, 6860056.288988275453448 ], [ 377486.129106961074285, 6860060.239703232422471 ], [ 377480.220198757713661, 6860066.782541058026254 ], [ 377459.166742767381947, 6860069.205965548753738 ], [ 377454.466852561279666, 6860071.799072649329901 ], [ 377431.049918288365006, 6860076.839799922890961 ], [ 377424.041099407651927, 6860076.767050376161933 ], [ 377424.01367963134544, 6860079.408645161427557 ], [ 377412.332573282474186, 6860079.287389446049929 ], [ 377405.269003834109753, 6860084.497708832845092 ], [ 377395.81443114427384, 6860094.966959536075592 ], [ 377393.396004651323892, 6860102.867600133642554 ], [ 377388.668660738563631, 6860108.102055244147778 ], [ 377383.859024195466191, 6860121.261625615879893 ], [ 377383.475032165588345, 6860158.243731342256069 ], [ 377387.982985285343602, 6860174.141703095287085 ], [ 377392.381250309059396, 6860200.605939844623208 ], [ 377392.052145942172501, 6860232.304963050410151 ], [ 377389.688350784825161, 6860234.922300826758146 ], [ 377384.851248460414354, 6860250.723133252933621 ], [ 377375.396629097696859, 6860261.192482522688806 ], [ 377370.641786609077826, 6860269.068637125194073 ], [ 377368.305409870867152, 6860269.044376466423273 ], [ 377365.914367568679154, 6860274.303306302055717 ], [ 377358.823231241607573, 6860282.155306734144688 ], [ 377347.059618671366479, 6860289.958666458725929 ], [ 377335.241016516985837, 6860303.045313788577914 ], [ 377318.750008792208973, 6860316.083303480409086 ], [ 377318.744522231630981, 6860316.611467282287776 ], [ 377304.595059543673415, 6860329.145541476085782 ], [ 377304.567615662293974, 6860331.787136079743505 ], [ 377302.20397764374502, 6860334.404459442943335 ], [ 377302.094201475090813, 6860344.970727004110813 ], [ 377304.430397724616341, 6860344.994998189620674 ], [ 377306.73934670543531, 6860347.66086549218744 ], [ 377353.464945248153526, 6860348.146199884824455 ], [ 377355.828672004281543, 6860345.52886763587594 ], [ 377379.191317183489446, 6860345.771459454670548 ], [ 377383.809052936732769, 6860351.103161084465683 ], [ 377388.481642674189061, 6860351.151672607287765 ], [ 377393.099384692439344, 6860356.483370337635279 ], [ 377400.080752048932482, 6860359.197724260389805 ], [ 377402.389626720629167, 6860361.863570925779641 ], [ 377409.371098347182851, 6860364.577809372916818 ], [ 377416.379990386252757, 6860364.650560506619513 ], [ 377421.107320871029515, 6860359.415981041267514 ], [ 377428.143723546294495, 6860356.84713251516223 ], [ 377437.598463951202575, 6860346.377742300741374 ], [ 377439.934659520629793, 6860346.401986667886376 ], [ 377442.298268002050463, 6860343.784636795520782 ], [ 377449.243972058291547, 6860341.898962078616023 ] ] ], [ [ [ 366527.312696555745788, 6860146.343676561489701 ], [ 366525.559401487931609, 6860115.412659483961761 ], [ 366517.309779801871628, 6860101.052723285742104 ], [ 366517.471019655582495, 6860086.787853588350117 ], [ 366498.547019806108437, 6860086.573934657499194 ], [ 366498.385757079580799, 6860100.838804986327887 ], [ 366487.711114227713551, 6860114.984818561002612 ], [ 366470.865691909159068, 6860116.907888190820813 ], [ 366471.265943913836963, 6860081.509854100644588 ], [ 366443.957999701495282, 6860078.8232252728194 ], [ 366429.131763583631255, 6860088.166706505231559 ], [ 366428.889744114829227, 6860109.564015313051641 ], [ 366432.987612997880206, 6860119.121532637625933 ], [ 366424.522963892202824, 6860123.781320543959737 ], [ 366424.44228761526756, 6860130.913867426104844 ], [ 366447.410576664842665, 6860145.440334863960743 ], [ 366451.535264076897874, 6860152.620216939598322 ], [ 366457.84333304897882, 6860152.691550732590258 ], [ 366464.043866681051441, 6860162.27294242195785 ], [ 366463.909450555569492, 6860174.160297259688377 ], [ 366468.007276039919816, 6860183.71768774650991 ], [ 366480.5159269599244, 6860193.370282796211541 ], [ 366509.980618430417962, 6860191.325665358453989 ], [ 366522.731153872911818, 6860179.580690974369645 ], [ 366527.097732587950304, 6860165.363353157415986 ], [ 366527.312696555745788, 6860146.343676561489701 ] ] ], [ [ [ 364760.554394904815126, 6859985.952917484566569 ], [ 364716.398285035276785, 6859985.447138277813792 ], [ 364695.289808093511965, 6859992.338698806241155 ], [ 364676.229522843728773, 6860004.00925946701318 ], [ 364671.915220987051725, 6860013.471059892326593 ], [ 364669.403821532614529, 6860049.109294234775007 ], [ 364684.06815441994695, 6860054.032901773229241 ], [ 364713.505703024682589, 6860054.370179755613208 ], [ 364730.436077758902684, 6860045.052997347898781 ], [ 364755.750050858652685, 6860038.209535652771592 ], [ 364760.064291816670448, 6860028.747707192786038 ], [ 364760.554394904815126, 6859985.952917484566569 ] ] ], [ [ [ 365018.322167484438978, 6859889.149701127782464 ], [ 365020.297275924822316, 6859891.435089018195868 ], [ 365028.6262991023832, 6859898.663576729595661 ], [ 365029.863948975806125, 6859898.958413621410728 ], [ 365018.322167484438978, 6859889.149701127782464 ] ] ], [ [ [ 363309.508670659852214, 6859199.928449810482562 ], [ 363287.672086585953366, 6859230.716135604307055 ], [ 363262.286624079861213, 6859198.72567331045866 ], [ 363260.982865026977379, 6859201.583989179693162 ], [ 363258.852751933853142, 6859203.937060539610684 ], [ 363258.412135140621103, 6859241.977194597944617 ], [ 363260.377030309522524, 6859253.888895938172936 ], [ 363260.321952669415623, 6859258.644078670069575 ], [ 363264.361902691831347, 6859272.957778828218579 ], [ 363264.279293754254468, 6859280.090164881199598 ], [ 363266.326711664441973, 6859284.869587914086878 ], [ 363266.27163963142084, 6859289.624548794701695 ], [ 363270.311511742009316, 6859303.938244493678212 ], [ 363270.228906081756577, 6859311.07074096146971 ], [ 363274.32395794976037, 6859320.629474978893995 ], [ 363276.343954226642381, 6859327.786210777238011 ], [ 363278.419018149899784, 6859330.188096394762397 ], [ 363280.466353628085926, 6859334.967514961026609 ], [ 363284.644019067927729, 6859337.393748549744487 ], [ 363288.794155890471302, 6859342.197405334562063 ], [ 363295.048158141900785, 6859347.026530122384429 ], [ 363310.118138752877712, 6859352.905853698030114 ], [ 363320.112469080020674, 6859361.58263622969389 ], [ 363333.9461195130134, 6859377.594771465286613 ], [ 363334.610227839322761, 6859380.772856906056404 ], [ 363342.910477187018842, 6859390.38024003058672 ], [ 363347.08807664050255, 6859392.806448938325047 ], [ 363355.388346035266295, 6859402.413711603730917 ], [ 363379.061667634057812, 6859416.16203594673425 ], [ 363384.521778707392514, 6859428.906917127780616 ], [ 363388.690328752854839, 6859432.125549146905541 ], [ 363396.917303998372518, 6859448.072835033759475 ], [ 363403.115032575733494, 6859457.65584316663444 ], [ 363407.265162786934525, 6859462.459452838636935 ], [ 363428.428486688877456, 6859450.815237971022725 ], [ 363430.558607117389329, 6859448.462025556713343 ], [ 363430.971131419413723, 6859412.799562416039407 ], [ 363478.526638075883966, 6859391.949228744953871 ], [ 363481.680451626423746, 6859391.985697729513049 ], [ 363488.070744922908489, 6859384.926254192367196 ], [ 363492.303251833887771, 6859382.597340989857912 ], [ 363494.460837266291492, 6859377.866583571769297 ], [ 363500.851116746314801, 6859370.807022795081139 ], [ 363503.036085725878365, 6859363.698839360848069 ], [ 363515.981426514568739, 6859335.314720947295427 ], [ 363518.111313338973559, 6859332.961491636000574 ], [ 363518.276223945140373, 6859318.696507440879941 ], [ 363520.433787390007637, 6859313.965856553055346 ], [ 363520.711414759512991, 6859289.950521381571889 ], [ 363504.099312422913499, 6859289.919590064324439 ], [ 363497.553055745782331, 6859292.300985863432288 ], [ 363493.347876090556383, 6859292.252363095059991 ], [ 363480.650053959048819, 6859299.238981073722243 ], [ 363476.445067569380626, 6859299.190354648977518 ], [ 363463.719730620679911, 6859308.554489750415087 ], [ 363457.384455062390771, 6859310.858961196616292 ], [ 363453.151867449632846, 6859313.187860221602023 ], [ 363451.021873690304346, 6859315.540966313332319 ], [ 363406.721188474213704, 6859411.328326189890504 ], [ 363396.37637424771674, 6859411.208636447787285 ], [ 363358.502683871425688, 6859324.100600532256067 ], [ 363356.323937394947279, 6859321.578847547993064 ], [ 363354.276378587237559, 6859316.799440911971033 ], [ 363352.201399157580454, 6859314.397681033238769 ], [ 363348.078768148785457, 6859307.216511677950621 ], [ 363345.326865626091603, 6859304.031103866174817 ], [ 363341.993483089725487, 6859300.172748623415828 ], [ 363340.455407436180394, 6859298.392553299665451 ], [ 363319.02830584149342, 6859273.590811750851572 ], [ 363319.68893071700586, 6859216.530731318518519 ], [ 363317.641504001803696, 6859211.751428293064237 ], [ 363313.491406435670797, 6859206.947668666020036 ], [ 363311.44388609402813, 6859202.168363207019866 ], [ 363309.508670659852214, 6859199.928449810482562 ] ] ], [ [ [ 362872.564559094491415, 6859149.522202023304999 ], [ 362864.154381710337475, 6859149.424506752751768 ], [ 362859.921624043257907, 6859151.75319485552609 ], [ 362853.586492156842723, 6859154.057346465066075 ], [ 362849.326109913003165, 6859158.763458711095154 ], [ 362845.093443803139962, 6859161.092142858542502 ], [ 362840.83315235452028, 6859165.798364169895649 ], [ 362840.777907746960409, 6859170.553219795227051 ], [ 362834.38731487467885, 6859177.612547406926751 ], [ 362834.332065342343412, 6859182.367624631151557 ], [ 362832.091465341043659, 6859194.230667052790523 ], [ 362831.925719102320727, 6859208.495566027238965 ], [ 362833.917704025749117, 6859218.030038129538298 ], [ 362835.992661293188576, 6859220.432006174698472 ], [ 362848.497472240531351, 6859230.088505309075117 ], [ 362850.572434614121448, 6859232.490470552816987 ], [ 362856.824849808705039, 6859237.3187136054039 ], [ 362858.927336389373522, 6859237.343137810006738 ], [ 362875.637354686623439, 6859247.04856676235795 ], [ 362879.842429020674899, 6859247.097409097477794 ], [ 362909.084982354193926, 6859264.081811000593007 ], [ 362913.290062280197162, 6859264.130641177296638 ], [ 362923.664784350548871, 6859276.140178199857473 ], [ 362932.075050322862808, 6859276.237827461212873 ], [ 362936.307834196952172, 6859273.909223465248942 ], [ 362934.288053504657, 6859266.752309648320079 ], [ 362904.455412748502567, 6859197.109357085078955 ], [ 362916.220874075079337, 6859192.830024154856801 ], [ 362901.696311891777441, 6859176.016564445570111 ], [ 362901.723923147190362, 6859173.63902619946748 ], [ 362895.499235465948004, 6859166.43337953928858 ], [ 362891.404546026024036, 6859156.874387118965387 ], [ 362889.301976019749418, 6859156.849966987036169 ], [ 362887.227019097306766, 6859154.448118893429637 ], [ 362885.124547483632341, 6859154.423699137754738 ], [ 362872.564559094491415, 6859149.522202023304999 ] ] ], [ [ [ 358494.453636916005053, 6859140.438806967809796 ], [ 358446.814060141448863, 6859112.210575683042407 ], [ 358458.803272424964234, 6859140.228400405496359 ], [ 358458.774765996960923, 6859142.605964365415275 ], [ 358464.996953801601194, 6859149.814060611650348 ], [ 358467.04244727245532, 6859154.594395509921014 ], [ 358471.190644237329252, 6859159.399827839806676 ], [ 358473.207738122437149, 6859166.557615606114268 ], [ 358485.566661050310358, 6859188.106699639 ], [ 358485.538161855773069, 6859190.484152496792376 ], [ 358493.834404714056291, 6859200.094998079352081 ], [ 358495.880017613701057, 6859204.875328000634909 ], [ 358502.10226097679697, 6859212.08351262845099 ], [ 358506.278891348978505, 6859214.511366233229637 ], [ 358510.427124855690636, 6859219.316893687471747 ], [ 358518.837379982345738, 6859219.417687925510108 ], [ 358527.276224731118418, 6859217.140914015471935 ], [ 358531.538429942214862, 6859212.436291256919503 ], [ 358531.73786485765595, 6859195.793569453060627 ], [ 358523.44149783719331, 6859186.182750412262976 ], [ 358523.526976702152751, 6859179.050060037523508 ], [ 358516.565845789911691, 6859175.003607757389545 ], [ 358511.111004502978176, 6859162.256255934014916 ], [ 358506.962790959281847, 6859157.450838352553546 ], [ 358504.917281136789825, 6859152.670511070638895 ], [ 358497.956270138034597, 6859148.624047953635454 ], [ 358494.453636916005053, 6859140.438806967809796 ] ] ], [ [ [ 363644.12244401028147, 6859008.656934714876115 ], [ 363593.624170871800743, 6859085.758398904465139 ], [ 363605.826844653987791, 6859214.240668550133705 ], [ 363568.390588738373481, 6859219.749945670366287 ], [ 363588.677298315567896, 6859231.531107693910599 ], [ 363628.625697046285495, 6859231.992642210796475 ], [ 363634.887769218941685, 6859225.074263367801905 ], [ 363675.018216574273538, 6859194.136439743451774 ], [ 363648.344955451437272, 6859163.263728933408856 ], [ 363648.399876213516109, 6859158.508771604858339 ], [ 363646.324772767780814, 6859156.106952245347202 ], [ 363646.35223426023731, 6859153.729418145492673 ], [ 363600.398682994302362, 6859127.042619546875358 ], [ 363638.738601783756167, 6859084.684890295378864 ], [ 363638.820991843065713, 6859077.552398014813662 ], [ 363645.210833926568739, 6859070.492763926275074 ], [ 363645.348145858908538, 6859058.605202853679657 ], [ 363658.12799121113494, 6859044.485927422530949 ], [ 363658.237829854828306, 6859034.976011511869729 ], [ 363660.367832612013444, 6859032.622761150822043 ], [ 363660.560050061321817, 6859015.980241884477437 ], [ 363657.488719793211203, 6859008.811324106529355 ], [ 363644.12244401028147, 6859008.656934714876115 ] ] ], [ [ [ 367664.3755266899243, 6859079.711921077221632 ], [ 367608.839391935442109, 6859223.429253247566521 ], [ 367620.378692291909829, 6859250.337781989015639 ], [ 367643.506388976355083, 6859250.597100986167789 ], [ 367675.284037713077851, 6859229.553485470823944 ], [ 367700.780679496005177, 6859206.061369343660772 ], [ 367703.069629965524655, 6859189.442794233560562 ], [ 367709.403899226803333, 6859187.135968947783113 ], [ 367717.947074759344105, 6859175.342763586901128 ], [ 367732.63801703741774, 6859177.88518388569355 ], [ 367774.395204019383527, 6859204.508538668043911 ], [ 367791.215362498769537, 6859204.696922840550542 ], [ 367791.321867452934384, 6859195.186879130080342 ], [ 367768.460595821496099, 6859171.153177727013826 ], [ 367753.982726233254652, 6859149.591044310480356 ], [ 367749.910831297864206, 6859137.656490116380155 ], [ 367726.75672409706749, 6859139.774882540106773 ], [ 367674.354174608015455, 6859124.920958172529936 ], [ 367666.024006642051972, 6859117.694257773458958 ], [ 367668.419702946965117, 6859091.565639688633382 ], [ 367664.3755266899243, 6859079.711921077221632 ] ] ], [ [ [ 364010.717558779753745, 6859176.019762361422181 ], [ 364038.187331240507774, 6859164.446931330487132 ], [ 364055.007542686886154, 6859164.640640832483768 ], [ 364061.397363010793924, 6859157.580903369933367 ], [ 364059.814984554017428, 6859112.38425175473094 ], [ 364053.507323132886086, 6859112.311613695695996 ], [ 364045.179447408590931, 6859105.082274800166488 ], [ 364019.949207475467119, 6859104.791674938052893 ], [ 363990.239938137412537, 6859128.227563137188554 ], [ 363977.570002518070396, 6859132.837166015058756 ], [ 363948.107279550749809, 6859134.875383766368032 ], [ 363947.942875635926612, 6859149.140467565506697 ], [ 363974.974434154923074, 6859175.607966700568795 ], [ 364010.717558779753745, 6859176.019762361422181 ] ] ], [ [ [ 368356.230297711328603, 6858972.188758913427591 ], [ 368360.879776444402523, 6859012.28120076470077 ], [ 368278.894134218920954, 6859035.881247994489968 ], [ 368289.132098473142833, 6859055.707727141678333 ], [ 368324.529595429543406, 6859087.013527881354094 ], [ 368332.727432820596732, 6859106.127178881317377 ], [ 368338.981773359817453, 6859110.952433675527573 ], [ 368366.261168802622706, 6859116.012151185423136 ], [ 368381.418439447763376, 6859130.617632254958153 ], [ 368365.810485967027489, 6859156.429232910275459 ], [ 368365.59840257128235, 6859175.448963668197393 ], [ 368373.875902095169295, 6859187.430055728182197 ], [ 368390.536874390672892, 6859201.882409901358187 ], [ 368401.022971176134888, 6859204.37711201235652 ], [ 368405.17494818760315, 6859209.17900162935257 ], [ 368436.686073871329427, 6859211.908022432588041 ], [ 368449.30112450546585, 6859212.048604128882289 ], [ 368451.589115716167726, 6859195.429703870788217 ], [ 368434.927984582376666, 6859180.977437130175531 ], [ 368435.166454020189121, 6859159.580091191455722 ], [ 368428.885551489540376, 6859157.132397717796266 ], [ 368422.975445898948237, 6859121.400034440681338 ], [ 368410.519502975745127, 6859106.994595643132925 ], [ 368413.072556554572657, 6859066.600952667184174 ], [ 368406.950631538638845, 6859049.888306774199009 ], [ 368390.263358800264541, 6859037.813473604619503 ], [ 368390.440071150718722, 6859021.963677641004324 ], [ 368392.551316828001291, 6859021.194578005000949 ], [ 368392.736863311612979, 6859004.552242108620703 ], [ 368382.357080320245586, 6858992.547714563086629 ], [ 368365.616890123928897, 6858985.227858571335673 ], [ 368356.230297711328603, 6858972.188758913427591 ] ] ], [ [ [ 358566.513566623674706, 6858932.182910318486392 ], [ 358558.624537825235166, 6858882.237034220248461 ], [ 358466.115651289524976, 6858881.128186020068824 ], [ 358457.648420834331773, 6858885.782471416518092 ], [ 358455.545965050230734, 6858885.75726065505296 ], [ 358451.31244610802969, 6858888.084290806204081 ], [ 358449.181380804162472, 6858890.436642542481422 ], [ 358444.947759562695865, 6858892.763780143111944 ], [ 358444.801214177452493, 6858904.984006584621966 ], [ 358490.194839487085119, 6858958.653725521638989 ], [ 358481.10879874532111, 6858982.566770237870514 ], [ 358399.934468948980793, 6858982.457474772818387 ], [ 358391.243895423598588, 6858987.234371880069375 ], [ 358389.112800983712077, 6858989.586713690310717 ], [ 358388.884627512888983, 6859008.607010480947793 ], [ 358390.930064019863494, 6859013.387250915169716 ], [ 358392.947079274686985, 6859020.545056786388159 ], [ 358399.083698686677963, 6859034.885888265445828 ], [ 358401.157760276168119, 6859037.288673784583807 ], [ 358403.203207363432739, 6859042.06891150586307 ], [ 358417.721381597861182, 6859058.888059807941318 ], [ 358421.841007244423963, 6859066.071187485009432 ], [ 358433.525048322684597, 6859079.606842208653688 ], [ 358441.553424923971761, 6859043.329951343126595 ], [ 358537.766375902167056, 6859043.682218508794904 ], [ 358544.159491459839046, 6859036.625224092975259 ], [ 358544.273450406210031, 6859027.115190531127155 ], [ 358535.801776679581963, 6858997.052484827116132 ], [ 358559.988361465686467, 6858944.078030321747065 ], [ 358564.250364942592569, 6858939.373286684043705 ], [ 358564.307338374434039, 6858934.618269564583898 ], [ 358566.513566623674706, 6858932.182910318486392 ] ] ], [ [ [ 361091.456083488534205, 6858971.76088347658515 ], [ 361095.717038327245973, 6858967.055377840995789 ], [ 361118.844685239251703, 6858967.327503630891442 ], [ 361127.310723257367499, 6858962.671460522338748 ], [ 361135.720817336754408, 6858962.770398739725351 ], [ 361144.158878721413203, 6858960.491782034747303 ], [ 361175.696600492345169, 6858960.862723205238581 ], [ 361179.92955751507543, 6858958.534626549109817 ], [ 361182.059966339904349, 6858956.181802736595273 ], [ 361184.190471005858853, 6858953.82909051887691 ], [ 361186.348933943780139, 6858949.098829226568341 ], [ 361188.479437830857933, 6858946.746005492284894 ], [ 361189.369430576916784, 6858871.063766601495445 ], [ 361227.115321276767645, 6858871.084272738546133 ], [ 361220.99594176816754, 6858863.861852284520864 ], [ 361221.163162700366229, 6858849.638885118067265 ], [ 361217.125929256551899, 6858835.32426374591887 ], [ 361217.386830406379886, 6858813.134213406592607 ], [ 361213.163153864094056, 6858814.669656328856945 ], [ 361213.730141038948204, 6858766.448445476591587 ], [ 361164.339879056555219, 6858853.726204043254256 ], [ 361160.078891544369981, 6858858.431842038407922 ], [ 361160.022960858070292, 6858863.186940321698785 ], [ 361074.663861185021233, 6858969.185389185324311 ], [ 361076.738429791526869, 6858971.58768320735544 ], [ 361091.456083488534205, 6858971.76088347658515 ] ] ], [ [ [ 363785.121542708482593, 6858793.371477384120226 ], [ 363708.032624298182782, 6858911.076315454207361 ], [ 363707.968159545620438, 6858916.659499448724091 ], [ 363710.01568075560499, 6858921.438843218609691 ], [ 363714.729352982831188, 6858938.138004073873162 ], [ 363728.746056690928526, 6858938.299826433882117 ], [ 363735.135773719870485, 6858931.240036701783538 ], [ 363737.293188575305976, 6858926.509239227510989 ], [ 363739.423155373020563, 6858924.156086465343833 ], [ 363743.737976420146879, 6858914.694600537419319 ], [ 363745.86794117023237, 6858912.341335913166404 ], [ 363749.145018344395794, 6858901.679054832085967 ], [ 363752.339960188313853, 6858898.149156442843378 ], [ 363754.497360219364055, 6858893.418577727861702 ], [ 363767.276902742392849, 6858879.299193328246474 ], [ 363778.408469905029051, 6858858.89190855063498 ], [ 363790.76082361972658, 6858848.658589957281947 ], [ 363803.54027571179904, 6858834.539169114083052 ], [ 363809.847695992793888, 6858834.611945519223809 ], [ 363811.59549714718014, 6858828.92529206071049 ], [ 363835.296788566396572, 6858815.882966788485646 ], [ 363847.96645531541435, 6858811.273525889962912 ], [ 363852.171458583092317, 6858811.322029121220112 ], [ 363858.561033217061777, 6858804.26228784956038 ], [ 363862.79345537815243, 6858801.933253459632397 ], [ 363865.633283696952276, 6858798.795613554306328 ], [ 363879.722929607669357, 6858792.617209880612791 ], [ 363889.887392800184898, 6858785.136673904024065 ], [ 363890.156516616232693, 6858784.938649597577751 ], [ 363898.809602438239381, 6858778.570428358390927 ], [ 363903.041907776379958, 6858776.241489813663065 ], [ 363907.171990302042104, 6858771.678355436772108 ], [ 363921.696027226164006, 6858736.970937110483646 ], [ 363844.044305488001555, 6858775.609396470710635 ], [ 363837.838111508521251, 6858777.867229208350182 ], [ 363826.55182017700281, 6858784.077925222925842 ], [ 363812.498827277508099, 6858787.086184718646109 ], [ 363799.829170094104484, 6858791.695587227120996 ], [ 363785.121542708482593, 6858793.371477384120226 ] ] ], [ [ [ 368336.308894297108054, 6858800.398731481283903 ], [ 368355.006632937700488, 6858961.636778501793742 ], [ 368363.859056287212297, 6858954.29724507778883 ], [ 368364.124187276116572, 6858930.522491640411317 ], [ 368370.590635355445556, 6858916.32799868658185 ], [ 368370.776220146159176, 6858899.685659723356366 ], [ 368358.32058844686253, 6858885.280150292441249 ], [ 368360.6086732269614, 6858868.66125806234777 ], [ 368382.110273147118278, 6858826.101218488998711 ], [ 368418.222867527394556, 6858793.215141370892525 ], [ 368430.890473199891858, 6858788.600853398442268 ], [ 368433.045941211981699, 6858783.869271543808281 ], [ 368449.97125690896064, 6858774.546925079077482 ], [ 368490.049913280527107, 6858763.104745791293681 ], [ 368494.307812976185232, 6858758.396578850224614 ], [ 368500.615094798849896, 6858758.466849880293012 ], [ 368502.770431500743143, 6858753.735255293548107 ], [ 368528.105474520707503, 6858744.506489958614111 ], [ 368544.951415186689701, 6858742.316316992044449 ], [ 368564.085031254100613, 6858723.507196301594377 ], [ 368572.759478796215262, 6858699.826203554868698 ], [ 368577.255477894213982, 6858673.720876757055521 ], [ 368573.52721566753462, 6858630.879571223631501 ], [ 368567.220003532478586, 6858630.809336550533772 ], [ 368567.034678142284974, 6858647.451562946662307 ], [ 368560.462693727109581, 6858671.156076483428478 ], [ 368543.537419116357341, 6858680.478682247921824 ], [ 368536.96547051530797, 6858704.183185260742903 ], [ 368517.831743007991463, 6858722.992040248587728 ], [ 368498.804099383414723, 6858732.291277562268078 ], [ 368483.928162729833275, 6858746.392132395878434 ], [ 368454.361660005990416, 6858757.951450318098068 ], [ 368419.057202704367228, 6858765.52343297097832 ], [ 368408.214243698283099, 6858747.92605532053858 ], [ 368387.189950420404784, 6858747.691639745607972 ], [ 368378.594728286960162, 6858764.240094986744225 ], [ 368363.745116619684268, 6858775.96340649574995 ], [ 368346.687036999966949, 6858797.172955000773072 ], [ 368336.308894297108054, 6858800.398731481283903 ] ] ], [ [ [ 361162.255290238710586, 6858494.647547759115696 ], [ 361196.341713784728199, 6858457.003082266077399 ], [ 361246.799905644438695, 6858457.5964116146788 ], [ 361250.976772063062526, 6858460.023284632712603 ], [ 361257.043411346734501, 6858430.960995013825595 ], [ 361318.533803785336204, 6858437.038868667557836 ], [ 361344.988649503444321, 6858422.488244520500302 ], [ 361346.060726669384167, 6858420.717376224696636 ], [ 361367.364209793391638, 6858397.189309287816286 ], [ 361369.522511481540278, 6858392.458907303400338 ], [ 361378.043797368765809, 6858383.047712503001094 ], [ 361393.021318623039406, 6858361.030402191914618 ], [ 361403.579851429967675, 6858357.191423767246306 ], [ 361420.594685115502216, 6858340.746202920563519 ], [ 361437.497713426710106, 6858333.811154577881098 ], [ 361443.804720733896829, 6858333.885204009711742 ], [ 361452.270179117447697, 6858329.2290582600981 ], [ 361462.782147236517631, 6858329.352462559938431 ], [ 361464.912489566486329, 6858326.99959374871105 ], [ 361475.424455238622613, 6858327.122986866161227 ], [ 361479.685035058530048, 6858322.417243406176567 ], [ 361488.094662719871849, 6858322.515948943793774 ], [ 361502.92309163720347, 6858313.178695254959166 ], [ 361507.127852870849892, 6858313.228040050715208 ], [ 361513.490843528299592, 6858308.546957456506789 ], [ 361519.82592905202182, 6858306.243531163781881 ], [ 361532.551885997119825, 6858296.881460445001721 ], [ 361545.361600643023849, 6858280.386842634528875 ], [ 361568.71097639988875, 6858261.638085347600281 ], [ 361580.427466276159976, 6858248.697422869503498 ], [ 361589.929977104649879, 6858245.242063984274864 ], [ 361594.616580171394162, 6858240.065770456567407 ], [ 361621.660987292882055, 6858228.969275149516761 ], [ 361630.237707927124575, 6858214.802812367677689 ], [ 361630.349215208319947, 6858205.292840319685638 ], [ 361641.223443015594967, 6858174.508404273539782 ], [ 361641.362818868015893, 6858162.620883499272168 ], [ 361647.809395488817245, 6858150.807199524715543 ], [ 361656.525395557633601, 6858124.753198925405741 ], [ 361661.990419686189853, 6858106.983534604310989 ], [ 361663.055551531841047, 6858105.807083532214165 ], [ 361663.167038250132464, 6858096.297000115737319 ], [ 361669.613364512042608, 6858084.4833032367751 ], [ 361669.780587474349886, 6858070.218233307823539 ], [ 361663.529371253331192, 6858065.389311329461634 ], [ 361659.324602611595765, 6858065.340017560869455 ], [ 361655.091959946206771, 6858067.668270997703075 ], [ 361644.44085556716891, 6858079.43243994563818 ], [ 361634.38544046098832, 6858112.128845879808068 ], [ 361575.37699051736854, 6858103.080436086282134 ], [ 361570.635358061117586, 6858097.589652192778885 ], [ 361566.430576609331183, 6858097.540325780399144 ], [ 361560.179384621558711, 6858092.711348120123148 ], [ 361558.076994694885798, 6858092.686683203093708 ], [ 361533.016094437567517, 6858078.125605082139373 ], [ 361495.676010151859373, 6858034.886268220841885 ], [ 361479.024621821532492, 6858020.423768021166325 ], [ 361458.168621816730592, 6858005.911877263337374 ], [ 361418.224079170147888, 6858005.442829422652721 ], [ 361407.684473564382643, 6858007.696924080140889 ], [ 361341.426447543897666, 6858080.517751891165972 ], [ 361337.904923175519798, 6858079.312033897265792 ], [ 361317.702810098766349, 6857970.971995653584599 ], [ 361309.489135303767398, 6857954.230635107494891 ], [ 361304.65249922015937, 6857918.506146475672722 ], [ 361295.527346770802978, 6857889.864770118147135 ], [ 361295.583243396831676, 6857885.109667506068945 ], [ 361293.508837327070069, 6857882.707402611151338 ], [ 361293.983961510297377, 6857842.289693733677268 ], [ 361289.919112449046224, 6857830.352730332873762 ], [ 361290.198610026738606, 6857806.577547259628773 ], [ 361288.124218524084426, 6857804.175391376018524 ], [ 361288.263970909989439, 6857792.287744076922536 ], [ 361282.124763902451377, 6857777.948508943431079 ], [ 361282.320426995982416, 6857761.305868359282613 ], [ 361278.199716173403431, 6857754.124001709744334 ], [ 361272.144407837768085, 6857732.652103629894555 ], [ 361272.228270613122731, 6857725.519558669999242 ], [ 361270.153899204335175, 6857723.117287853732705 ], [ 361267.475335530238226, 6857703.331475438550115 ], [ 361257.987456095172092, 6857684.928800521418452 ], [ 361256.025025793584064, 6857673.016429943032563 ], [ 361245.746539737738203, 6857653.080176524817944 ], [ 361245.932941309991293, 6857637.23019701987505 ], [ 361239.9336879234761, 6857611.003280203789473 ], [ 361240.716632080031559, 6857544.432805689051747 ], [ 361238.642299674800597, 6857542.030638022348285 ], [ 361235.782674266258255, 6857517.029579611495137 ], [ 361228.522539307828993, 6857508.621709845028818 ], [ 361228.60743125458248, 6857501.404510671272874 ], [ 361212.985088441928383, 6857474.008078681305051 ], [ 361180.226641073764767, 6857503.297879671677947 ], [ 361173.919778166804463, 6857503.22366794385016 ], [ 361171.789612493361346, 6857505.576373480260372 ], [ 361136.934542746806983, 6857519.433248116634786 ], [ 361131.678815700230189, 6857519.371386245824397 ], [ 361127.446345925913192, 6857521.69944959692657 ], [ 361121.139570010825992, 6857521.625211199745536 ], [ 361108.47003820980899, 6857526.231831252574921 ], [ 361093.565885329968296, 6857526.056362209841609 ], [ 361025.463206990680192, 6857562.835274888202548 ], [ 361015.677301329560578, 6857554.118925284594297 ], [ 361027.183805625420064, 6857494.203538414090872 ], [ 361011.965598836424761, 6857501.384424420073628 ], [ 361003.553056205739267, 6857508.351258822716773 ], [ 360990.855473484029062, 6857515.335197376087308 ], [ 360975.971534560259897, 6857529.42690198123455 ], [ 360969.636832762742415, 6857531.730027379468083 ], [ 360965.34818863379769, 6857538.813141420483589 ], [ 360954.696806537453085, 6857550.576815349981189 ], [ 360954.556706603150815, 6857562.464365085586905 ], [ 360935.384088195161894, 6857583.639021659269929 ], [ 360931.067480411729775, 6857593.099569009616971 ], [ 360926.806819461286068, 6857597.805005200207233 ], [ 360926.722742512007244, 6857604.937668072059751 ], [ 360916.759215715806931, 6857623.194358511827886 ], [ 360907.157606530468911, 6857659.397488929331303 ], [ 360906.737180444761179, 6857695.06024756282568 ], [ 360915.006244006683119, 6857707.047039046883583 ], [ 360917.024493109202012, 6857714.204261785373092 ], [ 360921.144874720601365, 6857721.386484768241644 ], [ 360931.516304266173393, 6857733.39793314319104 ], [ 360935.720867108902894, 6857733.447489928454161 ], [ 360937.795175492065027, 6857735.849822161719203 ], [ 360939.897506296751089, 6857735.874600182287395 ], [ 360965.069051587255672, 6857740.926899091340601 ], [ 360981.887507443956565, 6857741.125071279704571 ], [ 360988.278339905547909, 6857734.066828447394073 ], [ 360990.436692926916294, 6857729.336490418761969 ], [ 360990.800838408991694, 6857698.428737034089863 ], [ 360997.191740484675393, 6857691.370602080598474 ], [ 360997.331790647469461, 6857679.483055526390672 ], [ 361003.750691116089001, 6857670.047142190858722 ], [ 361004.137215775379445, 6857637.237499604001641 ], [ 361027.323873875197023, 6857632.279358910396695 ], [ 361028.672897523152642, 6857629.32294995803386 ], [ 361059.054145150701515, 6857616.00810450874269 ], [ 361065.360874892794527, 6857616.082372903823853 ], [ 361073.798006903147325, 6857613.803840696811676 ], [ 361086.411659239907749, 6857613.952360751107335 ], [ 361092.80245896067936, 6857606.894177391193807 ], [ 361103.313894413528033, 6857607.017929125577211 ], [ 361105.444092690071557, 6857604.665124174207449 ], [ 361111.778901681944262, 6857602.361815946176648 ], [ 361169.489330435637385, 6857538.62312447372824 ], [ 361212.422307273780461, 6857626.135694998316467 ], [ 361212.324421318306122, 6857634.457018164917827 ], [ 361220.537806979147717, 6857651.198579817079008 ], [ 361220.481877779820934, 6857655.953463108278811 ], [ 361226.620938646257855, 6857670.292738171294332 ], [ 361225.862419625511393, 6857734.782929245382547 ], [ 361210.730315695051104, 6857769.975396905094385 ], [ 361210.562517476617359, 6857784.240598870441318 ], [ 361208.376281840435695, 6857791.348304158076644 ], [ 361207.984753745608032, 6857824.633478848263621 ], [ 361205.826670951675624, 6857829.363855553790927 ], [ 361205.435139977489598, 6857862.649139631539583 ], [ 361242.606505226984154, 6857943.932923353277147 ], [ 361147.721198770101182, 6857942.816755117848516 ], [ 361115.28817859699484, 6857958.067375335842371 ], [ 361088.221553445095196, 6857980.162005430087447 ], [ 361084.203353581018746, 6857980.11470153927803 ], [ 361077.840350614627823, 6857984.79544367454946 ], [ 361069.263095685280859, 6857998.961529295891523 ], [ 361060.797601082595065, 6858003.617508593946695 ], [ 361048.015551057469565, 6858017.734181337989867 ], [ 361045.857274338719435, 6858022.464530454948545 ], [ 361033.047091660147998, 6858038.958517819643021 ], [ 361026.544132080685813, 6858055.526886276900768 ], [ 361024.413745085767005, 6858057.879567554220557 ], [ 361024.13373849936761, 6858081.654758281074464 ], [ 361030.328819946327712, 6858091.239023738540709 ], [ 361032.347117987752426, 6858098.396438121795654 ], [ 361040.644611930649262, 6858108.005455811508 ], [ 361046.89571095246356, 6858112.834828675724566 ], [ 361057.407598851132207, 6858112.958603071980178 ], [ 361063.742684932774864, 6858110.655310792848468 ], [ 361072.23604735720437, 6858103.621772758662701 ], [ 361076.581827323068865, 6858103.672935025766492 ], [ 361139.525536575354636, 6858057.897057062014937 ], [ 361146.899412954517175, 6858062.668666893616319 ], [ 361142.98903250368312, 6858166.278437757864594 ], [ 361151.230715034645982, 6858180.642473781481385 ], [ 361153.165185287827626, 6858194.932295094244182 ], [ 361167.378403238486499, 6858237.900693255476654 ], [ 361169.257064943318255, 6858256.945612682029605 ], [ 361171.303549401462078, 6858261.725336688570678 ], [ 361171.202280698751565, 6858270.333737294189632 ], [ 361185.654276085610036, 6858293.017024260014296 ], [ 361185.600825245317537, 6858297.561162086203694 ], [ 361190.612978868593927, 6858300.473616741597652 ], [ 361202.112280770204961, 6858323.911709256470203 ], [ 361206.17734254267998, 6858335.848693050444126 ], [ 361237.126439794083126, 6858386.147315888665617 ], [ 361173.634673708351329, 6858421.068146349862218 ], [ 361170.439143056049943, 6858424.597375830635428 ], [ 361160.936055660829879, 6858428.052514316514134 ], [ 361158.805732245207764, 6858430.405221480876207 ], [ 361152.470403160725255, 6858432.70845802500844 ], [ 361137.557705373736098, 6858449.177939970977604 ], [ 361131.250433863606304, 6858449.103727035224438 ], [ 361129.092025557765737, 6858453.834089364856482 ], [ 361120.626340176095255, 6858458.490122130140662 ], [ 361107.843908887123689, 6858472.606757394969463 ], [ 361105.657606240070891, 6858479.714556818827987 ], [ 361103.527163348451722, 6858482.067364312708378 ], [ 361103.107461142353714, 6858517.730068672448397 ], [ 361105.125991433276795, 6858524.887352241203189 ], [ 361111.349369360134006, 6858532.094117972999811 ], [ 361136.466643280233257, 6858541.901073918677866 ], [ 361135.543544029816985, 6858620.359009200707078 ], [ 361139.636631574947387, 6858629.918570717796683 ], [ 361172.108237281441689, 6858648.78590736258775 ], [ 361142.698840856668539, 6858711.120076354593039 ], [ 361138.601701822015457, 6858717.886473851278424 ], [ 361133.864590783254243, 6858733.286732698790729 ], [ 361136.219486388785299, 6858741.636902641505003 ], [ 361144.545416993321851, 6858748.868377661332488 ], [ 361146.660660815774463, 6858751.317682415246964 ], [ 361213.896940434118733, 6858752.262594344094396 ], [ 361214.290674227406271, 6858718.776800393126905 ], [ 361218.607401972811203, 6858709.316266809590161 ], [ 361220.793867749511264, 6858702.208230344578624 ], [ 361220.821821237681434, 6858699.830791871063411 ], [ 361225.194347790093161, 6858685.61515642888844 ], [ 361225.390022847452201, 6858668.972643584012985 ], [ 361227.576379281468689, 6858661.864715605042875 ], [ 361227.855913449078798, 6858638.089664915576577 ], [ 361225.809332914999686, 6858633.309845825657248 ], [ 361221.772281373443548, 6858618.995331168174744 ], [ 361219.725707051460631, 6858614.215510671958327 ], [ 361217.707088282564655, 6858607.05836174916476 ], [ 361213.558034743065946, 6858602.25381768681109 ], [ 361182.301005613640882, 6858578.107884965837002 ], [ 361144.960449305246584, 6858534.867479091510177 ], [ 361162.115449269185774, 6858506.535077248699963 ], [ 361162.255290238710586, 6858494.647547759115696 ] ] ], [ [ [ 370351.335166477249004, 6858534.032306144945323 ], [ 370326.106668990803882, 6858533.755140108987689 ], [ 370302.771467103622854, 6858552.520796054974198 ], [ 370281.695486360578798, 6858557.04474233277142 ], [ 370281.094487722555641, 6858611.726339970715344 ], [ 370289.399465502065141, 6858621.328538963571191 ], [ 370291.37124830763787, 6858633.23902930598706 ], [ 370280.728667332732584, 6858645.01077441778034 ], [ 370261.676344851788599, 6858656.690182627178729 ], [ 370261.519544483628124, 6858670.954845251515508 ], [ 370267.80070893157972, 6858673.401673760265112 ], [ 370297.234276997798588, 6858673.725160796195269 ], [ 370314.105689366348088, 6858669.155090471729636 ], [ 370328.926995712972712, 6858659.806901732459664 ], [ 370354.469143643102143, 6858631.554510023444891 ], [ 370356.649912815424614, 6858624.445218394510448 ], [ 370371.497142054431606, 6858612.719590067863464 ], [ 370372.097721616388299, 6858558.038003653287888 ], [ 370351.335166477249004, 6858534.032306144945323 ] ] ], [ [ [ 369196.945183076313697, 6858537.939036693423986 ], [ 369234.946129991556518, 6858524.093577056191862 ], [ 369247.560412834282033, 6858524.233333621174097 ], [ 369258.151292514288798, 6858517.217493319883943 ], [ 369281.251195867022034, 6858519.851053238846362 ], [ 369291.84205150307389, 6858512.835072783753276 ], [ 369323.193453490675893, 6858529.826598996296525 ], [ 369354.755484281107783, 6858527.798224234953523 ], [ 369357.042118518613279, 6858511.179187148809433 ], [ 369348.764171196962707, 6858499.198793662711978 ], [ 369353.047843984444626, 6858492.112937178462744 ], [ 369351.18230673862854, 6858470.692454302683473 ], [ 369363.954524259723257, 6858456.567283790558577 ], [ 369364.086106452334207, 6858444.679982121102512 ], [ 369370.524780371575616, 6858432.862382216379046 ], [ 369381.115504123328719, 6858425.846325838938355 ], [ 369391.62728138116654, 6858425.962663341313601 ], [ 369393.861229717731476, 6858414.098628819920123 ], [ 369408.761937125120312, 6858397.619173999875784 ], [ 369417.092477944446728, 6858404.84462920948863 ], [ 369440.218382926541381, 6858405.100490838289261 ], [ 369452.648436706338543, 6858421.882341217249632 ], [ 369463.107614789216314, 6858426.753512723371387 ], [ 369471.385618964326568, 6858438.733824701048434 ], [ 369481.871209330565762, 6858441.227586480788887 ], [ 369500.529497470008209, 6858465.211530972272158 ], [ 369513.117421057890169, 6858467.728399031795561 ], [ 369521.448170921124984, 6858474.953887522220612 ], [ 369527.623766489850823, 6858486.910911062732339 ], [ 369559.133164522587322, 6858489.637003367766738 ], [ 369569.566169757163152, 6858496.885468767955899 ], [ 369588.487529850041028, 6858497.094563667662442 ], [ 369613.794804823526647, 6858490.241021731868386 ], [ 369626.487827181816101, 6858483.247865314595401 ], [ 369626.750460499781184, 6858459.473276794888079 ], [ 369616.396157446608413, 6858445.09235068038106 ], [ 369599.577279025979806, 6858444.906527368351817 ], [ 369593.191377329581883, 6858451.969125976786017 ], [ 369584.755708004231565, 6858454.253815764561296 ], [ 369578.527332856960129, 6858447.051717201247811 ], [ 369544.942126782203559, 6858441.924931470304728 ], [ 369513.669437695818488, 6858417.801593357697129 ], [ 369488.519996272167191, 6858410.390225535258651 ], [ 369482.291898034047335, 6858403.188074856996536 ], [ 369461.969023370824289, 6858402.963300231844187 ], [ 369469.967007615952753, 6858376.896460566669703 ], [ 369484.76228975673439, 6858369.926819832995534 ], [ 369497.534140689997002, 6858355.801512021571398 ], [ 369499.715392593119759, 6858348.692358581349254 ], [ 369514.510621007357258, 6858341.722682308405638 ], [ 369514.720919455401599, 6858322.702981107868254 ], [ 369504.366975979646668, 6858308.321945529431105 ], [ 369493.907891744340304, 6858303.450695689767599 ], [ 369477.089110607397743, 6858303.264689033851027 ], [ 369438.878758959821425, 6858336.130709847435355 ], [ 369371.393198090023361, 6858354.405942985787988 ], [ 369360.723575558571611, 6858368.554393086582422 ], [ 369350.132790146395564, 6858375.570429123938084 ], [ 369347.819939294480719, 6858394.566862406209111 ], [ 369337.176477651519235, 6858406.33789767883718 ], [ 369324.562324485217687, 6858406.198232112452388 ], [ 369311.816534320823848, 6858417.945856715552509 ], [ 369271.897975314641371, 6858415.125946178101003 ], [ 369253.082083654880989, 6858405.406538729555905 ], [ 369234.160850120882969, 6858405.196900419890881 ], [ 369225.804168562230188, 6858400.348707729019225 ], [ 369211.351104423287325, 6858376.411010220646858 ], [ 369198.868731951049995, 6858364.383790781721473 ], [ 369146.520778875099495, 6858344.781421809457242 ], [ 369121.292588252865244, 6858344.501664547249675 ], [ 369110.728136421530508, 6858349.140096132643521 ], [ 369110.211898107663728, 6858379.906574621796608 ], [ 369105.942042330629192, 6858381.84906392544508 ], [ 369085.394439960829914, 6858358.370066924951971 ], [ 369062.294880744244438, 6858355.735998746007681 ], [ 369059.955185839557089, 6858377.110010873526335 ], [ 369066.051137445901986, 6858396.199705556035042 ], [ 369071.145044601056725, 6858505.633193412795663 ], [ 369077.346585261228029, 6858515.213184306398034 ], [ 369079.238014500006102, 6858534.256111046299338 ], [ 369089.723527235677466, 6858536.750219661742449 ], [ 369098.027617627871223, 6858546.353408178314567 ], [ 369099.919086847803555, 6858565.396440165117383 ], [ 369125.015933404618409, 6858577.563642205670476 ], [ 369175.473309143795632, 6858578.123048854991794 ], [ 369175.631430115259718, 6858563.858127816580236 ], [ 369190.47993018780835, 6858552.133943552151322 ], [ 369196.945183076313697, 6858537.939036693423986 ] ] ], [ [ [ 368750.357828497944865, 6858472.835933841764927 ], [ 368708.279666951857507, 6858462.13542197085917 ], [ 368702.346677992085461, 6858478.333174578845501 ], [ 368701.394505248987116, 6858563.922244714573026 ], [ 368756.05673909583129, 6858564.530224248766899 ], [ 368756.42687175842002, 6858531.245560351759195 ], [ 368740.030792737146839, 6858493.018943358212709 ], [ 368748.651761704357341, 6858474.092738023027778 ], [ 368750.357828497944865, 6858472.835933841764927 ] ] ], [ [ [ 370034.843719516298734, 6858504.901858009397984 ], [ 369997.107739677303471, 6858472.44259980134666 ], [ 369986.202575013274327, 6858468.194082444533706 ], [ 369982.050358044158202, 6858463.392870549112558 ], [ 369979.921768035215791, 6858465.747210100293159 ], [ 369969.514753443014342, 6858456.121503377333283 ], [ 369954.824374445364811, 6858453.581848077476025 ], [ 369936.165022609056905, 6858429.598653296008706 ], [ 369934.688239182869438, 6858418.750677095726132 ], [ 369843.840641742921434, 6858340.603964161127806 ], [ 369843.790477857051883, 6858340.603410905227065 ], [ 369843.782304187829141, 6858340.553788052871823 ], [ 369827.179921518138144, 6858326.272352132946253 ], [ 369821.689239304687362, 6858323.715315409004688 ], [ 369809.206334558664821, 6858311.688872760161757 ], [ 369790.285187230212614, 6858311.480119416490197 ], [ 369767.002071994415019, 6858325.489732580259442 ], [ 369750.130794732016511, 6858330.059011466801167 ], [ 369722.826652052986901, 6858327.379943892359734 ], [ 369716.467133761674631, 6858332.065101963467896 ], [ 369716.309653931704815, 6858346.329898907802999 ], [ 369728.792506388330366, 6858358.356552232988179 ], [ 369730.816156176733784, 6858365.512157460674644 ], [ 369762.27257918054238, 6858372.992610862478614 ], [ 369783.138812826655339, 6858387.489397167228162 ], [ 369789.235921631741803, 6858406.578673597425222 ], [ 369797.514326850185171, 6858418.558857088908553 ], [ 369801.299256545200478, 6858456.64461615588516 ], [ 369809.630164548230823, 6858463.869895013049245 ], [ 369815.806038067443296, 6858475.826757146045566 ], [ 369828.341577651211992, 6858483.098290126770735 ], [ 369851.467703366302885, 6858483.353341040201485 ], [ 369864.291641443385743, 6858464.472757546231151 ], [ 369885.31532980571501, 6858464.704560799524188 ], [ 369914.617386920785066, 6858476.916308043524623 ], [ 369935.378986776398961, 6858500.922591062262654 ], [ 369949.83364037348656, 6858524.859558440744877 ], [ 369955.721724839182571, 6858562.968411420471966 ], [ 369964.1311896458501, 6858563.061068537645042 ], [ 369985.416851810819935, 6858539.518119405955076 ], [ 369985.573994895035867, 6858525.253334686160088 ], [ 369971.040884127025492, 6858508.44891963340342 ], [ 369968.9122842438519, 6858510.803257449530065 ], [ 369956.376636179920752, 6858503.531767582520843 ], [ 369945.101796239265241, 6858477.252279683947563 ], [ 369967.17660389089724, 6858477.495519120246172 ], [ 369979.712230660952628, 6858484.76688776165247 ], [ 369998.63354637316661, 6858484.975325746461749 ], [ 370013.192947483970784, 6858499.402207035571337 ], [ 370034.843719516298734, 6858504.901858009397984 ] ] ], [ [ [ 362589.293033945374191, 6858366.679389690048993 ], [ 362588.232744010398164, 6858359.94778654165566 ], [ 362587.596439305576496, 6858367.879263587296009 ], [ 362589.293033945374191, 6858366.679389690048993 ] ] ], [ [ [ 358705.504880182619672, 6858206.303583351895213 ], [ 358716.159258738276549, 6858194.541724689304829 ], [ 358730.875965528422967, 6858194.717907331883907 ], [ 358737.268532417481765, 6858187.660934888757765 ], [ 358745.678143678465858, 6858187.761598927900195 ], [ 358749.939816374331713, 6858183.056797822937369 ], [ 358756.275454425951466, 6858180.754724325612187 ], [ 358760.537215675227344, 6858176.050142407417297 ], [ 358764.770423041656613, 6858173.722901371307671 ], [ 358781.817236303468235, 6858154.903886489570141 ], [ 358786.13578259490896, 6858145.444164711050689 ], [ 358786.761705634184182, 6858093.138396624475718 ], [ 358812.33158905711025, 6858064.909934034571052 ], [ 358818.809376496996265, 6858050.720225732773542 ], [ 358823.099512908374891, 6858043.638058230280876 ], [ 358823.156402620719746, 6858038.88292792532593 ], [ 358825.315494471520651, 6858034.153058724477887 ], [ 358825.799047062406316, 6857993.735003957524896 ], [ 358823.782185402233154, 6857986.577268306165934 ], [ 358803.042963334242813, 6857962.55050927400589 ], [ 358798.838287816324737, 6857962.500195732340217 ], [ 358790.485743295692373, 6857957.64443180244416 ], [ 358777.928629759815522, 6857952.738452484831214 ], [ 358775.854698603972793, 6857950.3358358675614 ], [ 358769.547642254387029, 6857950.260349603369832 ], [ 358744.376339338719845, 6857945.203239023685455 ], [ 358740.228496413270477, 6857940.397771271876991 ], [ 358730.173837126465514, 6857940.277399272657931 ], [ 358670.11543757095933, 6857825.420423363335431 ], [ 358646.87590360356262, 6857834.653563430532813 ], [ 358634.147969773213845, 6857844.012601202353835 ], [ 358605.812972693005577, 6857869.037079176865518 ], [ 358574.769641995662823, 6857886.102745926007628 ], [ 358572.667365178698674, 6857886.077548692002892 ], [ 358570.536492965300567, 6857888.429917002096772 ], [ 358566.331742477370426, 6857888.379518334753811 ], [ 358555.677563115372322, 6857900.141131654381752 ], [ 358545.165871778386645, 6857900.015121715143323 ], [ 358543.034991494030692, 6857902.367485344409943 ], [ 358513.60218943154905, 6857902.014601883478463 ], [ 358509.368923707923386, 6857904.341750534251332 ], [ 358498.857226933701895, 6857904.215699488297105 ], [ 358492.521678865363356, 6857906.517410017549992 ], [ 358490.390884472872131, 6857908.869765778072178 ], [ 358486.15761136187939, 6857911.196906371042132 ], [ 358481.867306613363326, 6857918.279180554673076 ], [ 358479.679480036837049, 6857925.386447966098785 ], [ 358478.595928758499213, 6858015.732678720727563 ], [ 358480.641202486411203, 6858020.512915415689349 ], [ 358480.356066599488258, 6858044.288254845887423 ], [ 358482.401444702642038, 6858049.068491999059916 ], [ 358481.945239091990516, 6858087.109011050313711 ], [ 358483.962113742076326, 6858094.266814306378365 ], [ 358483.505922272335738, 6858132.307220218703151 ], [ 358481.346477515879087, 6858137.037141092121601 ], [ 358479.072981649194844, 6858151.277107400819659 ], [ 358478.759345214115456, 6858177.429898924194276 ], [ 358480.776235642842948, 6858184.587812129408121 ], [ 358486.912458472303115, 6858198.928627155721188 ], [ 358491.088714114448521, 6858201.356504205614328 ], [ 358537.341422372031957, 6858201.911042105406523 ], [ 358564.302206305146683, 6858233.146555689163506 ], [ 358568.393104804330505, 6858242.707103410735726 ], [ 358575.291308678919449, 6858250.6989915817976 ], [ 358580.160032117797527, 6858256.339623505249619 ], [ 358582.910543028498068, 6858259.526208911091089 ], [ 358592.956446062074974, 6858263.451039014384151 ], [ 358598.917449856642634, 6858277.382101151160896 ], [ 358626.975580167490989, 6858267.18766678031534 ], [ 358643.908834090339951, 6858257.879100888967514 ], [ 358648.170670751831494, 6858253.174335431307554 ], [ 358652.403829756309278, 6858250.847242516465485 ], [ 358654.534745552111417, 6858248.494858533143997 ], [ 358658.768098847125657, 6858246.167654989287257 ], [ 358667.291549938730896, 6858236.758331855759025 ], [ 358675.786614391196053, 6858229.726458823308349 ], [ 358682.179236028110608, 6858222.669292809441686 ], [ 358686.412475116900168, 6858220.342189503833652 ], [ 358690.674182147253305, 6858215.637519344687462 ], [ 358697.009850503643975, 6858213.335476569831371 ], [ 358701.271650072420016, 6858208.630693187005818 ], [ 358705.504880182619672, 6858206.303583351895213 ] ] ], [ [ [ 361799.452988798497245, 6857934.030795453116298 ], [ 361602.201147013227455, 6857943.767409155145288 ], [ 361606.02971665764926, 6857948.200934724882245 ], [ 361610.20656006137142, 6857950.627798484638333 ], [ 361618.615820998325944, 6857950.726420531049371 ], [ 361622.792667689500377, 6857953.15327969007194 ], [ 361704.783605401054956, 6857954.114508133381605 ], [ 361738.198078674729913, 6857973.528749642893672 ], [ 361748.709719616454095, 6857973.651911979541183 ], [ 361755.044578488857951, 6857971.348256696015596 ], [ 361759.27716496726498, 6857969.020080100744963 ], [ 361764.602517561754212, 6857963.1377810286358 ], [ 361774.104838986881077, 6857959.682395920157433 ], [ 361776.23505437996937, 6857957.329474959522486 ], [ 361780.467533460818231, 6857955.001289943233132 ], [ 361785.422774760867469, 6857949.527987886220217 ], [ 361786.073214993230067, 6857948.809544887393713 ], [ 361793.248800527770072, 6857940.883752336725593 ], [ 361798.944311144761741, 6857934.592766055837274 ], [ 361799.452988798497245, 6857934.030795453116298 ] ] ], [ [ [ 358864.499135204299819, 6857570.93723563849926 ], [ 358871.260929336538538, 6857532.972170678898692 ], [ 358869.579120774811599, 6857532.952052649110556 ], [ 358854.698836281313561, 6857511.373213144950569 ], [ 358848.420363836921751, 6857508.92019160091877 ], [ 358829.414658771653194, 6857515.826400477439165 ], [ 358820.977078013820574, 6857518.103343175724149 ], [ 358818.874770609370898, 6857518.078185945749283 ], [ 358812.482589907362126, 6857525.135302731767297 ], [ 358799.8689333658549, 6857524.984347296878695 ], [ 358791.345970489201136, 6857534.393859193660319 ], [ 358774.527779892378021, 6857534.192553079687059 ], [ 358761.828725501778536, 6857541.174147754907608 ], [ 358749.158120700158179, 6857545.778162237256765 ], [ 358744.953494962421246, 6857545.72782220877707 ], [ 358740.720500385854393, 6857548.055048979818821 ], [ 358734.413658332137857, 6857547.979535085149109 ], [ 358732.282877846155316, 6857550.331819016486406 ], [ 358719.58377799205482, 6857557.313480628654361 ], [ 358717.453090823255479, 6857559.665763216093183 ], [ 358713.219987510587089, 6857561.992979335598648 ], [ 358708.930035861441866, 6857569.075218878686428 ], [ 358708.787674070743378, 6857580.962833423167467 ], [ 358710.832952052820474, 6857585.743032222613692 ], [ 358710.776007340638898, 6857590.498166585341096 ], [ 358712.821385986055247, 6857595.278366052545607 ], [ 358723.190550417348277, 6857607.29196348413825 ], [ 358727.395100445079152, 6857607.342309195548296 ], [ 358731.571281785960309, 6857609.77011077478528 ], [ 358744.185031992732547, 6857609.921135511249304 ], [ 358779.38402763067279, 6857620.329536059871316 ], [ 358781.883993010153063, 6857622.261851347982883 ], [ 358788.162320709670894, 6857624.714792875573039 ], [ 358790.236191404052079, 6857627.117521396838129 ], [ 358792.338518452015705, 6857627.142682932317257 ], [ 358804.895282029523514, 6857632.048662959598005 ], [ 358819.611380592454225, 6857632.224764950573444 ], [ 358825.94681248057168, 6857629.922666238620877 ], [ 358828.077588056272361, 6857627.570255018770695 ], [ 358830.903756386600435, 6857621.379269730299711 ], [ 358831.835750664991792, 6857619.337539996951818 ], [ 358838.873483746079728, 6857603.920802589505911 ], [ 358843.134920649928972, 6857599.216085188090801 ], [ 358845.294033369631507, 6857594.486214395612478 ], [ 358851.686327651434112, 6857587.428970111533999 ], [ 358853.845532987208571, 6857582.699099082499743 ], [ 358864.499135204299819, 6857570.93723563849926 ] ] ], [ [ [ 360663.995714374294039, 6857242.782167805358768 ], [ 360569.643444596906193, 6857327.312263844534755 ], [ 360569.058889167383313, 6857410.712992403656244 ], [ 360609.676821927598212, 6857389.567354070022702 ], [ 360613.937448802986182, 6857384.861917058937252 ], [ 360618.254250097787008, 6857375.401586728170514 ], [ 360628.905935818620492, 6857363.638096950948238 ], [ 360631.064278820587788, 6857358.907928913831711 ], [ 360639.641755954362452, 6857344.742370150983334 ], [ 360643.958625452127308, 6857335.281700099818408 ], [ 360646.088872758904472, 6857332.929086310788989 ], [ 360648.247303167474456, 6857328.198805803433061 ], [ 360652.507892055029515, 6857323.49346680380404 ], [ 360652.535975927545223, 6857321.115910090506077 ], [ 360675.969397256558295, 6857295.236356775276363 ], [ 360680.20188621187117, 6857292.908454338088632 ], [ 360681.640792951511685, 6857289.755003758706152 ], [ 360705.625050807197113, 6857276.563676467165351 ], [ 360714.146142692887224, 6857267.152958324179053 ], [ 360718.378711657831445, 6857264.825043975375593 ], [ 360722.639349292847328, 6857260.11957167647779 ], [ 360726.871814713464119, 6857257.791764073073864 ], [ 360733.290730146109127, 6857248.356103949248791 ], [ 360733.403001195401885, 6857238.84609960205853 ], [ 360731.328826364362612, 6857236.443724673241377 ], [ 360729.282721747178584, 6857231.663792795501649 ], [ 360725.134472619160078, 6857226.859263623133302 ], [ 360710.419074833858758, 6857226.685519406571984 ], [ 360708.288760797469877, 6857229.038142687641084 ], [ 360699.879890103649814, 6857228.938849753700197 ], [ 360697.039432925987057, 6857232.075862587429583 ], [ 360674.541054814762902, 6857238.151052745990455 ], [ 360670.280503739020787, 6857242.856398628093302 ], [ 360663.995714374294039, 6857242.782167805358768 ] ] ], [ [ [ 360484.135229382780381, 6857375.984136380255222 ], [ 360331.601170983805787, 6857204.703435526229441 ], [ 360259.679420703672804, 6857222.321959473192692 ], [ 360252.024422119255178, 6857230.775424255989492 ], [ 360243.531134571065195, 6857237.808374466374516 ], [ 360252.402237864676863, 6857258.534690929576755 ], [ 360252.441753834253177, 6857258.490943404845893 ], [ 360252.618928421288729, 6857258.547231355682015 ], [ 360252.847691336588468, 6857259.575433952733874 ], [ 360271.150638304767199, 6857302.337657073512673 ], [ 360262.338552663801238, 6857302.233279217965901 ], [ 360285.6784767236677, 6857407.135317461565137 ], [ 360313.284235190309118, 6857393.139344675466418 ], [ 360314.364088261383586, 6857320.452224979177117 ], [ 360319.260643298621289, 6857317.567037867382169 ], [ 360402.150980128149968, 6857381.168799282051623 ], [ 360405.731440941686742, 6857389.533784351311624 ], [ 360409.935888825973962, 6857389.583533516153693 ], [ 360416.158219931996427, 6857396.790607018396258 ], [ 360428.687284297542647, 6857404.072513017803431 ], [ 360443.403015637421049, 6857404.246600896120071 ], [ 360449.737867367686704, 6857401.943646558560431 ], [ 360453.94231903727632, 6857401.993379857391119 ], [ 360457.137914881051984, 6857398.464343309402466 ], [ 360466.640231339028105, 6857395.009900404140353 ], [ 360484.135229382780381, 6857375.984136380255222 ] ] ], [ [ [ 361286.854536370839924, 6857375.66783245652914 ], [ 361219.880670354003087, 6857395.67249895259738 ], [ 361234.30296476976946, 6857399.495962654240429 ], [ 361273.899038754170761, 6857399.837972033768892 ], [ 361276.086147461668588, 6857397.422422017902136 ], [ 361282.448765922512393, 6857392.741474512964487 ], [ 361284.578988858265802, 6857390.388640712946653 ], [ 361286.737067049834877, 6857385.658363331109285 ], [ 361286.854536370839924, 6857375.66783245652914 ] ] ], [ [ [ 358557.876985210226849, 6857244.819070866331458 ], [ 358539.739187966450118, 6857300.725959768518806 ], [ 358548.144449872546829, 6857300.826746001839638 ], [ 358560.729471420752816, 6857303.355439778417349 ], [ 358564.905410692386795, 6857305.783416744321585 ], [ 358569.10985557193635, 6857305.83382329903543 ], [ 358575.388069130131043, 6857308.286999723874032 ], [ 358602.717209798283875, 6857308.614593934267759 ], [ 358606.978745738510042, 6857303.909850869327784 ], [ 358615.387632883735932, 6857304.010632539168 ], [ 358617.518396524596028, 6857301.658369820564985 ], [ 358621.751332559040748, 6857299.331189112737775 ], [ 358626.012759461766109, 6857294.626438392326236 ], [ 358626.069743370695505, 6857289.871412058360875 ], [ 358623.996066256426275, 6857287.468650992959738 ], [ 358621.885683757602237, 6857282.536274399608374 ], [ 358557.876985210226849, 6857244.819070866331458 ] ] ], [ [ [ 358631.406258396920748, 6857180.654999393038452 ], [ 358579.600704273150768, 6857177.858600648120046 ], [ 358567.042281680624001, 6857216.568121731281281 ], [ 358631.406258396920748, 6857180.654999393038452 ] ] ] ] } }
]
}
